order_id,customer_id,order_date,order_status,payment_method,payment_status
1,727,2025-09-18,Completed,Debit Card,Pending
2,612,2026-03-20,Completed,Credit Card,Paid
3,990,2025-09-14,Shipped,Net Banking,Failed
4,41,2025-01-12,Pending,Net Banking,Pending
5,502,2025-06-20,Shipped,Credit Card,Paid
6,701,2025-06-27,Cancelled,Debit Card,Failed
7,242,2025-06-04,Cancelled,UPI,Failed
8,900,2025-05-12,Shipped,UPI,Failed
9,287,2026-05-01,Pending,Credit Card,Pending
10,403,2026-04-05,Pending,UPI,Failed
11,534,2025-07-15,Pending,Cash,Paid
12,157,2025-10-21,Shipped,Debit Card,Failed
13,460,2025-06-18,Pending,Credit Card,Failed
14,595,2025-03-12,Pending,Credit Card,Pending
15,723,2025-12-19,Pending,Cash,Paid
16,956,2025-12-02,Pending,Debit Card,Paid
17,546,2025-10-13,Completed,Credit Card,Pending
18,901,2026-03-06,Pending,UPI,Pending
19,997,2026-03-27,Shipped,Cash,Pending
20,764,2025-08-15,Cancelled,Credit Card,Paid
21,135,2025-02-24,Pending,UPI,Failed
22,274,2025-11-12,Pending,Net Banking,Paid
23,704,2025-04-29,Completed,Debit Card,Paid
24,799,2025-12-19,Shipped,Credit Card,Failed
25,620,2026-03-10,Shipped,Debit Card,Paid
26,397,2026-03-13,Shipped,Cash,Paid
27,198,2025-03-25,Pending,UPI,Pending
28,993,2026-01-27,Completed,Debit Card,Pending
29,761,2025-04-24,Pending,Credit Card,Paid
30,950,2025-04-01,Shipped,Net Banking,Pending
31,333,2025-12-19,Shipped,Credit Card,Pending
32,795,2025-07-27,Completed,Net Banking,Failed
33,390,2026-02-27,Cancelled,Cash,Failed
34,761,2026-04-26,Completed,Net Banking,Paid
35,468,2025-08-20,Completed,Credit Card,Failed
36,406,2025-10-03,Completed,Net Banking,Pending
37,784,2025-09-22,Completed,Credit Card,Pending
38,408,2025-08-14,Cancelled,Debit Card,Pending
39,433,2025-03-27,Cancelled,Net Banking,Paid
40,530,2025-12-20,Pending,Cash,Failed
41,93,2025-08-20,Completed,Credit Card,Failed
42,916,2026-04-26,Pending,Cash,Pending
43,462,2025-06-15,Completed,Credit Card,Pending
44,919,2025-10-30,Pending,Cash,Paid
45,332,2025-05-09,Pending,UPI,Paid
46,724,2025-02-28,Shipped,Debit Card,Paid
47,725,2025-09-26,Shipped,Net Banking,Failed
48,164,2026-05-02,Shipped,Net Banking,Pending
49,787,2025-01-23,Pending,Debit Card,Failed
50,676,2026-03-23,Pending,Credit Card,Paid
51,788,2025-04-02,Completed,Cash,Pending
52,748,2025-06-08,Shipped,Debit Card,Failed
53,121,2025-04-03,Pending,Credit Card,Paid
54,784,2025-11-15,Cancelled,UPI,Pending
55,876,2025-09-12,Shipped,Net Banking,Paid
56,904,2025-11-08,Shipped,Credit Card,Paid
57,676,2025-10-29,Shipped,Cash,Pending
58,82,2025-08-15,Completed,Credit Card,Failed
59,635,2025-05-23,Pending,UPI,Paid
60,57,2025-03-17,Cancelled,UPI,Paid
61,34,2026-03-14,Cancelled,Debit Card,Paid
62,112,2025-01-26,Shipped,Credit Card,Paid
63,292,2025-12-11,Pending,Cash,Failed
64,369,2025-10-24,Completed,UPI,Pending
65,378,2025-06-15,Shipped,UPI,Pending
66,564,2026-03-08,Completed,Debit Card,Pending
67,125,2025-03-10,Cancelled,Debit Card,Failed
68,538,2025-07-31,Pending,Credit Card,Failed
69,112,2025-01-30,Completed,Cash,Failed
70,620,2025-12-19,Cancelled,Cash,Failed
71,325,2026-03-11,Cancelled,Net Banking,Failed
72,363,2025-11-16,Pending,Net Banking,Failed
73,533,2025-09-12,Shipped,Cash,Paid
74,625,2026-03-29,Pending,Debit Card,Paid
75,122,2025-01-01,Completed,Cash,Failed
76,121,2026-02-12,Pending,Net Banking,Pending
77,47,2025-07-31,Cancelled,Debit Card,Failed
78,653,2026-02-17,Pending,UPI,Failed
79,707,2025-04-14,Cancelled,Debit Card,Paid
80,308,2025-06-07,Cancelled,UPI,Paid
81,342,2025-12-18,Cancelled,Cash,Failed
82,631,2025-10-19,Completed,Credit Card,Paid
83,854,2025-06-19,Cancelled,Cash,Pending
84,37,2026-02-13,Pending,Cash,Paid
85,472,2025-11-18,Cancelled,Cash,Pending
86,761,2026-04-21,Completed,Net Banking,Pending
87,743,2025-10-17,Cancelled,Net Banking,Failed
88,214,2025-01-10,Cancelled,Debit Card,Paid
89,153,2026-05-12,Cancelled,UPI,Pending
90,642,2025-07-12,Pending,Net Banking,Failed
91,192,2025-07-19,Completed,Debit Card,Failed
92,323,2026-03-16,Completed,Debit Card,Pending
93,509,2025-02-14,Pending,Debit Card,Pending
94,974,2026-03-01,Cancelled,Credit Card,Failed
95,180,2025-06-04,Completed,Debit Card,Paid
96,207,2026-02-03,Completed,Cash,Failed
97,819,2025-01-13,Shipped,Net Banking,Paid
98,349,2025-04-08,Shipped,Net Banking,Pending
99,336,2026-02-02,Pending,UPI,Failed
100,136,2025-12-13,Pending,UPI,Pending
101,731,2025-07-18,Completed,UPI,Pending
102,46,2026-04-23,Completed,Debit Card,Pending
103,48,2026-04-01,Completed,Net Banking,Failed
104,320,2026-01-17,Completed,Net Banking,Pending
105,914,2025-11-24,Pending,Debit Card,Paid
106,294,2025-04-09,Cancelled,Net Banking,Pending
107,452,2026-01-31,Completed,Debit Card,Paid
108,281,2025-03-22,Completed,UPI,Failed
109,527,2025-10-14,Completed,Credit Card,Failed
110,563,2025-06-29,Cancelled,Debit Card,Paid
111,722,2026-04-28,Cancelled,Net Banking,Paid
112,73,2025-03-29,Cancelled,Net Banking,Pending
113,455,2025-10-04,Completed,Credit Card,Paid
114,925,2025-08-30,Completed,UPI,Pending
115,89,2025-01-28,Shipped,Cash,Paid
116,611,2025-12-27,Shipped,Net Banking,Pending
117,341,2025-06-09,Pending,Net Banking,Paid
118,945,2026-05-14,Shipped,Net Banking,Paid
119,833,2025-02-17,Shipped,UPI,Pending
120,701,2025-06-08,Shipped,Cash,Paid
121,230,2026-05-01,Pending,Net Banking,Pending
122,373,2026-04-13,Shipped,Credit Card,Failed
123,682,2026-04-15,Cancelled,Debit Card,Pending
124,31,2025-09-07,Completed,Cash,Paid
125,491,2025-06-29,Shipped,Credit Card,Pending
126,357,2026-01-29,Pending,Net Banking,Paid
127,838,2025-07-27,Completed,Debit Card,Failed
128,73,2025-11-29,Cancelled,Net Banking,Pending
129,605,2025-07-25,Shipped,Credit Card,Failed
130,562,2025-05-05,Pending,Cash,Pending
131,349,2025-02-03,Pending,Net Banking,Pending
132,446,2026-02-06,Cancelled,Net Banking,Failed
133,178,2025-05-01,Completed,Net Banking,Pending
134,607,2025-02-28,Shipped,Debit Card,Failed
135,842,2025-02-19,Shipped,Credit Card,Pending
136,416,2026-05-05,Completed,Net Banking,Paid
137,834,2025-12-17,Shipped,Debit Card,Pending
138,677,2025-11-27,Completed,UPI,Paid
139,143,2026-02-23,Completed,Credit Card,Failed
140,464,2025-03-18,Cancelled,Cash,Failed
141,458,2025-10-23,Pending,Credit Card,Failed
142,325,2026-03-26,Cancelled,Net Banking,Failed
143,941,2025-06-05,Shipped,Debit Card,Paid
144,9,2025-10-26,Shipped,Credit Card,Pending
145,379,2025-02-01,Completed,UPI,Failed
146,841,2025-10-14,Cancelled,UPI,Pending
147,32,2026-03-20,Pending,Cash,Failed
148,404,2025-10-30,Cancelled,Cash,Pending
149,446,2025-07-15,Pending,Credit Card,Pending
150,193,2025-03-13,Shipped,Debit Card,Pending
151,296,2025-03-20,Pending,Credit Card,Paid
152,664,2025-02-06,Completed,Credit Card,Failed
153,499,2026-03-30,Shipped,Credit Card,Paid
154,658,2025-03-12,Shipped,Cash,Failed
155,953,2025-11-06,Shipped,Net Banking,Paid
156,522,2025-08-21,Shipped,Net Banking,Pending
157,364,2025-07-16,Pending,Credit Card,Pending
158,8,2025-11-06,Shipped,Credit Card,Failed
159,276,2025-09-14,Shipped,Net Banking,Failed
160,35,2025-07-07,Completed,Net Banking,Pending
161,378,2025-12-27,Completed,Net Banking,Pending
162,708,2026-05-08,Completed,Credit Card,Failed
163,540,2026-01-10,Cancelled,Cash,Failed
164,536,2025-02-10,Completed,Credit Card,Pending
165,760,2025-11-19,Completed,Net Banking,Failed
166,628,2025-06-09,Completed,Debit Card,Failed
167,12,2026-02-03,Shipped,Cash,Failed
168,481,2026-04-09,Cancelled,Cash,Pending
169,818,2026-05-07,Cancelled,Debit Card,Paid
170,712,2025-01-19,Cancelled,Net Banking,Pending
171,645,2025-02-01,Shipped,Net Banking,Paid
172,53,2025-10-21,Cancelled,Net Banking,Paid
173,497,2025-05-27,Completed,Credit Card,Failed
174,872,2025-02-09,Cancelled,Debit Card,Paid
175,288,2025-11-12,Cancelled,Debit Card,Paid
176,115,2026-01-15,Pending,Net Banking,Failed
177,675,2025-03-19,Shipped,Debit Card,Paid
178,802,2025-05-14,Pending,Cash,Paid
179,541,2026-02-14,Completed,Debit Card,Paid
180,149,2026-05-11,Pending,Cash,Pending
181,393,2026-01-30,Pending,Cash,Failed
182,172,2025-11-23,Pending,Net Banking,Failed
183,354,2026-03-08,Completed,Debit Card,Paid
184,172,2025-01-27,Shipped,Cash,Pending
185,488,2025-06-04,Pending,Cash,Failed
186,400,2025-12-28,Shipped,Debit Card,Paid
187,892,2025-09-29,Shipped,UPI,Pending
188,817,2026-04-20,Shipped,Cash,Failed
189,985,2025-06-11,Completed,UPI,Failed
190,363,2025-11-23,Shipped,Net Banking,Failed
191,280,2026-03-16,Cancelled,Debit Card,Pending
192,101,2026-02-15,Cancelled,Net Banking,Pending
193,792,2025-08-25,Pending,Net Banking,Paid
194,346,2025-09-24,Pending,Debit Card,Failed
195,689,2025-01-06,Completed,UPI,Paid
196,101,2025-07-30,Completed,Cash,Pending
197,743,2025-04-23,Cancelled,Debit Card,Paid
198,25,2025-01-18,Completed,UPI,Failed
199,916,2025-12-03,Pending,Net Banking,Failed
200,726,2025-03-04,Completed,UPI,Failed
201,385,2025-03-08,Pending,UPI,Failed
202,260,2025-04-05,Cancelled,Cash,Failed
203,78,2026-04-25,Shipped,Debit Card,Pending
204,926,2025-12-21,Cancelled,Debit Card,Paid
205,76,2026-02-04,Cancelled,UPI,Pending
206,341,2025-07-18,Completed,Debit Card,Pending
207,452,2025-04-02,Completed,Cash,Paid
208,403,2025-11-09,Pending,Cash,Paid
209,554,2025-03-15,Shipped,Credit Card,Failed
210,109,2025-11-26,Shipped,Debit Card,Paid
211,75,2025-01-18,Completed,Net Banking,Failed
212,796,2025-05-09,Shipped,UPI,Pending
213,669,2025-03-18,Completed,UPI,Failed
214,273,2025-07-19,Pending,Debit Card,Pending
215,4,2025-10-22,Shipped,Cash,Pending
216,865,2025-07-26,Completed,Net Banking,Paid
217,394,2025-01-02,Shipped,UPI,Failed
218,958,2025-10-02,Cancelled,Debit Card,Failed
219,411,2025-06-05,Completed,UPI,Pending
220,874,2025-10-01,Cancelled,UPI,Pending
221,785,2026-01-25,Cancelled,Credit Card,Paid
222,41,2025-10-11,Shipped,Credit Card,Pending
223,400,2025-12-23,Completed,Debit Card,Pending
224,907,2025-02-13,Shipped,Credit Card,Paid
225,198,2025-01-19,Completed,Net Banking,Paid
226,399,2025-09-08,Completed,Net Banking,Failed
227,512,2025-06-07,Shipped,UPI,Paid
228,58,2025-06-23,Cancelled,UPI,Pending
229,217,2025-03-02,Shipped,Net Banking,Paid
230,594,2026-01-15,Pending,UPI,Paid
231,145,2026-01-12,Shipped,UPI,Pending
232,941,2026-04-10,Completed,Credit Card,Failed
233,134,2025-11-29,Completed,Credit Card,Failed
234,927,2025-01-26,Cancelled,UPI,Pending
235,175,2025-11-09,Completed,UPI,Paid
236,610,2025-09-12,Pending,UPI,Paid
237,346,2025-08-07,Shipped,Debit Card,Paid
238,701,2026-05-15,Pending,Debit Card,Paid
239,47,2026-01-27,Pending,Debit Card,Paid
240,281,2025-03-03,Pending,Cash,Paid
241,379,2025-12-23,Pending,Cash,Paid
242,596,2026-04-19,Completed,Credit Card,Paid
243,868,2026-02-10,Shipped,Credit Card,Paid
244,499,2026-03-27,Completed,UPI,Paid
245,949,2025-04-02,Completed,Net Banking,Pending
246,711,2025-08-02,Shipped,Credit Card,Paid
247,656,2025-03-15,Cancelled,Net Banking,Pending
248,245,2025-07-30,Pending,Net Banking,Failed
249,611,2025-01-20,Pending,Cash,Failed
250,91,2026-05-02,Cancelled,Debit Card,Pending
251,572,2025-01-03,Pending,Credit Card,Paid
252,98,2025-09-29,Cancelled,Net Banking,Failed
253,476,2025-04-23,Pending,Debit Card,Paid
254,116,2025-04-10,Pending,Cash,Pending
255,164,2025-04-01,Completed,UPI,Failed
256,292,2025-07-06,Pending,Cash,Pending
257,632,2025-06-21,Shipped,UPI,Paid
258,54,2026-01-15,Pending,Credit Card,Paid
259,528,2025-09-06,Completed,UPI,Paid
260,456,2026-01-05,Cancelled,Cash,Paid
261,694,2026-01-18,Cancelled,Credit Card,Paid
262,234,2025-06-16,Completed,Credit Card,Failed
263,891,2025-07-31,Pending,Cash,Paid
264,483,2025-02-07,Shipped,UPI,Pending
265,222,2025-03-16,Shipped,Credit Card,Pending
266,140,2025-07-11,Shipped,Credit Card,Failed
267,999,2025-07-03,Cancelled,Credit Card,Pending
268,33,2025-03-07,Completed,Debit Card,Paid
269,873,2025-02-26,Shipped,Cash,Pending
270,779,2025-03-29,Cancelled,Credit Card,Pending
271,161,2025-11-06,Pending,Net Banking,Failed
272,236,2026-03-14,Completed,Cash,Failed
273,883,2025-09-08,Pending,Net Banking,Pending
274,474,2026-03-05,Cancelled,UPI,Failed
275,754,2025-08-08,Pending,Credit Card,Pending
276,594,2025-08-11,Pending,Net Banking,Paid
277,588,2026-04-13,Completed,Cash,Paid
278,482,2025-01-21,Completed,Cash,Failed
279,491,2025-07-21,Completed,Cash,Pending
280,86,2025-05-04,Completed,Cash,Paid
281,368,2025-03-09,Cancelled,Credit Card,Failed
282,17,2025-02-16,Shipped,Debit Card,Paid
283,471,2025-12-27,Completed,Cash,Pending
284,142,2026-01-31,Shipped,Credit Card,Pending
285,476,2025-11-17,Completed,UPI,Pending
286,708,2026-04-03,Cancelled,Net Banking,Paid
287,437,2025-06-01,Cancelled,Net Banking,Failed
288,814,2025-10-22,Pending,UPI,Failed
289,344,2026-03-27,Completed,Net Banking,Failed
290,910,2025-07-06,Completed,UPI,Pending
291,477,2025-07-07,Completed,Debit Card,Pending
292,664,2025-03-31,Completed,Net Banking,Failed
293,210,2026-02-01,Pending,Debit Card,Paid
294,117,2025-10-04,Shipped,Net Banking,Failed
295,772,2025-04-18,Pending,Debit Card,Pending
296,274,2026-04-05,Shipped,Debit Card,Paid
297,382,2025-02-02,Cancelled,Cash,Pending
298,540,2025-09-14,Completed,Cash,Failed
299,695,2025-09-30,Cancelled,Cash,Failed
300,820,2025-07-08,Completed,Credit Card,Pending
301,83,2025-02-14,Shipped,Credit Card,Pending
302,980,2026-05-06,Completed,UPI,Paid
303,115,2025-05-22,Pending,Cash,Paid
304,210,2026-03-24,Completed,Debit Card,Pending
305,699,2026-05-12,Pending,Cash,Pending
306,455,2025-08-04,Completed,Debit Card,Paid
307,23,2025-02-02,Pending,Net Banking,Failed
308,422,2025-06-21,Cancelled,Debit Card,Pending
309,682,2025-10-31,Shipped,Cash,Pending
310,136,2025-10-18,Cancelled,Credit Card,Pending
311,496,2025-04-27,Cancelled,Debit Card,Paid
312,362,2025-03-17,Cancelled,Cash,Paid
313,947,2025-11-13,Pending,Net Banking,Pending
314,997,2025-04-04,Pending,Credit Card,Paid
315,120,2025-05-02,Completed,Debit Card,Failed
316,452,2025-03-06,Cancelled,Debit Card,Paid
317,576,2025-04-16,Completed,Debit Card,Pending
318,382,2025-03-17,Shipped,Net Banking,Paid
319,309,2025-10-01,Completed,UPI,Pending
320,512,2026-04-22,Pending,Cash,Pending
321,5,2025-03-21,Cancelled,Debit Card,Pending
322,297,2026-04-04,Pending,Net Banking,Failed
323,945,2026-04-10,Shipped,Debit Card,Failed
324,750,2025-02-27,Shipped,UPI,Paid
325,565,2025-12-14,Completed,Debit Card,Paid
326,633,2025-07-25,Pending,Cash,Pending
327,335,2025-02-17,Completed,Net Banking,Failed
328,598,2025-04-10,Pending,Debit Card,Paid
329,86,2025-01-12,Shipped,UPI,Failed
330,200,2025-07-21,Shipped,Debit Card,Failed
331,524,2025-11-06,Completed,Debit Card,Pending
332,734,2025-03-17,Shipped,Debit Card,Pending
333,13,2025-07-10,Cancelled,Debit Card,Pending
334,457,2025-06-07,Completed,Credit Card,Failed
335,455,2026-03-31,Shipped,Cash,Pending
336,826,2025-03-25,Shipped,Cash,Paid
337,602,2026-03-04,Completed,Credit Card,Paid
338,487,2025-06-05,Cancelled,UPI,Failed
339,385,2026-01-23,Completed,UPI,Pending
340,937,2025-11-24,Cancelled,Cash,Paid
341,474,2025-10-12,Pending,Credit Card,Paid
342,391,2026-03-03,Cancelled,Net Banking,Pending
343,843,2025-01-22,Cancelled,Net Banking,Pending
344,573,2025-09-10,Shipped,Credit Card,Paid
345,3,2026-02-10,Pending,Debit Card,Pending
346,656,2026-05-05,Shipped,UPI,Failed
347,915,2025-12-07,Cancelled,Cash,Paid
348,929,2025-09-09,Pending,UPI,Paid
349,284,2026-01-27,Shipped,UPI,Failed
350,371,2026-01-17,Shipped,Net Banking,Pending
351,265,2026-03-21,Shipped,UPI,Pending
352,751,2025-09-20,Completed,Debit Card,Paid
353,60,2025-10-25,Pending,Debit Card,Pending
354,710,2026-03-26,Pending,Debit Card,Paid
355,280,2025-01-28,Cancelled,Cash,Failed
356,979,2026-04-12,Cancelled,UPI,Pending
357,543,2025-05-30,Completed,Net Banking,Paid
358,644,2026-01-28,Pending,UPI,Failed
359,172,2026-01-21,Cancelled,Debit Card,Failed
360,309,2026-02-14,Cancelled,Debit Card,Paid
361,594,2025-10-01,Cancelled,Credit Card,Paid
362,531,2025-03-12,Cancelled,Debit Card,Pending
363,349,2025-07-30,Pending,UPI,Paid
364,516,2025-03-21,Pending,Credit Card,Failed
365,707,2025-11-11,Completed,Cash,Pending
366,79,2026-04-15,Completed,Credit Card,Paid
367,357,2025-09-03,Cancelled,Debit Card,Paid
368,453,2026-02-23,Cancelled,Credit Card,Failed
369,30,2025-06-05,Completed,Credit Card,Paid
370,711,2026-03-15,Pending,Credit Card,Pending
371,215,2025-03-06,Pending,UPI,Pending
372,782,2025-12-20,Completed,UPI,Paid
373,496,2026-02-01,Shipped,UPI,Paid
374,34,2025-02-25,Completed,Cash,Paid
375,260,2026-04-11,Completed,UPI,Pending
376,11,2025-12-08,Completed,UPI,Failed
377,602,2025-04-16,Pending,Credit Card,Failed
378,30,2025-06-29,Completed,Credit Card,Failed
379,285,2026-04-28,Cancelled,Debit Card,Paid
380,513,2026-03-14,Pending,Net Banking,Failed
381,102,2025-02-04,Completed,Net Banking,Paid
382,197,2026-01-02,Cancelled,Credit Card,Failed
383,997,2025-01-03,Completed,Credit Card,Failed
384,725,2026-03-12,Shipped,Debit Card,Failed
385,190,2025-10-29,Shipped,UPI,Paid
386,364,2026-03-04,Shipped,Cash,Paid
387,234,2025-09-21,Shipped,UPI,Pending
388,478,2025-03-05,Completed,Net Banking,Paid
389,781,2025-09-11,Cancelled,Debit Card,Failed
390,42,2026-01-05,Completed,Debit Card,Pending
391,395,2025-03-01,Cancelled,Cash,Failed
392,320,2026-01-12,Shipped,Credit Card,Failed
393,298,2025-07-28,Shipped,Credit Card,Paid
394,862,2026-04-04,Shipped,Debit Card,Paid
395,691,2025-01-07,Shipped,UPI,Pending
396,536,2025-08-13,Completed,UPI,Paid
397,411,2025-07-22,Completed,Credit Card,Paid
398,999,2025-07-06,Pending,Debit Card,Paid
399,865,2025-11-01,Shipped,UPI,Paid
400,435,2026-03-06,Shipped,Debit Card,Failed
401,596,2026-01-28,Cancelled,Cash,Pending
402,683,2025-09-01,Shipped,Cash,Failed
403,151,2025-05-23,Shipped,UPI,Paid
404,502,2025-05-09,Shipped,Credit Card,Failed
405,138,2026-04-28,Completed,UPI,Failed
406,851,2025-01-28,Completed,Cash,Failed
407,996,2025-01-14,Pending,Cash,Failed
408,335,2025-12-14,Pending,Debit Card,Failed
409,99,2025-11-16,Completed,Net Banking,Pending
410,478,2026-02-10,Pending,Debit Card,Failed
411,503,2025-09-12,Cancelled,Net Banking,Pending
412,881,2026-02-19,Completed,UPI,Pending
413,937,2026-03-27,Completed,Cash,Pending
414,874,2025-06-11,Shipped,Cash,Pending
415,34,2025-01-19,Pending,Net Banking,Failed
416,799,2026-03-17,Cancelled,Credit Card,Pending
417,138,2025-08-09,Cancelled,Cash,Pending
418,113,2026-01-27,Shipped,Net Banking,Failed
419,586,2025-10-04,Shipped,Cash,Failed
420,161,2026-03-14,Completed,Cash,Pending
421,606,2025-09-11,Shipped,Net Banking,Failed
422,785,2025-06-30,Cancelled,Debit Card,Paid
423,605,2025-01-15,Completed,Credit Card,Pending
424,829,2025-06-28,Completed,Debit Card,Pending
425,439,2025-02-19,Cancelled,Debit Card,Pending
426,58,2025-06-29,Pending,Credit Card,Paid
427,320,2025-11-28,Completed,UPI,Pending
428,346,2025-02-28,Pending,UPI,Failed
429,39,2025-06-16,Shipped,Cash,Failed
430,924,2025-09-21,Shipped,Debit Card,Paid
431,481,2025-12-23,Completed,Debit Card,Pending
432,400,2025-10-20,Cancelled,Net Banking,Paid
433,501,2026-02-18,Completed,Credit Card,Pending
434,515,2025-09-12,Cancelled,Credit Card,Failed
435,373,2025-06-03,Shipped,Credit Card,Pending
436,868,2025-11-22,Completed,Net Banking,Paid
437,272,2025-05-28,Completed,Debit Card,Failed
438,824,2025-07-25,Pending,Net Banking,Failed
439,95,2026-05-06,Completed,Net Banking,Pending
440,69,2025-05-20,Shipped,Cash,Paid
441,815,2025-06-27,Completed,Debit Card,Failed
442,308,2026-02-16,Shipped,Net Banking,Pending
443,425,2025-04-13,Shipped,Debit Card,Failed
444,465,2025-09-21,Pending,UPI,Failed
445,529,2025-12-27,Pending,Net Banking,Pending
446,677,2025-04-20,Shipped,Debit Card,Failed
447,829,2025-09-30,Shipped,Net Banking,Failed
448,62,2025-11-17,Pending,Debit Card,Pending
449,247,2025-03-17,Pending,Debit Card,Pending
450,327,2025-07-30,Completed,Credit Card,Pending
451,844,2025-05-17,Cancelled,Credit Card,Pending
452,616,2025-12-18,Pending,Cash,Paid
453,154,2025-02-28,Pending,UPI,Paid
454,848,2026-02-13,Cancelled,Cash,Pending
455,447,2025-10-14,Shipped,UPI,Paid
456,280,2025-03-23,Pending,UPI,Pending
457,823,2026-02-09,Cancelled,Net Banking,Paid
458,873,2025-11-26,Completed,Cash,Paid
459,881,2025-01-29,Completed,Debit Card,Failed
460,888,2025-06-02,Completed,Cash,Pending
461,674,2025-12-10,Completed,Cash,Failed
462,144,2026-03-08,Pending,UPI,Failed
463,513,2026-01-12,Completed,Net Banking,Failed
464,595,2026-03-01,Cancelled,Cash,Paid
465,615,2025-05-02,Completed,Debit Card,Pending
466,599,2026-03-03,Shipped,Credit Card,Pending
467,148,2025-04-22,Completed,Credit Card,Paid
468,282,2026-05-12,Shipped,Cash,Pending
469,604,2026-03-18,Completed,Cash,Failed
470,717,2025-07-11,Completed,Debit Card,Failed
471,487,2025-08-05,Pending,Debit Card,Paid
472,487,2025-07-05,Cancelled,Debit Card,Paid
473,991,2025-11-27,Completed,UPI,Failed
474,808,2026-04-15,Pending,Debit Card,Failed
475,317,2025-07-16,Cancelled,UPI,Failed
476,243,2026-03-20,Shipped,Cash,Paid
477,984,2026-04-11,Shipped,Debit Card,Pending
478,959,2025-02-16,Pending,Debit Card,Paid
479,912,2026-03-17,Pending,Cash,Failed
480,901,2025-06-12,Shipped,UPI,Pending
481,83,2026-03-20,Shipped,Cash,Failed
482,949,2025-07-31,Cancelled,Cash,Paid
483,165,2026-02-27,Cancelled,Net Banking,Paid
484,431,2025-06-30,Cancelled,Cash,Failed
485,781,2025-01-15,Completed,Credit Card,Failed
486,811,2025-08-16,Pending,UPI,Pending
487,644,2025-04-13,Cancelled,Debit Card,Failed
488,114,2025-02-12,Pending,Credit Card,Failed
489,993,2026-01-01,Pending,Net Banking,Failed
490,812,2025-07-30,Cancelled,Cash,Pending
491,753,2026-03-24,Pending,Debit Card,Paid
492,608,2025-12-18,Cancelled,Debit Card,Paid
493,425,2025-02-13,Cancelled,Credit Card,Pending
494,387,2026-03-25,Pending,UPI,Paid
495,572,2026-04-18,Pending,UPI,Pending
496,269,2025-04-12,Pending,UPI,Pending
497,440,2025-11-13,Cancelled,Credit Card,Paid
498,377,2026-05-06,Pending,Net Banking,Paid
499,736,2025-01-08,Shipped,Cash,Failed
500,122,2025-09-11,Pending,Credit Card,Paid
501,883,2026-04-30,Cancelled,Debit Card,Failed
502,392,2025-09-11,Pending,Cash,Paid
503,221,2025-11-04,Cancelled,Credit Card,Pending
504,419,2025-04-03,Pending,UPI,Pending
505,269,2026-05-15,Pending,Net Banking,Pending
506,255,2026-04-10,Cancelled,Net Banking,Failed
507,470,2025-11-28,Completed,UPI,Pending
508,893,2025-03-10,Cancelled,Cash,Failed
509,731,2025-04-19,Shipped,Cash,Failed
510,263,2025-11-02,Completed,UPI,Failed
511,54,2025-01-31,Cancelled,Credit Card,Pending
512,363,2026-04-11,Completed,UPI,Pending
513,635,2025-09-16,Shipped,Debit Card,Pending
514,380,2025-12-10,Pending,Net Banking,Paid
515,184,2025-10-25,Cancelled,Credit Card,Failed
516,953,2025-09-10,Cancelled,Cash,Paid
517,325,2025-02-15,Shipped,Credit Card,Pending
518,321,2025-03-01,Completed,Credit Card,Pending
519,997,2026-03-23,Cancelled,Debit Card,Pending
520,925,2025-05-25,Cancelled,Net Banking,Pending
521,321,2025-09-22,Shipped,Credit Card,Pending
522,504,2026-01-13,Pending,Net Banking,Failed
523,818,2025-11-22,Shipped,UPI,Paid
524,56,2025-03-18,Pending,Credit Card,Paid
525,267,2025-08-29,Pending,Cash,Pending
526,917,2025-03-01,Shipped,UPI,Pending
527,727,2025-07-02,Shipped,Cash,Pending
528,867,2025-02-27,Pending,UPI,Pending
529,209,2025-02-17,Cancelled,Credit Card,Paid
530,521,2026-01-19,Cancelled,Net Banking,Failed
531,218,2025-10-27,Completed,Net Banking,Failed
532,427,2025-04-03,Completed,Credit Card,Pending
533,97,2025-12-13,Cancelled,UPI,Pending
534,697,2025-12-15,Completed,Cash,Pending
535,952,2025-10-30,Completed,Debit Card,Paid
536,84,2025-01-15,Shipped,Cash,Pending
537,979,2025-11-18,Cancelled,Net Banking,Failed
538,338,2025-01-03,Completed,Net Banking,Pending
539,971,2025-06-16,Pending,Credit Card,Paid
540,660,2026-02-15,Cancelled,Debit Card,Paid
541,73,2026-01-16,Shipped,UPI,Pending
542,183,2025-05-11,Pending,Cash,Paid
543,873,2025-01-11,Pending,Credit Card,Pending
544,413,2026-02-04,Cancelled,Credit Card,Paid
545,503,2025-06-02,Shipped,Debit Card,Failed
546,135,2025-11-05,Cancelled,UPI,Pending
547,205,2025-09-20,Shipped,Cash,Pending
548,275,2025-09-01,Shipped,UPI,Pending
549,378,2026-02-20,Pending,Cash,Failed
550,96,2025-08-07,Completed,Net Banking,Pending
551,475,2026-05-14,Pending,Credit Card,Pending
552,645,2025-09-27,Completed,Debit Card,Pending
553,82,2025-08-12,Shipped,Debit Card,Paid
554,701,2025-03-07,Cancelled,Credit Card,Failed
555,303,2025-08-07,Completed,Net Banking,Paid
556,47,2026-04-15,Completed,Net Banking,Pending
557,97,2025-07-31,Shipped,Net Banking,Pending
558,261,2025-07-01,Completed,Net Banking,Paid
559,759,2025-02-28,Shipped,Credit Card,Paid
560,403,2026-03-08,Completed,UPI,Pending
561,722,2026-03-25,Cancelled,Debit Card,Failed
562,466,2026-01-06,Shipped,Net Banking,Pending
563,990,2025-06-24,Pending,Credit Card,Paid
564,765,2025-02-10,Cancelled,UPI,Pending
565,19,2025-10-01,Completed,Cash,Paid
566,176,2025-01-07,Shipped,Cash,Failed
567,890,2025-07-27,Shipped,Debit Card,Failed
568,998,2026-02-21,Cancelled,Cash,Pending
569,129,2025-02-14,Pending,UPI,Paid
570,836,2025-02-27,Completed,Credit Card,Paid
571,493,2025-04-18,Pending,Credit Card,Pending
572,642,2026-03-08,Pending,UPI,Pending
573,475,2026-01-30,Pending,Cash,Pending
574,120,2025-01-12,Pending,Credit Card,Failed
575,456,2025-12-26,Shipped,Cash,Paid
576,461,2026-03-17,Pending,Credit Card,Pending
577,850,2025-10-19,Shipped,UPI,Pending
578,106,2025-01-05,Shipped,Cash,Pending
579,593,2026-01-13,Cancelled,UPI,Pending
580,498,2025-07-24,Shipped,Credit Card,Failed
581,541,2025-02-01,Completed,Cash,Failed
582,567,2025-06-11,Completed,Debit Card,Failed
583,911,2025-08-02,Shipped,UPI,Pending
584,962,2025-11-15,Cancelled,Cash,Failed
585,22,2025-08-12,Pending,Debit Card,Failed
586,481,2025-04-09,Cancelled,Cash,Paid
587,225,2025-09-17,Cancelled,Net Banking,Failed
588,480,2025-12-03,Pending,Debit Card,Failed
589,400,2025-12-31,Shipped,Debit Card,Pending
590,995,2026-02-14,Pending,Net Banking,Paid
591,708,2025-05-25,Completed,Cash,Paid
592,205,2025-03-30,Pending,Net Banking,Pending
593,813,2025-02-21,Shipped,Cash,Pending
594,215,2025-05-01,Completed,UPI,Pending
595,268,2026-03-28,Cancelled,Credit Card,Paid
596,881,2026-02-28,Completed,UPI,Pending
597,117,2025-08-09,Pending,UPI,Failed
598,499,2025-04-25,Cancelled,Debit Card,Pending
599,48,2026-01-29,Cancelled,Credit Card,Failed
600,528,2026-03-24,Completed,UPI,Pending
601,469,2026-02-14,Completed,UPI,Failed
602,801,2025-11-09,Completed,Net Banking,Paid
603,108,2025-09-17,Pending,UPI,Paid
604,371,2026-04-12,Pending,Debit Card,Failed
605,781,2025-08-15,Shipped,UPI,Paid
606,373,2025-11-28,Cancelled,Credit Card,Paid
607,207,2026-03-11,Shipped,Cash,Paid
608,855,2025-05-06,Shipped,Debit Card,Pending
609,176,2025-09-16,Completed,Debit Card,Pending
610,773,2026-01-02,Shipped,Debit Card,Failed
611,252,2025-12-07,Pending,Net Banking,Pending
612,234,2026-02-08,Pending,Cash,Pending
613,420,2026-04-16,Shipped,Net Banking,Failed
614,967,2025-07-05,Completed,Cash,Paid
615,11,2026-01-30,Completed,UPI,Pending
616,412,2025-06-11,Pending,Cash,Paid
617,778,2025-07-21,Completed,Credit Card,Failed
618,647,2025-01-30,Cancelled,Cash,Pending
619,698,2026-03-30,Cancelled,Debit Card,Pending
620,847,2025-01-05,Cancelled,Net Banking,Failed
621,151,2026-04-17,Shipped,Cash,Failed
622,909,2025-04-16,Shipped,Debit Card,Failed
623,795,2025-07-27,Pending,Debit Card,Paid
624,551,2025-01-19,Cancelled,Cash,Failed
625,758,2026-01-04,Pending,Net Banking,Failed
626,219,2025-05-26,Completed,Net Banking,Failed
627,534,2025-06-09,Cancelled,Credit Card,Paid
628,912,2025-01-15,Cancelled,Credit Card,Pending
629,433,2026-01-07,Completed,UPI,Pending
630,643,2025-05-13,Cancelled,UPI,Paid
631,667,2026-01-23,Completed,Cash,Pending
632,755,2025-10-21,Completed,Cash,Pending
633,825,2025-05-01,Pending,Debit Card,Pending
634,683,2025-05-26,Pending,Cash,Failed
635,254,2026-01-13,Completed,Debit Card,Failed
636,198,2025-10-26,Cancelled,Cash,Paid
637,729,2025-03-17,Shipped,Cash,Paid
638,64,2025-02-17,Shipped,Credit Card,Pending
639,457,2025-04-20,Completed,Debit Card,Failed
640,413,2025-09-27,Shipped,Debit Card,Failed
641,652,2025-09-13,Shipped,Cash,Failed
642,971,2026-04-22,Shipped,Cash,Paid
643,518,2025-03-15,Pending,Cash,Failed
644,133,2025-08-23,Completed,Credit Card,Pending
645,34,2025-08-31,Pending,Net Banking,Pending
646,975,2026-04-17,Completed,Net Banking,Pending
647,124,2025-02-26,Cancelled,Net Banking,Pending
648,536,2025-01-21,Pending,UPI,Pending
649,384,2025-06-06,Cancelled,Debit Card,Pending
650,811,2025-01-15,Pending,Credit Card,Failed
651,50,2025-08-04,Cancelled,Debit Card,Paid
652,839,2025-04-04,Shipped,UPI,Paid
653,358,2025-10-08,Completed,UPI,Pending
654,587,2025-09-04,Cancelled,Net Banking,Pending
655,346,2026-04-06,Shipped,Cash,Failed
656,621,2026-03-03,Pending,Credit Card,Failed
657,472,2025-11-22,Shipped,Cash,Paid
658,746,2026-03-20,Cancelled,UPI,Failed
659,639,2025-12-07,Shipped,Cash,Paid
660,405,2026-04-06,Cancelled,Net Banking,Paid
661,687,2026-05-06,Shipped,Debit Card,Failed
662,887,2025-02-15,Pending,UPI,Failed
663,816,2025-11-19,Cancelled,Net Banking,Failed
664,660,2025-03-05,Completed,Credit Card,Failed
665,591,2025-10-05,Completed,Net Banking,Failed
666,769,2025-04-07,Shipped,Net Banking,Paid
667,675,2025-03-03,Pending,UPI,Pending
668,211,2026-02-07,Pending,Net Banking,Pending
669,827,2025-02-13,Cancelled,Cash,Failed
670,504,2025-01-24,Completed,Debit Card,Pending
671,425,2025-04-03,Completed,Net Banking,Pending
672,264,2025-07-15,Completed,UPI,Paid
673,173,2025-10-05,Cancelled,Credit Card,Paid
674,787,2025-05-11,Completed,Credit Card,Pending
675,418,2026-05-03,Pending,UPI,Failed
676,334,2026-05-08,Pending,UPI,Failed
677,306,2025-01-30,Shipped,UPI,Pending
678,423,2025-03-14,Cancelled,Debit Card,Pending
679,848,2026-04-28,Completed,UPI,Paid
680,771,2025-05-03,Pending,Cash,Failed
681,517,2026-01-21,Shipped,UPI,Pending
682,326,2025-02-01,Shipped,Net Banking,Pending
683,496,2025-02-03,Completed,Cash,Failed
684,936,2025-04-30,Completed,Debit Card,Failed
685,601,2026-05-09,Completed,Credit Card,Failed
686,805,2025-11-30,Pending,Debit Card,Failed
687,457,2025-07-28,Completed,Net Banking,Paid
688,992,2026-02-05,Pending,Debit Card,Failed
689,801,2025-03-28,Pending,Net Banking,Pending
690,934,2026-05-08,Shipped,UPI,Paid
691,476,2026-02-21,Cancelled,Credit Card,Paid
692,956,2025-01-31,Shipped,Debit Card,Failed
693,860,2025-05-09,Shipped,Debit Card,Failed
694,600,2025-04-19,Cancelled,UPI,Paid
695,547,2026-01-14,Completed,Debit Card,Paid
696,716,2025-07-22,Completed,Credit Card,Failed
697,287,2025-10-12,Shipped,Credit Card,Failed
698,981,2025-09-16,Cancelled,Debit Card,Failed
699,771,2025-05-14,Shipped,Debit Card,Paid
700,330,2025-12-06,Cancelled,Credit Card,Pending
701,614,2026-05-07,Cancelled,UPI,Failed
702,662,2025-03-10,Completed,Net Banking,Pending
703,924,2025-01-03,Completed,Credit Card,Pending
704,917,2025-10-12,Shipped,Cash,Failed
705,807,2025-02-11,Completed,Net Banking,Paid
706,853,2026-04-02,Shipped,UPI,Pending
707,833,2026-05-13,Shipped,Net Banking,Pending
708,182,2025-07-18,Completed,UPI,Pending
709,959,2025-07-09,Pending,Cash,Paid
710,761,2025-04-24,Completed,Debit Card,Failed
711,727,2026-04-17,Cancelled,Credit Card,Paid
712,629,2026-02-22,Cancelled,Credit Card,Paid
713,991,2025-09-10,Cancelled,UPI,Pending
714,927,2025-09-10,Pending,UPI,Paid
715,654,2026-02-25,Shipped,UPI,Pending
716,513,2025-10-19,Shipped,Credit Card,Failed
717,676,2025-04-10,Pending,UPI,Failed
718,764,2025-03-07,Completed,Credit Card,Pending
719,584,2026-04-23,Pending,Net Banking,Failed
720,281,2026-02-05,Pending,UPI,Failed
721,546,2025-12-14,Cancelled,Net Banking,Pending
722,961,2025-01-02,Shipped,UPI,Pending
723,865,2025-08-10,Shipped,Debit Card,Paid
724,531,2025-12-15,Shipped,Cash,Pending
725,778,2025-09-22,Completed,Credit Card,Paid
726,941,2025-05-23,Shipped,Net Banking,Pending
727,6,2025-06-11,Shipped,Credit Card,Pending
728,902,2025-02-11,Completed,Credit Card,Failed
729,981,2025-08-05,Completed,Credit Card,Paid
730,338,2025-03-26,Cancelled,UPI,Failed
731,100,2025-11-17,Completed,Cash,Pending
732,25,2026-02-18,Cancelled,Debit Card,Paid
733,485,2025-02-25,Pending,Debit Card,Paid
734,342,2026-02-25,Pending,UPI,Failed
735,450,2025-11-14,Completed,Cash,Failed
736,88,2025-03-05,Completed,UPI,Pending
737,912,2025-06-10,Completed,Credit Card,Paid
738,822,2026-04-16,Shipped,UPI,Pending
739,642,2025-11-09,Shipped,UPI,Paid
740,58,2025-12-13,Completed,Debit Card,Pending
741,99,2025-07-25,Shipped,Credit Card,Failed
742,676,2026-02-08,Completed,Cash,Pending
743,815,2025-08-26,Shipped,Net Banking,Failed
744,348,2025-02-21,Completed,Cash,Failed
745,602,2025-06-18,Pending,UPI,Paid
746,610,2025-01-07,Completed,Net Banking,Paid
747,587,2026-04-09,Pending,Net Banking,Pending
748,432,2025-07-01,Shipped,Net Banking,Pending
749,249,2025-04-06,Pending,UPI,Paid
750,320,2025-03-07,Shipped,Net Banking,Failed
751,367,2026-01-22,Cancelled,Net Banking,Failed
752,150,2026-02-02,Pending,Cash,Pending
753,352,2025-11-05,Cancelled,Debit Card,Paid
754,601,2025-09-23,Pending,UPI,Paid
755,839,2025-09-17,Completed,Cash,Pending
756,1000,2025-04-11,Pending,Credit Card,Paid
757,194,2025-06-24,Shipped,Cash,Failed
758,340,2025-12-21,Cancelled,Net Banking,Pending
759,337,2025-08-03,Pending,UPI,Pending
760,809,2026-03-25,Completed,Cash,Paid
761,4,2026-04-17,Pending,Credit Card,Pending
762,219,2025-11-16,Pending,Cash,Failed
763,976,2026-01-29,Cancelled,Cash,Paid
764,189,2025-07-24,Completed,Debit Card,Paid
765,367,2025-02-07,Completed,Net Banking,Paid
766,298,2025-03-14,Shipped,Credit Card,Failed
767,935,2025-10-27,Cancelled,UPI,Paid
768,203,2025-04-12,Cancelled,Credit Card,Paid
769,269,2026-03-30,Pending,Debit Card,Failed
770,183,2025-05-06,Pending,UPI,Paid
771,269,2026-03-08,Completed,UPI,Failed
772,389,2025-03-12,Completed,Debit Card,Paid
773,468,2025-06-06,Pending,Debit Card,Pending
774,176,2025-12-05,Shipped,UPI,Paid
775,904,2025-03-15,Pending,Credit Card,Paid
776,388,2025-09-30,Cancelled,Debit Card,Failed
777,652,2025-08-08,Pending,UPI,Failed
778,194,2025-10-28,Cancelled,Credit Card,Pending
779,55,2025-05-07,Cancelled,Credit Card,Failed
780,599,2026-05-11,Shipped,Credit Card,Failed
781,804,2025-02-11,Shipped,Net Banking,Paid
782,521,2025-03-27,Shipped,Net Banking,Pending
783,532,2025-09-13,Shipped,Credit Card,Pending
784,383,2025-12-31,Shipped,Cash,Pending
785,596,2025-05-18,Shipped,Net Banking,Failed
786,213,2025-01-19,Pending,Credit Card,Pending
787,241,2026-03-18,Shipped,Credit Card,Pending
788,911,2025-08-06,Shipped,Net Banking,Paid
789,863,2026-04-24,Cancelled,Debit Card,Failed
790,138,2025-02-13,Completed,Debit Card,Pending
791,361,2025-09-23,Pending,Net Banking,Paid
792,525,2025-08-27,Cancelled,Cash,Pending
793,443,2025-08-28,Shipped,Debit Card,Pending
794,280,2025-06-12,Shipped,UPI,Paid
795,240,2025-08-15,Cancelled,UPI,Pending
796,85,2026-04-07,Cancelled,Net Banking,Failed
797,660,2025-10-07,Completed,Debit Card,Paid
798,122,2025-02-20,Completed,Debit Card,Paid
799,206,2025-10-07,Cancelled,Credit Card,Failed
800,257,2025-06-18,Cancelled,Debit Card,Paid
801,619,2025-12-28,Pending,Net Banking,Pending
802,789,2025-01-05,Cancelled,Debit Card,Pending
803,414,2026-02-05,Shipped,Net Banking,Failed
804,484,2025-01-07,Pending,Cash,Paid
805,741,2025-04-27,Pending,Cash,Paid
806,602,2025-09-22,Shipped,Cash,Pending
807,88,2026-02-10,Cancelled,Credit Card,Pending
808,965,2026-01-30,Shipped,Credit Card,Pending
809,874,2025-08-19,Completed,Debit Card,Paid
810,895,2025-10-23,Pending,Debit Card,Failed
811,512,2025-01-05,Cancelled,Debit Card,Paid
812,436,2025-08-03,Shipped,Net Banking,Pending
813,602,2025-06-16,Completed,Net Banking,Paid
814,143,2026-04-18,Pending,Debit Card,Failed
815,819,2025-11-19,Shipped,Cash,Paid
816,401,2026-05-01,Completed,Net Banking,Pending
817,487,2025-04-07,Completed,Debit Card,Failed
818,463,2026-05-08,Cancelled,UPI,Paid
819,692,2025-02-23,Pending,UPI,Failed
820,501,2025-11-05,Completed,Credit Card,Paid
821,934,2025-02-05,Shipped,Debit Card,Paid
822,299,2025-04-30,Completed,Cash,Paid
823,531,2025-07-08,Completed,Credit Card,Pending
824,932,2026-03-17,Shipped,Cash,Paid
825,133,2025-02-26,Shipped,Cash,Failed
826,399,2025-02-05,Pending,Credit Card,Paid
827,443,2025-06-08,Shipped,Credit Card,Failed
828,962,2025-10-22,Cancelled,Net Banking,Paid
829,734,2025-09-15,Shipped,Debit Card,Paid
830,147,2025-01-04,Shipped,UPI,Pending
831,827,2025-11-06,Pending,Net Banking,Pending
832,583,2026-04-12,Shipped,Cash,Pending
833,41,2025-10-22,Completed,Debit Card,Failed
834,941,2026-03-28,Shipped,Debit Card,Failed
835,729,2026-03-08,Cancelled,Cash,Failed
836,830,2026-02-26,Pending,Cash,Paid
837,922,2025-04-02,Shipped,Cash,Pending
838,675,2026-04-12,Pending,Net Banking,Paid
839,716,2025-07-21,Completed,Credit Card,Paid
840,904,2025-05-21,Cancelled,UPI,Failed
841,740,2026-01-07,Pending,Cash,Pending
842,567,2026-01-26,Completed,Debit Card,Paid
843,108,2026-01-22,Cancelled,Cash,Pending
844,259,2025-03-26,Pending,Net Banking,Paid
845,28,2025-08-25,Completed,Cash,Pending
846,764,2025-06-25,Shipped,Credit Card,Pending
847,11,2025-01-20,Cancelled,UPI,Failed
848,140,2026-04-15,Cancelled,Cash,Pending
849,70,2025-08-25,Completed,Net Banking,Failed
850,731,2025-05-05,Shipped,Credit Card,Pending
851,286,2026-02-25,Pending,Credit Card,Paid
852,103,2025-11-07,Pending,Debit Card,Paid
853,760,2025-10-01,Shipped,Credit Card,Paid
854,782,2025-12-10,Completed,Debit Card,Paid
855,367,2025-08-14,Pending,Credit Card,Failed
856,915,2025-01-18,Pending,Cash,Failed
857,857,2025-01-25,Completed,Cash,Failed
858,455,2025-06-07,Completed,Net Banking,Paid
859,791,2025-01-25,Shipped,Credit Card,Paid
860,931,2025-07-11,Pending,Credit Card,Paid
861,432,2025-01-09,Completed,UPI,Pending
862,197,2026-02-25,Completed,Credit Card,Paid
863,856,2026-02-13,Pending,Credit Card,Paid
864,525,2025-08-01,Completed,Debit Card,Pending
865,642,2025-10-15,Pending,Net Banking,Paid
866,555,2026-04-24,Shipped,Cash,Paid
867,219,2025-04-29,Completed,Debit Card,Pending
868,16,2025-03-30,Shipped,Debit Card,Paid
869,218,2025-07-19,Shipped,Credit Card,Paid
870,835,2025-12-03,Cancelled,Net Banking,Pending
871,69,2025-01-23,Pending,Cash,Pending
872,614,2026-01-28,Shipped,UPI,Failed
873,811,2025-10-02,Pending,Debit Card,Paid
874,333,2025-11-04,Shipped,Credit Card,Pending
875,651,2025-03-31,Cancelled,Cash,Paid
876,19,2025-06-21,Shipped,Cash,Failed
877,760,2025-11-24,Pending,Net Banking,Failed
878,14,2025-12-27,Pending,UPI,Failed
879,919,2026-01-24,Completed,Debit Card,Paid
880,439,2026-01-13,Pending,Net Banking,Paid
881,141,2025-01-31,Cancelled,Cash,Pending
882,156,2025-04-14,Shipped,Credit Card,Failed
883,244,2025-01-20,Shipped,Debit Card,Paid
884,326,2025-05-23,Completed,Net Banking,Pending
885,833,2025-11-28,Cancelled,UPI,Paid
886,751,2026-03-10,Cancelled,Debit Card,Paid
887,553,2025-04-16,Completed,Credit Card,Failed
888,737,2025-12-23,Pending,Net Banking,Pending
889,330,2025-09-24,Pending,Cash,Failed
890,67,2025-01-04,Shipped,UPI,Paid
891,650,2025-01-27,Pending,Credit Card,Paid
892,178,2025-02-16,Pending,Credit Card,Failed
893,437,2025-02-10,Shipped,Debit Card,Paid
894,203,2026-01-05,Pending,Cash,Paid
895,255,2025-11-07,Cancelled,Debit Card,Failed
896,991,2025-08-18,Pending,Debit Card,Pending
897,974,2025-02-10,Cancelled,Cash,Pending
898,483,2025-03-27,Shipped,Cash,Failed
899,753,2025-11-09,Shipped,Credit Card,Pending
900,781,2025-01-11,Shipped,Cash,Paid
901,929,2026-01-24,Cancelled,Net Banking,Failed
902,567,2025-03-20,Pending,Debit Card,Pending
903,314,2025-08-26,Shipped,Debit Card,Pending
904,621,2025-10-15,Shipped,UPI,Pending
905,733,2025-03-11,Shipped,Credit Card,Paid
906,195,2026-04-15,Completed,UPI,Failed
907,743,2026-01-09,Cancelled,Cash,Pending
908,426,2026-04-19,Shipped,Debit Card,Pending
909,316,2025-09-08,Completed,Cash,Paid
910,128,2026-04-17,Shipped,Net Banking,Paid
911,782,2025-04-10,Shipped,Debit Card,Failed
912,522,2025-06-28,Shipped,Debit Card,Failed
913,667,2025-01-30,Shipped,Cash,Failed
914,249,2025-05-07,Shipped,UPI,Pending
915,724,2025-11-20,Completed,Credit Card,Pending
916,467,2025-11-06,Pending,Debit Card,Paid
917,593,2025-11-05,Pending,UPI,Paid
918,95,2026-01-30,Shipped,Cash,Failed
919,998,2025-10-28,Completed,Net Banking,Paid
920,434,2026-03-25,Pending,Cash,Pending
921,310,2025-12-21,Shipped,Net Banking,Pending
922,422,2026-01-11,Completed,UPI,Failed
923,796,2025-10-21,Cancelled,Credit Card,Pending
924,215,2026-01-19,Shipped,Debit Card,Paid
925,836,2025-03-28,Shipped,UPI,Paid
926,793,2025-02-05,Shipped,Net Banking,Pending
927,296,2025-12-02,Shipped,Credit Card,Paid
928,191,2025-07-11,Pending,Credit Card,Pending
929,515,2025-04-04,Completed,Cash,Failed
930,218,2026-02-21,Pending,Credit Card,Paid
931,188,2026-01-19,Pending,Debit Card,Pending
932,642,2025-08-14,Completed,Credit Card,Paid
933,88,2025-05-31,Shipped,UPI,Pending
934,351,2025-02-02,Completed,Net Banking,Paid
935,497,2025-09-02,Completed,UPI,Paid
936,770,2025-05-17,Completed,Net Banking,Paid
937,217,2025-02-19,Completed,Cash,Failed
938,986,2025-09-24,Cancelled,Cash,Pending
939,346,2026-01-23,Shipped,Debit Card,Pending
940,912,2025-12-16,Cancelled,Debit Card,Paid
941,370,2026-04-27,Shipped,Cash,Failed
942,999,2025-01-30,Cancelled,Debit Card,Paid
943,468,2025-01-02,Shipped,Credit Card,Paid
944,126,2025-11-05,Cancelled,Credit Card,Pending
945,634,2025-08-20,Shipped,Net Banking,Pending
946,193,2025-12-05,Completed,Debit Card,Paid
947,369,2025-11-21,Completed,Debit Card,Failed
948,240,2025-08-16,Shipped,Cash,Failed
949,814,2025-11-10,Completed,Debit Card,Pending
950,954,2026-04-26,Shipped,UPI,Failed
951,301,2025-07-17,Pending,Credit Card,Failed
952,586,2026-03-25,Completed,Credit Card,Pending
953,90,2026-02-12,Cancelled,Net Banking,Pending
954,918,2025-03-28,Shipped,UPI,Pending
955,554,2025-12-06,Pending,Credit Card,Paid
956,772,2025-03-29,Completed,UPI,Pending
957,30,2026-01-02,Pending,Debit Card,Pending
958,288,2026-01-28,Pending,Debit Card,Failed
959,975,2025-09-01,Completed,Credit Card,Failed
960,743,2025-11-21,Shipped,UPI,Failed
961,893,2025-06-20,Pending,Net Banking,Failed
962,660,2025-02-03,Cancelled,Cash,Failed
963,754,2026-01-16,Shipped,Net Banking,Pending
964,239,2026-02-18,Pending,Debit Card,Paid
965,90,2025-05-29,Completed,UPI,Pending
966,607,2026-01-15,Pending,UPI,Failed
967,131,2025-07-08,Cancelled,Cash,Failed
968,2,2026-01-13,Cancelled,UPI,Failed
969,195,2025-10-02,Shipped,Cash,Pending
970,374,2026-01-30,Pending,Net Banking,Failed
971,605,2025-11-05,Pending,UPI,Pending
972,552,2025-01-05,Shipped,Debit Card,Paid
973,966,2026-02-22,Cancelled,Credit Card,Pending
974,467,2025-12-15,Pending,Net Banking,Pending
975,765,2025-03-16,Completed,Net Banking,Pending
976,515,2025-06-08,Completed,Debit Card,Failed
977,490,2025-10-21,Pending,Cash,Pending
978,990,2025-12-27,Shipped,UPI,Pending
979,848,2025-03-20,Pending,Credit Card,Failed
980,54,2026-01-12,Pending,Cash,Failed
981,307,2025-07-20,Pending,UPI,Failed
982,346,2025-07-20,Shipped,Cash,Pending
983,401,2026-01-23,Shipped,UPI,Failed
984,290,2026-01-08,Cancelled,Credit Card,Failed
985,562,2026-03-15,Shipped,UPI,Paid
986,771,2025-06-15,Completed,Debit Card,Pending
987,168,2025-12-02,Pending,Cash,Failed
988,299,2025-09-05,Pending,Credit Card,Paid
989,767,2026-02-16,Pending,UPI,Pending
990,877,2026-01-07,Completed,Credit Card,Pending
991,438,2026-05-02,Pending,UPI,Paid
992,998,2025-07-02,Shipped,Credit Card,Paid
993,528,2025-03-02,Cancelled,Net Banking,Pending
994,153,2026-05-12,Shipped,Credit Card,Paid
995,247,2025-03-02,Shipped,Cash,Pending
996,611,2025-12-19,Pending,Cash,Failed
997,687,2026-02-12,Completed,Cash,Failed
998,282,2025-07-15,Shipped,Debit Card,Paid
999,120,2025-03-03,Completed,UPI,Pending
1000,685,2025-11-25,Pending,UPI,Failed
1001,587,2025-10-21,Shipped,Debit Card,Failed
1002,97,2026-01-17,Pending,Cash,Pending
1003,720,2025-11-27,Shipped,Debit Card,Failed
1004,102,2025-03-06,Cancelled,UPI,Failed
1005,883,2026-04-11,Pending,Cash,Failed
1006,404,2025-01-11,Shipped,UPI,Failed
1007,599,2026-03-05,Completed,Credit Card,Failed
1008,121,2026-04-05,Pending,Net Banking,Failed
1009,6,2025-04-03,Shipped,Debit Card,Paid
1010,132,2025-01-21,Pending,Credit Card,Paid
1011,263,2025-10-15,Completed,UPI,Paid
1012,306,2025-09-17,Cancelled,Net Banking,Paid
1013,968,2025-08-05,Completed,Credit Card,Pending
1014,969,2025-01-24,Cancelled,Net Banking,Pending
1015,591,2025-03-13,Shipped,Debit Card,Failed
1016,361,2026-04-12,Pending,UPI,Failed
1017,46,2026-02-24,Pending,UPI,Paid
1018,307,2025-03-14,Pending,Credit Card,Failed
1019,222,2025-10-10,Cancelled,Debit Card,Paid
1020,638,2026-01-09,Shipped,UPI,Failed
1021,267,2025-05-11,Shipped,Credit Card,Pending
1022,86,2025-08-22,Cancelled,Cash,Failed
1023,549,2025-03-15,Pending,UPI,Failed
1024,276,2026-01-11,Pending,Debit Card,Failed
1025,664,2025-12-03,Pending,Cash,Paid
1026,807,2025-06-11,Shipped,Cash,Paid
1027,619,2026-05-09,Pending,UPI,Pending
1028,545,2025-03-05,Completed,Net Banking,Pending
1029,338,2025-02-03,Completed,Debit Card,Pending
1030,280,2026-02-03,Pending,Credit Card,Pending
1031,101,2025-01-06,Shipped,Credit Card,Pending
1032,108,2026-05-03,Completed,Credit Card,Failed
1033,897,2026-01-08,Cancelled,Net Banking,Pending
1034,542,2025-02-18,Cancelled,Net Banking,Pending
1035,278,2025-10-10,Completed,UPI,Paid
1036,970,2025-06-12,Shipped,Credit Card,Pending
1037,760,2026-02-17,Shipped,Cash,Failed
1038,266,2025-03-07,Completed,Net Banking,Failed
1039,674,2025-03-21,Pending,Credit Card,Pending
1040,754,2025-10-18,Cancelled,UPI,Failed
1041,998,2025-11-24,Cancelled,Credit Card,Failed
1042,429,2025-11-08,Shipped,Credit Card,Pending
1043,818,2025-07-01,Shipped,Net Banking,Pending
1044,976,2025-05-22,Shipped,Net Banking,Failed
1045,946,2026-03-28,Pending,Debit Card,Failed
1046,90,2026-03-16,Cancelled,Cash,Pending
1047,93,2026-03-09,Completed,UPI,Failed
1048,968,2025-05-03,Completed,Credit Card,Failed
1049,87,2025-01-30,Cancelled,Net Banking,Pending
1050,896,2026-02-18,Completed,Cash,Failed
1051,955,2025-09-18,Pending,Cash,Pending
1052,702,2025-09-21,Completed,Cash,Paid
1053,195,2025-11-12,Completed,Cash,Failed
1054,768,2025-10-01,Cancelled,Credit Card,Failed
1055,974,2025-12-05,Completed,Net Banking,Pending
1056,173,2026-05-09,Pending,Credit Card,Paid
1057,860,2025-07-07,Pending,Net Banking,Pending
1058,53,2026-05-03,Shipped,Cash,Pending
1059,383,2025-03-29,Completed,Debit Card,Failed
1060,852,2025-05-08,Completed,Debit Card,Pending
1061,301,2025-09-05,Cancelled,Credit Card,Paid
1062,647,2026-01-13,Shipped,Credit Card,Pending
1063,956,2026-04-21,Completed,Cash,Failed
1064,500,2026-03-11,Completed,Debit Card,Paid
1065,472,2025-11-12,Cancelled,Debit Card,Pending
1066,6,2025-02-24,Cancelled,Credit Card,Pending
1067,10,2025-07-01,Completed,Cash,Pending
1068,87,2025-04-12,Pending,Cash,Paid
1069,500,2026-04-13,Completed,Credit Card,Failed
1070,232,2025-05-09,Shipped,Cash,Pending
1071,374,2025-06-03,Shipped,Credit Card,Failed
1072,276,2026-02-20,Completed,Cash,Failed
1073,450,2026-03-06,Pending,Credit Card,Pending
1074,445,2026-01-18,Completed,Debit Card,Failed
1075,114,2025-04-12,Pending,Debit Card,Paid
1076,405,2025-03-10,Shipped,Debit Card,Paid
1077,683,2025-03-24,Pending,Cash,Failed
1078,122,2025-05-17,Shipped,Cash,Failed
1079,820,2025-09-11,Pending,Debit Card,Pending
1080,744,2025-09-14,Shipped,Credit Card,Paid
1081,111,2026-05-06,Completed,Credit Card,Paid
1082,513,2025-06-26,Completed,Credit Card,Paid
1083,850,2025-12-14,Cancelled,Cash,Failed
1084,9,2026-01-13,Shipped,Cash,Pending
1085,498,2025-05-25,Completed,Cash,Paid
1086,157,2025-11-13,Pending,Credit Card,Pending
1087,118,2026-01-28,Cancelled,Credit Card,Failed
1088,440,2026-02-25,Pending,Cash,Failed
1089,830,2026-02-05,Completed,Net Banking,Failed
1090,194,2025-04-03,Pending,Credit Card,Paid
1091,411,2025-03-09,Completed,Debit Card,Paid
1092,150,2026-04-21,Shipped,UPI,Failed
1093,94,2025-04-13,Completed,Cash,Pending
1094,314,2025-09-26,Pending,Credit Card,Pending
1095,491,2025-08-07,Completed,Net Banking,Pending
1096,53,2025-11-26,Cancelled,UPI,Pending
1097,288,2025-07-06,Cancelled,Cash,Paid
1098,917,2025-06-13,Completed,Credit Card,Paid
1099,54,2025-01-01,Cancelled,Credit Card,Pending
1100,287,2025-08-30,Completed,Cash,Paid
1101,972,2025-05-10,Shipped,Debit Card,Pending
1102,115,2025-06-05,Completed,UPI,Failed
1103,789,2025-10-10,Pending,Debit Card,Pending
1104,830,2026-01-15,Cancelled,Net Banking,Failed
1105,381,2025-11-06,Pending,Debit Card,Paid
1106,394,2025-10-27,Completed,UPI,Paid
1107,761,2025-11-19,Completed,UPI,Failed
1108,935,2026-05-11,Pending,Credit Card,Failed
1109,948,2025-08-17,Completed,UPI,Failed
1110,352,2025-11-13,Cancelled,Cash,Paid
1111,739,2025-10-01,Pending,UPI,Paid
1112,429,2025-04-09,Cancelled,Net Banking,Pending
1113,375,2026-04-04,Shipped,UPI,Pending
1114,495,2025-02-04,Shipped,Net Banking,Failed
1115,23,2026-02-09,Pending,Net Banking,Pending
1116,991,2025-12-23,Pending,Debit Card,Paid
1117,580,2026-05-05,Completed,Credit Card,Failed
1118,408,2026-02-22,Shipped,Net Banking,Failed
1119,77,2026-05-13,Pending,Cash,Failed
1120,576,2025-07-16,Shipped,Cash,Failed
1121,212,2025-05-20,Pending,UPI,Paid
1122,224,2025-10-20,Completed,Net Banking,Pending
1123,725,2025-09-15,Cancelled,Debit Card,Paid
1124,726,2025-06-01,Cancelled,Net Banking,Paid
1125,230,2025-03-29,Completed,Net Banking,Paid
1126,41,2025-05-30,Pending,Debit Card,Paid
1127,895,2025-05-19,Completed,Credit Card,Paid
1128,119,2025-10-01,Completed,Debit Card,Failed
1129,996,2025-11-06,Cancelled,Debit Card,Paid
1130,723,2026-04-30,Cancelled,Credit Card,Pending
1131,627,2026-04-05,Cancelled,Debit Card,Paid
1132,836,2025-11-17,Completed,Debit Card,Paid
1133,989,2026-01-10,Cancelled,Credit Card,Pending
1134,17,2026-05-13,Completed,Cash,Failed
1135,891,2025-05-12,Pending,Cash,Paid
1136,276,2025-06-16,Pending,Net Banking,Failed
1137,879,2026-02-18,Shipped,Credit Card,Pending
1138,748,2025-04-29,Shipped,Debit Card,Paid
1139,491,2026-04-07,Completed,Cash,Paid
1140,190,2025-08-24,Pending,Credit Card,Failed
1141,966,2025-09-09,Pending,Debit Card,Paid
1142,167,2025-06-08,Pending,Cash,Failed
1143,193,2025-11-08,Completed,Credit Card,Paid
1144,252,2025-08-07,Shipped,Cash,Paid
1145,540,2026-01-06,Pending,UPI,Failed
1146,387,2025-02-21,Shipped,UPI,Paid
1147,14,2026-02-28,Completed,Credit Card,Paid
1148,86,2026-01-30,Cancelled,Credit Card,Failed
1149,14,2025-11-04,Completed,UPI,Failed
1150,838,2026-01-12,Cancelled,UPI,Paid
1151,492,2025-03-13,Shipped,Credit Card,Pending
1152,491,2025-06-19,Pending,Credit Card,Paid
1153,709,2025-10-06,Cancelled,Net Banking,Paid
1154,845,2025-01-11,Completed,UPI,Failed
1155,106,2025-06-01,Shipped,Credit Card,Paid
1156,230,2026-04-13,Completed,Credit Card,Pending
1157,151,2025-07-17,Cancelled,Debit Card,Paid
1158,901,2026-04-17,Shipped,UPI,Pending
1159,113,2025-03-28,Pending,UPI,Pending
1160,79,2025-07-02,Cancelled,UPI,Pending
1161,947,2026-04-18,Completed,UPI,Failed
1162,183,2025-03-19,Shipped,Net Banking,Pending
1163,186,2025-11-04,Shipped,Credit Card,Failed
1164,309,2025-12-18,Cancelled,Debit Card,Paid
1165,939,2025-05-19,Shipped,Debit Card,Pending
1166,929,2026-02-20,Completed,UPI,Paid
1167,672,2026-02-03,Pending,Debit Card,Paid
1168,458,2025-07-19,Shipped,UPI,Paid
1169,438,2025-10-23,Cancelled,Credit Card,Paid
1170,131,2025-06-15,Pending,Cash,Pending
1171,507,2025-06-13,Shipped,Cash,Failed
1172,424,2026-05-14,Cancelled,Credit Card,Failed
1173,252,2026-04-17,Shipped,Cash,Failed
1174,552,2025-09-12,Shipped,Net Banking,Failed
1175,236,2026-02-25,Shipped,UPI,Failed
1176,432,2026-01-02,Pending,UPI,Paid
1177,3,2025-07-05,Pending,UPI,Pending
1178,486,2025-10-13,Pending,UPI,Paid
1179,358,2026-04-12,Cancelled,Credit Card,Pending
1180,148,2025-08-24,Shipped,Credit Card,Paid
1181,230,2026-02-28,Completed,Credit Card,Paid
1182,713,2026-05-08,Pending,Cash,Failed
1183,713,2025-01-14,Shipped,Debit Card,Paid
1184,109,2025-12-26,Completed,Cash,Failed
1185,162,2026-03-22,Completed,Credit Card,Pending
1186,81,2025-03-14,Pending,UPI,Paid
1187,852,2025-10-19,Shipped,Credit Card,Paid
1188,762,2025-08-29,Pending,Net Banking,Failed
1189,307,2026-05-01,Shipped,Cash,Failed
1190,455,2025-06-22,Completed,Debit Card,Paid
1191,62,2025-03-21,Completed,Net Banking,Paid
1192,165,2025-09-15,Completed,Cash,Pending
1193,971,2025-12-15,Shipped,Net Banking,Failed
1194,265,2026-03-01,Cancelled,Credit Card,Pending
1195,161,2026-04-22,Cancelled,UPI,Failed
1196,974,2025-07-13,Pending,Credit Card,Pending
1197,58,2025-11-13,Pending,Cash,Paid
1198,764,2026-02-26,Completed,Cash,Pending
1199,669,2025-06-10,Shipped,Cash,Paid
1200,823,2025-01-28,Cancelled,Cash,Paid
1201,112,2025-05-19,Completed,UPI,Pending
1202,798,2025-11-05,Cancelled,UPI,Paid
1203,167,2025-05-25,Completed,UPI,Paid
1204,12,2025-11-02,Cancelled,Credit Card,Failed
1205,654,2025-04-14,Completed,Credit Card,Pending
1206,584,2025-02-13,Completed,Net Banking,Pending
1207,50,2025-01-24,Cancelled,UPI,Pending
1208,366,2025-01-05,Cancelled,Cash,Failed
1209,323,2025-04-10,Shipped,Debit Card,Paid
1210,691,2025-12-26,Completed,Debit Card,Pending
1211,760,2026-04-05,Completed,Net Banking,Paid
1212,602,2025-01-13,Shipped,Cash,Failed
1213,873,2026-03-21,Completed,Debit Card,Paid
1214,699,2025-03-19,Shipped,UPI,Failed
1215,976,2025-02-17,Pending,Credit Card,Failed
1216,145,2025-12-01,Pending,Net Banking,Failed
1217,624,2026-01-09,Cancelled,Cash,Paid
1218,298,2025-06-23,Cancelled,Net Banking,Pending
1219,913,2025-01-21,Shipped,Credit Card,Paid
1220,622,2025-11-09,Completed,Credit Card,Failed
1221,510,2025-11-18,Completed,UPI,Paid
1222,892,2026-01-28,Cancelled,Net Banking,Paid
1223,97,2025-09-13,Shipped,Debit Card,Paid
1224,303,2026-04-24,Pending,UPI,Pending
1225,373,2025-10-23,Cancelled,UPI,Paid
1226,728,2025-04-02,Shipped,Debit Card,Pending
1227,263,2026-05-16,Shipped,Credit Card,Paid
1228,583,2026-05-13,Shipped,UPI,Pending
1229,294,2026-03-16,Shipped,Cash,Failed
1230,697,2026-04-15,Pending,Cash,Pending
1231,866,2025-09-20,Cancelled,Debit Card,Paid
1232,424,2025-12-16,Shipped,Debit Card,Failed
1233,636,2025-01-22,Completed,Credit Card,Failed
1234,575,2026-02-25,Completed,Credit Card,Paid
1235,385,2025-05-29,Pending,Net Banking,Pending
1236,75,2026-03-14,Pending,Cash,Pending
1237,96,2025-12-09,Cancelled,Cash,Pending
1238,548,2025-11-25,Shipped,UPI,Paid
1239,750,2025-04-03,Completed,Cash,Pending
1240,412,2025-04-13,Cancelled,UPI,Pending
1241,619,2025-06-25,Shipped,Credit Card,Failed
1242,488,2026-01-15,Completed,Debit Card,Pending
1243,559,2025-01-20,Pending,Cash,Paid
1244,219,2025-11-24,Cancelled,Net Banking,Paid
1245,793,2025-11-04,Shipped,UPI,Pending
1246,441,2026-02-09,Shipped,Credit Card,Paid
1247,889,2025-04-19,Completed,Cash,Pending
1248,651,2025-05-10,Pending,UPI,Paid
1249,281,2025-02-05,Shipped,UPI,Pending
1250,730,2026-03-24,Shipped,Cash,Failed
1251,686,2025-04-20,Cancelled,Credit Card,Paid
1252,917,2025-02-17,Shipped,Debit Card,Pending
1253,204,2025-03-26,Cancelled,Cash,Pending
1254,549,2025-09-01,Pending,Cash,Pending
1255,710,2026-04-13,Shipped,UPI,Failed
1256,916,2026-02-05,Pending,UPI,Failed
1257,593,2025-12-08,Pending,Debit Card,Failed
1258,962,2026-02-26,Cancelled,UPI,Paid
1259,470,2026-04-05,Pending,Cash,Pending
1260,812,2025-02-28,Shipped,Debit Card,Failed
1261,4,2026-01-05,Shipped,Credit Card,Failed
1262,655,2025-08-19,Completed,UPI,Paid
1263,193,2026-01-17,Shipped,Net Banking,Paid
1264,387,2025-11-04,Pending,Debit Card,Paid
1265,196,2026-05-03,Completed,Debit Card,Pending
1266,310,2025-01-09,Cancelled,Net Banking,Paid
1267,512,2025-12-25,Shipped,Cash,Pending
1268,361,2025-06-30,Shipped,Net Banking,Pending
1269,949,2025-02-28,Pending,Cash,Pending
1270,182,2025-07-11,Pending,Net Banking,Pending
1271,292,2025-07-15,Shipped,Debit Card,Failed
1272,961,2025-11-14,Completed,UPI,Paid
1273,666,2025-02-15,Completed,Net Banking,Pending
1274,509,2025-02-23,Completed,Cash,Failed
1275,826,2025-10-25,Completed,Debit Card,Pending
1276,229,2025-04-19,Shipped,Net Banking,Pending
1277,201,2025-02-28,Shipped,UPI,Pending
1278,813,2026-05-11,Shipped,Cash,Failed
1279,804,2025-12-27,Shipped,UPI,Pending
1280,230,2026-02-05,Cancelled,Debit Card,Failed
1281,315,2025-05-16,Shipped,Credit Card,Paid
1282,931,2026-04-06,Shipped,UPI,Paid
1283,158,2025-01-14,Cancelled,Net Banking,Failed
1284,326,2025-11-04,Cancelled,Credit Card,Failed
1285,248,2025-08-09,Shipped,Credit Card,Failed
1286,403,2025-11-26,Completed,Net Banking,Pending
1287,962,2025-03-07,Shipped,Credit Card,Pending
1288,326,2026-04-08,Pending,Cash,Paid
1289,728,2025-02-20,Pending,Net Banking,Paid
1290,591,2025-11-20,Shipped,Debit Card,Failed
1291,972,2025-03-23,Cancelled,Credit Card,Paid
1292,27,2025-02-17,Shipped,UPI,Failed
1293,608,2026-01-30,Pending,UPI,Failed
1294,557,2025-12-29,Completed,Net Banking,Pending
1295,761,2025-01-13,Pending,Cash,Failed
1296,797,2025-11-20,Cancelled,Credit Card,Paid
1297,920,2025-12-01,Pending,Debit Card,Paid
1298,861,2025-10-02,Pending,Cash,Pending
1299,53,2025-12-04,Cancelled,UPI,Paid
1300,24,2025-11-18,Completed,UPI,Pending
1301,611,2026-04-20,Completed,UPI,Paid
1302,269,2025-05-25,Pending,UPI,Paid
1303,865,2025-09-11,Cancelled,Credit Card,Pending
1304,503,2025-02-21,Completed,Cash,Paid
1305,983,2025-09-07,Completed,Credit Card,Failed
1306,385,2025-08-03,Cancelled,Cash,Paid
1307,306,2025-04-03,Completed,Credit Card,Failed
1308,647,2025-10-18,Completed,UPI,Pending
1309,496,2025-06-27,Completed,Credit Card,Failed
1310,261,2026-01-15,Completed,Credit Card,Failed
1311,549,2025-01-16,Completed,Net Banking,Failed
1312,157,2026-01-25,Pending,Debit Card,Paid
1313,223,2026-04-06,Completed,Debit Card,Paid
1314,86,2025-04-23,Pending,Debit Card,Pending
1315,205,2025-09-04,Completed,Debit Card,Failed
1316,668,2025-10-10,Cancelled,Cash,Failed
1317,508,2026-02-19,Shipped,Net Banking,Pending
1318,198,2026-04-18,Cancelled,Credit Card,Paid
1319,867,2025-12-18,Cancelled,Cash,Paid
1320,813,2025-10-26,Cancelled,Credit Card,Paid
1321,740,2026-05-04,Shipped,Cash,Pending
1322,611,2025-08-05,Cancelled,Debit Card,Failed
1323,622,2025-02-25,Shipped,Cash,Paid
1324,362,2025-10-18,Cancelled,UPI,Pending
1325,911,2025-03-27,Completed,Net Banking,Pending
1326,420,2025-10-28,Cancelled,Net Banking,Failed
1327,989,2026-05-02,Cancelled,Cash,Paid
1328,185,2025-02-28,Cancelled,Cash,Paid
1329,252,2025-07-03,Completed,Credit Card,Failed
1330,381,2025-07-10,Pending,Debit Card,Paid
1331,327,2025-01-05,Completed,Debit Card,Paid
1332,582,2025-08-27,Cancelled,Credit Card,Failed
1333,395,2025-02-03,Cancelled,Net Banking,Paid
1334,223,2025-09-27,Completed,Net Banking,Pending
1335,623,2026-01-02,Completed,Net Banking,Failed
1336,699,2025-08-04,Shipped,Debit Card,Pending
1337,202,2025-04-12,Completed,Cash,Pending
1338,282,2025-01-24,Shipped,UPI,Paid
1339,176,2025-08-20,Cancelled,Net Banking,Pending
1340,591,2025-05-02,Completed,Debit Card,Paid
1341,803,2025-11-26,Completed,Cash,Pending
1342,862,2025-03-09,Shipped,UPI,Failed
1343,541,2026-04-16,Completed,Debit Card,Failed
1344,72,2025-01-09,Shipped,UPI,Pending
1345,309,2026-01-06,Cancelled,Debit Card,Pending
1346,82,2025-07-24,Cancelled,Cash,Failed
1347,403,2025-01-25,Cancelled,Cash,Pending
1348,657,2026-03-11,Completed,Debit Card,Failed
1349,30,2025-02-22,Pending,UPI,Paid
1350,108,2025-03-13,Cancelled,Cash,Paid
1351,91,2025-03-29,Pending,Debit Card,Failed
1352,957,2025-01-03,Completed,Debit Card,Paid
1353,50,2025-02-26,Cancelled,UPI,Pending
1354,705,2025-06-18,Shipped,Debit Card,Failed
1355,948,2025-03-29,Pending,Net Banking,Pending
1356,130,2025-03-03,Cancelled,Credit Card,Failed
1357,871,2026-03-31,Shipped,Cash,Failed
1358,535,2025-03-04,Pending,Net Banking,Pending
1359,502,2025-12-05,Cancelled,Debit Card,Failed
1360,232,2025-09-05,Completed,Debit Card,Pending
1361,85,2025-12-31,Cancelled,Net Banking,Paid
1362,663,2025-12-04,Pending,UPI,Paid
1363,507,2026-05-13,Completed,Credit Card,Paid
1364,222,2025-12-10,Shipped,Cash,Paid
1365,108,2025-09-07,Cancelled,Credit Card,Failed
1366,541,2026-01-25,Cancelled,Debit Card,Failed
1367,672,2025-08-21,Pending,Net Banking,Paid
1368,134,2026-04-14,Pending,Debit Card,Pending
1369,464,2026-05-15,Pending,Cash,Paid
1370,285,2025-02-05,Shipped,Credit Card,Failed
1371,975,2025-06-07,Completed,Credit Card,Pending
1372,110,2026-03-25,Completed,Credit Card,Paid
1373,472,2026-04-03,Pending,Debit Card,Paid
1374,678,2025-09-01,Shipped,Debit Card,Pending
1375,950,2025-03-02,Completed,Debit Card,Pending
1376,155,2025-04-19,Shipped,Net Banking,Pending
1377,342,2025-09-18,Completed,Cash,Pending
1378,101,2025-07-09,Completed,Cash,Failed
1379,433,2026-04-21,Pending,Debit Card,Paid
1380,181,2025-07-26,Cancelled,Net Banking,Failed
1381,532,2025-09-10,Shipped,UPI,Failed
1382,662,2025-01-26,Pending,UPI,Paid
1383,55,2025-02-28,Completed,Net Banking,Pending
1384,68,2025-05-03,Completed,Debit Card,Paid
1385,636,2026-03-28,Shipped,Cash,Pending
1386,226,2025-02-21,Cancelled,Cash,Paid
1387,805,2025-03-29,Pending,Debit Card,Failed
1388,723,2025-05-28,Cancelled,UPI,Paid
1389,516,2025-04-05,Shipped,Debit Card,Failed
1390,175,2025-05-03,Cancelled,UPI,Paid
1391,341,2025-04-06,Shipped,Credit Card,Paid
1392,486,2025-12-08,Shipped,Debit Card,Paid
1393,998,2025-04-01,Cancelled,UPI,Paid
1394,779,2025-12-14,Completed,Net Banking,Pending
1395,486,2026-05-12,Completed,Cash,Paid
1396,113,2025-08-30,Completed,UPI,Failed
1397,298,2025-12-15,Pending,Net Banking,Failed
1398,774,2025-03-27,Pending,UPI,Paid
1399,824,2025-06-05,Cancelled,Cash,Pending
1400,360,2026-01-12,Cancelled,Cash,Pending
1401,470,2025-07-06,Completed,Debit Card,Pending
1402,342,2025-12-30,Shipped,UPI,Pending
1403,532,2025-12-18,Completed,Credit Card,Pending
1404,226,2026-03-15,Pending,Debit Card,Pending
1405,251,2025-01-16,Shipped,Debit Card,Paid
1406,92,2026-01-17,Pending,Cash,Failed
1407,989,2025-02-25,Cancelled,Net Banking,Pending
1408,898,2026-05-06,Pending,Debit Card,Failed
1409,910,2025-06-28,Cancelled,Cash,Failed
1410,968,2025-08-02,Cancelled,Debit Card,Paid
1411,594,2025-01-22,Cancelled,Net Banking,Paid
1412,815,2025-08-10,Shipped,Net Banking,Pending
1413,113,2025-05-28,Completed,Cash,Failed
1414,478,2025-03-17,Pending,Net Banking,Pending
1415,572,2025-11-16,Pending,Debit Card,Pending
1416,67,2025-05-28,Cancelled,UPI,Pending
1417,223,2025-01-21,Cancelled,Net Banking,Paid
1418,501,2025-01-28,Cancelled,UPI,Pending
1419,677,2025-06-30,Completed,UPI,Pending
1420,359,2025-03-12,Cancelled,Net Banking,Failed
1421,788,2026-05-06,Pending,UPI,Failed
1422,147,2025-05-19,Pending,Cash,Failed
1423,83,2026-04-16,Cancelled,Credit Card,Paid
1424,956,2025-08-31,Cancelled,Credit Card,Failed
1425,396,2025-11-23,Shipped,Cash,Paid
1426,268,2026-04-03,Cancelled,Net Banking,Pending
1427,578,2025-03-30,Shipped,Debit Card,Failed
1428,700,2025-03-13,Pending,Debit Card,Paid
1429,568,2025-08-02,Pending,Debit Card,Pending
1430,305,2025-02-13,Shipped,Net Banking,Paid
1431,802,2025-07-12,Shipped,UPI,Paid
1432,453,2025-09-27,Cancelled,Net Banking,Failed
1433,367,2025-12-31,Shipped,Debit Card,Pending
1434,431,2025-08-27,Shipped,Cash,Paid
1435,573,2026-04-13,Completed,Cash,Paid
1436,144,2026-01-22,Cancelled,Credit Card,Failed
1437,383,2025-09-20,Pending,Net Banking,Failed
1438,580,2026-04-06,Cancelled,UPI,Pending
1439,413,2025-03-06,Completed,Cash,Failed
1440,860,2025-08-24,Completed,UPI,Paid
1441,850,2025-05-19,Completed,Debit Card,Failed
1442,842,2025-02-19,Cancelled,Net Banking,Pending
1443,340,2025-12-20,Completed,UPI,Failed
1444,691,2025-10-27,Completed,Credit Card,Failed
1445,576,2025-03-15,Shipped,Credit Card,Paid
1446,692,2026-04-04,Pending,Debit Card,Failed
1447,737,2025-06-09,Completed,Cash,Failed
1448,206,2025-12-19,Completed,UPI,Paid
1449,619,2025-03-20,Completed,Net Banking,Paid
1450,210,2025-05-07,Completed,Cash,Paid
1451,518,2026-03-03,Shipped,Cash,Paid
1452,125,2026-04-20,Cancelled,Cash,Pending
1453,840,2025-04-05,Pending,Net Banking,Pending
1454,628,2026-02-25,Shipped,Net Banking,Paid
1455,150,2025-08-10,Completed,Credit Card,Paid
1456,763,2026-02-24,Pending,Credit Card,Failed
1457,717,2026-01-15,Pending,Cash,Pending
1458,297,2025-05-29,Completed,Net Banking,Pending
1459,684,2025-07-08,Cancelled,Cash,Pending
1460,820,2025-12-24,Completed,Cash,Pending
1461,436,2026-02-21,Pending,UPI,Pending
1462,124,2025-08-23,Shipped,UPI,Failed
1463,35,2025-06-05,Shipped,UPI,Pending
1464,143,2026-05-08,Shipped,Cash,Pending
1465,163,2025-01-05,Cancelled,Net Banking,Failed
1466,358,2025-04-18,Shipped,Net Banking,Paid
1467,672,2025-03-31,Pending,Debit Card,Failed
1468,577,2026-01-04,Cancelled,Cash,Failed
1469,806,2026-03-16,Pending,Debit Card,Failed
1470,946,2025-06-05,Shipped,UPI,Failed
1471,386,2025-09-05,Shipped,Net Banking,Failed
1472,590,2025-04-03,Cancelled,Credit Card,Failed
1473,603,2025-06-15,Cancelled,Net Banking,Failed
1474,414,2026-03-01,Completed,UPI,Paid
1475,751,2026-03-13,Pending,Credit Card,Paid
1476,109,2025-12-07,Shipped,Cash,Pending
1477,238,2026-01-25,Pending,UPI,Paid
1478,914,2026-01-08,Shipped,Cash,Paid
1479,627,2025-02-01,Cancelled,UPI,Paid
1480,768,2026-03-10,Completed,Cash,Pending
1481,647,2025-11-07,Completed,Credit Card,Pending
1482,716,2025-02-25,Shipped,Cash,Paid
1483,588,2025-11-23,Pending,Credit Card,Pending
1484,449,2025-09-09,Cancelled,Credit Card,Paid
1485,166,2026-01-15,Shipped,Net Banking,Paid
1486,597,2025-02-14,Completed,UPI,Paid
1487,830,2025-01-18,Pending,UPI,Pending
1488,418,2026-02-01,Completed,Debit Card,Paid
1489,748,2025-12-16,Shipped,Credit Card,Paid
1490,848,2025-10-20,Shipped,Net Banking,Pending
1491,634,2025-07-02,Pending,UPI,Pending
1492,641,2025-08-07,Shipped,UPI,Failed
1493,131,2025-02-10,Cancelled,UPI,Paid
1494,237,2025-09-13,Completed,Net Banking,Failed
1495,24,2025-06-19,Pending,Debit Card,Pending
1496,721,2025-07-19,Cancelled,UPI,Paid
1497,295,2026-05-11,Completed,Net Banking,Failed
1498,874,2025-05-04,Cancelled,Cash,Failed
1499,560,2025-01-30,Completed,Net Banking,Pending
1500,940,2026-04-25,Cancelled,UPI,Paid
1501,432,2025-06-23,Cancelled,Credit Card,Pending
1502,784,2026-03-31,Completed,Credit Card,Paid
1503,837,2025-10-08,Cancelled,UPI,Paid
1504,75,2025-09-10,Completed,Debit Card,Paid
1505,427,2026-05-02,Completed,Net Banking,Pending
1506,133,2026-04-30,Cancelled,UPI,Paid
1507,509,2025-01-19,Pending,Debit Card,Pending
1508,311,2025-09-02,Pending,UPI,Paid
1509,793,2025-01-14,Pending,Net Banking,Failed
1510,389,2026-03-17,Completed,Net Banking,Pending
1511,397,2025-01-27,Shipped,Credit Card,Pending
1512,438,2025-12-26,Pending,UPI,Pending
1513,919,2025-03-02,Cancelled,Debit Card,Paid
1514,448,2025-06-25,Completed,Credit Card,Paid
1515,603,2025-02-17,Completed,Credit Card,Pending
1516,771,2026-01-18,Completed,UPI,Failed
1517,833,2025-05-08,Completed,UPI,Paid
1518,450,2025-03-06,Pending,Debit Card,Paid
1519,359,2025-06-10,Pending,Debit Card,Paid
1520,408,2025-11-07,Shipped,UPI,Failed
1521,79,2025-02-09,Cancelled,Net Banking,Paid
1522,723,2025-09-11,Cancelled,Credit Card,Pending
1523,310,2026-01-01,Cancelled,Net Banking,Pending
1524,670,2026-03-21,Pending,Net Banking,Pending
1525,715,2025-06-13,Completed,UPI,Pending
1526,421,2026-04-07,Shipped,Debit Card,Paid
1527,934,2025-04-15,Pending,Net Banking,Paid
1528,760,2025-06-06,Pending,UPI,Pending
1529,836,2026-01-07,Pending,UPI,Paid
1530,451,2025-12-24,Shipped,UPI,Paid
1531,857,2025-09-13,Completed,Debit Card,Pending
1532,394,2025-10-29,Cancelled,UPI,Paid
1533,876,2025-05-23,Shipped,Cash,Paid
1534,392,2026-03-18,Shipped,Cash,Paid
1535,211,2025-04-25,Shipped,Credit Card,Failed
1536,546,2025-08-09,Completed,Debit Card,Paid
1537,782,2025-10-05,Cancelled,UPI,Failed
1538,915,2026-01-22,Cancelled,Debit Card,Failed
1539,776,2025-04-21,Completed,Debit Card,Failed
1540,637,2026-03-01,Shipped,Cash,Failed
1541,754,2026-04-21,Completed,UPI,Failed
1542,976,2025-07-18,Cancelled,Net Banking,Pending
1543,587,2025-08-06,Cancelled,Credit Card,Pending
1544,764,2025-08-28,Pending,Credit Card,Paid
1545,819,2025-05-24,Cancelled,UPI,Paid
1546,556,2026-01-30,Cancelled,Debit Card,Failed
1547,40,2025-07-22,Cancelled,Debit Card,Pending
1548,257,2025-12-04,Completed,UPI,Pending
1549,677,2025-10-19,Cancelled,Debit Card,Paid
1550,474,2025-08-16,Completed,Cash,Paid
1551,38,2025-08-27,Cancelled,Cash,Failed
1552,570,2026-03-09,Pending,Cash,Paid
1553,962,2025-10-24,Completed,Debit Card,Failed
1554,322,2025-10-10,Completed,Cash,Paid
1555,785,2025-05-13,Cancelled,Debit Card,Pending
1556,233,2025-03-07,Pending,Credit Card,Failed
1557,51,2025-12-02,Pending,UPI,Failed
1558,189,2025-01-20,Shipped,Net Banking,Pending
1559,567,2025-01-22,Pending,UPI,Failed
1560,999,2025-05-13,Cancelled,UPI,Failed
1561,879,2026-03-09,Cancelled,Net Banking,Failed
1562,615,2025-01-23,Pending,Debit Card,Paid
1563,520,2025-02-09,Shipped,UPI,Failed
1564,243,2025-02-09,Pending,Debit Card,Failed
1565,850,2025-07-10,Shipped,UPI,Failed
1566,897,2025-08-07,Cancelled,Credit Card,Paid
1567,622,2025-06-17,Cancelled,Debit Card,Pending
1568,668,2026-04-05,Cancelled,Cash,Pending
1569,32,2025-11-15,Pending,Debit Card,Paid
1570,953,2025-05-29,Pending,Net Banking,Paid
1571,624,2025-02-24,Pending,Debit Card,Failed
1572,800,2026-01-02,Cancelled,Credit Card,Pending
1573,597,2026-03-02,Completed,Credit Card,Pending
1574,665,2026-01-26,Completed,UPI,Paid
1575,516,2025-10-17,Shipped,Net Banking,Failed
1576,868,2025-03-04,Completed,Net Banking,Pending
1577,538,2025-12-04,Shipped,Debit Card,Pending
1578,857,2025-04-10,Cancelled,Credit Card,Pending
1579,819,2025-05-05,Cancelled,Credit Card,Pending
1580,767,2025-06-11,Completed,Credit Card,Pending
1581,981,2026-01-11,Shipped,Debit Card,Paid
1582,574,2025-06-30,Completed,Debit Card,Failed
1583,620,2025-09-05,Pending,Cash,Pending
1584,584,2025-04-28,Pending,Net Banking,Paid
1585,932,2026-02-02,Shipped,Net Banking,Failed
1586,621,2025-03-12,Cancelled,Debit Card,Pending
1587,121,2025-06-10,Completed,Cash,Pending
1588,152,2025-09-16,Shipped,Credit Card,Paid
1589,465,2026-03-25,Completed,Credit Card,Paid
1590,270,2025-08-03,Shipped,UPI,Paid
1591,35,2026-03-22,Shipped,UPI,Failed
1592,75,2025-03-27,Pending,Net Banking,Failed
1593,398,2026-04-16,Shipped,Debit Card,Paid
1594,714,2025-07-25,Pending,Debit Card,Paid
1595,919,2025-06-22,Cancelled,Net Banking,Failed
1596,111,2025-11-12,Completed,UPI,Failed
1597,364,2026-04-17,Shipped,Cash,Failed
1598,759,2025-08-19,Shipped,Debit Card,Pending
1599,138,2025-12-25,Pending,Net Banking,Failed
1600,156,2025-02-12,Completed,Net Banking,Failed
1601,691,2025-07-09,Shipped,Cash,Pending
1602,181,2025-08-13,Cancelled,UPI,Paid
1603,506,2025-06-02,Cancelled,UPI,Failed
1604,919,2025-09-23,Shipped,Debit Card,Pending
1605,327,2025-07-16,Pending,Credit Card,Paid
1606,968,2026-02-21,Pending,Cash,Failed
1607,589,2025-05-23,Cancelled,UPI,Pending
1608,170,2025-05-26,Completed,Debit Card,Pending
1609,450,2025-09-07,Pending,Credit Card,Pending
1610,940,2026-04-26,Cancelled,Net Banking,Paid
1611,238,2026-04-19,Cancelled,Credit Card,Paid
1612,566,2025-04-16,Pending,UPI,Failed
1613,41,2026-04-08,Pending,UPI,Pending
1614,843,2026-03-03,Completed,Debit Card,Paid
1615,965,2025-05-25,Shipped,Cash,Failed
1616,851,2025-03-06,Shipped,Debit Card,Paid
1617,724,2026-01-02,Completed,Cash,Pending
1618,270,2025-09-10,Completed,Credit Card,Pending
1619,685,2026-01-10,Completed,Debit Card,Paid
1620,813,2026-01-17,Pending,UPI,Pending
1621,520,2025-03-22,Cancelled,Debit Card,Pending
1622,754,2025-11-19,Completed,Debit Card,Paid
1623,103,2025-08-10,Cancelled,Credit Card,Failed
1624,858,2025-12-05,Completed,UPI,Paid
1625,601,2025-03-12,Shipped,Credit Card,Failed
1626,272,2025-04-11,Shipped,Credit Card,Pending
1627,192,2026-02-21,Shipped,Debit Card,Paid
1628,651,2025-04-12,Completed,Net Banking,Failed
1629,220,2026-01-19,Completed,Cash,Paid
1630,572,2025-09-09,Pending,Credit Card,Paid
1631,705,2025-08-03,Cancelled,Net Banking,Pending
1632,598,2025-11-20,Pending,Debit Card,Pending
1633,673,2025-09-29,Pending,Debit Card,Paid
1634,300,2026-03-25,Shipped,Cash,Failed
1635,613,2025-07-20,Cancelled,Net Banking,Pending
1636,99,2025-06-01,Pending,UPI,Pending
1637,993,2025-08-03,Shipped,Debit Card,Paid
1638,436,2025-12-06,Completed,Credit Card,Pending
1639,327,2026-05-05,Completed,Debit Card,Failed
1640,722,2025-07-23,Pending,Cash,Pending
1641,422,2025-11-04,Pending,UPI,Pending
1642,520,2025-05-18,Pending,Cash,Paid
1643,791,2025-10-15,Cancelled,Debit Card,Failed
1644,422,2025-06-12,Shipped,Cash,Pending
1645,267,2025-07-24,Completed,Debit Card,Pending
1646,225,2026-01-08,Cancelled,UPI,Pending
1647,420,2025-08-18,Pending,Net Banking,Paid
1648,212,2025-10-02,Completed,Net Banking,Failed
1649,133,2025-06-18,Completed,UPI,Pending
1650,800,2025-02-16,Cancelled,Debit Card,Failed
1651,671,2025-02-02,Completed,Net Banking,Paid
1652,549,2025-07-05,Pending,Credit Card,Failed
1653,881,2025-07-22,Pending,Debit Card,Paid
1654,383,2026-04-12,Cancelled,Cash,Paid
1655,751,2025-10-11,Pending,UPI,Paid
1656,21,2026-03-09,Completed,Net Banking,Pending
1657,497,2026-02-10,Completed,Credit Card,Pending
1658,25,2025-06-04,Pending,Credit Card,Paid
1659,768,2025-05-20,Completed,Cash,Failed
1660,135,2025-07-25,Cancelled,UPI,Paid
1661,517,2025-02-07,Shipped,UPI,Paid
1662,851,2026-01-16,Pending,UPI,Failed
1663,812,2025-10-29,Shipped,Credit Card,Failed
1664,320,2026-03-16,Cancelled,Cash,Failed
1665,24,2026-01-16,Cancelled,Debit Card,Pending
1666,103,2025-04-14,Cancelled,Net Banking,Pending
1667,299,2025-07-12,Shipped,UPI,Paid
1668,417,2026-05-11,Cancelled,Cash,Pending
1669,720,2026-04-10,Pending,Cash,Paid
1670,746,2025-09-12,Shipped,Debit Card,Failed
1671,111,2026-01-01,Shipped,Credit Card,Failed
1672,26,2026-05-15,Shipped,Credit Card,Pending
1673,489,2025-07-09,Completed,Debit Card,Pending
1674,830,2025-03-15,Completed,UPI,Failed
1675,213,2025-03-28,Shipped,Net Banking,Paid
1676,145,2025-02-12,Shipped,Net Banking,Pending
1677,741,2025-09-25,Pending,UPI,Pending
1678,422,2025-05-10,Cancelled,Debit Card,Paid
1679,330,2025-01-19,Shipped,UPI,Pending
1680,215,2025-12-20,Shipped,Net Banking,Pending
1681,983,2025-06-10,Pending,Debit Card,Pending
1682,495,2025-12-29,Completed,UPI,Pending
1683,80,2025-12-25,Shipped,Credit Card,Paid
1684,533,2025-03-24,Completed,Credit Card,Paid
1685,891,2025-08-13,Completed,UPI,Pending
1686,175,2025-09-11,Shipped,Credit Card,Failed
1687,561,2026-03-24,Shipped,Cash,Paid
1688,121,2025-06-01,Shipped,Debit Card,Failed
1689,902,2026-04-18,Cancelled,Net Banking,Pending
1690,911,2025-11-11,Cancelled,Net Banking,Failed
1691,145,2025-03-26,Cancelled,Net Banking,Failed
1692,823,2025-04-15,Cancelled,Net Banking,Failed
1693,484,2025-05-09,Shipped,Credit Card,Pending
1694,765,2026-04-20,Pending,Credit Card,Failed
1695,850,2026-01-02,Shipped,UPI,Pending
1696,184,2025-08-02,Pending,Cash,Paid
1697,6,2026-05-16,Cancelled,Credit Card,Paid
1698,97,2025-12-22,Shipped,Debit Card,Paid
1699,640,2025-02-01,Shipped,Net Banking,Paid
1700,359,2025-02-04,Pending,Debit Card,Failed
1701,951,2025-01-08,Pending,Debit Card,Pending
1702,934,2026-02-25,Shipped,Net Banking,Failed
1703,377,2025-06-06,Shipped,Debit Card,Failed
1704,657,2025-10-05,Pending,UPI,Failed
1705,106,2025-03-20,Pending,Debit Card,Paid
1706,578,2025-05-15,Completed,Credit Card,Failed
1707,661,2025-10-28,Shipped,Debit Card,Failed
1708,874,2026-01-31,Cancelled,Net Banking,Failed
1709,485,2026-04-11,Pending,Credit Card,Paid
1710,238,2026-02-06,Pending,UPI,Failed
1711,147,2025-03-17,Pending,Cash,Paid
1712,80,2025-06-15,Completed,Credit Card,Failed
1713,451,2026-02-18,Shipped,Cash,Pending
1714,513,2025-06-04,Completed,Credit Card,Failed
1715,387,2025-07-21,Shipped,Cash,Pending
1716,859,2025-06-09,Cancelled,Net Banking,Paid
1717,620,2026-03-29,Pending,Credit Card,Failed
1718,285,2026-03-03,Pending,Cash,Failed
1719,502,2025-08-15,Cancelled,UPI,Failed
1720,446,2026-04-06,Cancelled,Credit Card,Paid
1721,375,2026-03-20,Shipped,Debit Card,Failed
1722,219,2025-08-06,Pending,Cash,Pending
1723,956,2025-04-02,Completed,Credit Card,Pending
1724,539,2025-07-04,Pending,UPI,Failed
1725,337,2025-06-08,Completed,Debit Card,Pending
1726,944,2025-09-15,Completed,Net Banking,Pending
1727,663,2025-01-18,Cancelled,Cash,Pending
1728,713,2025-01-23,Cancelled,Debit Card,Failed
1729,995,2025-01-30,Completed,Cash,Failed
1730,466,2025-11-20,Shipped,Credit Card,Pending
1731,896,2026-01-19,Completed,UPI,Pending
1732,628,2025-01-15,Pending,Credit Card,Paid
1733,430,2025-02-12,Completed,UPI,Pending
1734,728,2025-11-23,Completed,Debit Card,Paid
1735,558,2026-03-16,Cancelled,Credit Card,Failed
1736,756,2025-11-11,Completed,Debit Card,Failed
1737,922,2026-03-11,Cancelled,Credit Card,Failed
1738,967,2026-01-05,Cancelled,Net Banking,Paid
1739,681,2026-04-27,Shipped,Cash,Failed
1740,63,2025-12-09,Completed,Credit Card,Failed
1741,747,2025-03-17,Cancelled,UPI,Paid
1742,46,2025-08-16,Cancelled,Net Banking,Paid
1743,518,2025-12-19,Shipped,Credit Card,Failed
1744,863,2026-01-18,Completed,Debit Card,Pending
1745,360,2025-10-15,Completed,Debit Card,Pending
1746,857,2025-10-18,Completed,Net Banking,Pending
1747,120,2025-02-15,Completed,Credit Card,Failed
1748,191,2025-02-14,Cancelled,Net Banking,Failed
1749,21,2026-05-10,Pending,UPI,Paid
1750,384,2025-11-23,Shipped,UPI,Failed
1751,253,2026-04-28,Cancelled,Credit Card,Failed
1752,756,2026-01-22,Pending,Debit Card,Paid
1753,723,2025-07-14,Cancelled,Credit Card,Pending
1754,579,2025-03-13,Cancelled,Cash,Paid
1755,193,2026-03-04,Cancelled,Credit Card,Paid
1756,266,2025-06-01,Shipped,Debit Card,Paid
1757,364,2025-09-08,Cancelled,Debit Card,Failed
1758,461,2025-09-25,Pending,UPI,Failed
1759,160,2025-07-17,Pending,Cash,Pending
1760,831,2025-11-27,Cancelled,Credit Card,Pending
1761,992,2025-12-25,Cancelled,UPI,Failed
1762,216,2026-01-31,Cancelled,Credit Card,Pending
1763,33,2025-05-14,Completed,Net Banking,Failed
1764,191,2025-11-20,Shipped,Credit Card,Pending
1765,331,2025-10-28,Cancelled,Net Banking,Pending
1766,603,2025-12-04,Completed,Debit Card,Failed
1767,645,2025-02-23,Cancelled,UPI,Paid
1768,487,2025-08-04,Cancelled,Debit Card,Failed
1769,103,2026-04-08,Pending,Debit Card,Pending
1770,479,2025-03-25,Pending,UPI,Pending
1771,632,2026-02-19,Shipped,Net Banking,Failed
1772,446,2025-12-22,Shipped,Cash,Paid
1773,741,2025-05-10,Cancelled,Net Banking,Pending
1774,695,2025-09-05,Shipped,Debit Card,Paid
1775,952,2026-05-13,Pending,Net Banking,Paid
1776,437,2025-08-04,Cancelled,Net Banking,Pending
1777,30,2025-10-31,Pending,Net Banking,Paid
1778,308,2026-04-18,Pending,Net Banking,Paid
1779,680,2025-03-08,Cancelled,UPI,Paid
1780,812,2025-06-08,Pending,Debit Card,Pending
1781,170,2025-07-22,Shipped,UPI,Failed
1782,206,2025-03-17,Pending,Debit Card,Pending
1783,190,2025-02-11,Pending,Credit Card,Pending
1784,742,2025-02-16,Pending,Credit Card,Failed
1785,866,2025-10-12,Cancelled,UPI,Pending
1786,353,2025-03-23,Completed,Cash,Failed
1787,404,2025-12-18,Pending,Cash,Failed
1788,852,2025-07-12,Shipped,Credit Card,Paid
1789,132,2025-07-18,Cancelled,Credit Card,Pending
1790,335,2026-01-31,Cancelled,Cash,Failed
1791,547,2025-07-21,Completed,Debit Card,Pending
1792,759,2025-12-09,Completed,Credit Card,Failed
1793,787,2025-04-02,Pending,Debit Card,Pending
1794,514,2025-06-24,Completed,Net Banking,Failed
1795,408,2026-01-20,Completed,Credit Card,Paid
1796,193,2025-09-13,Completed,Credit Card,Pending
1797,96,2025-08-11,Cancelled,Cash,Failed
1798,436,2025-04-03,Pending,Debit Card,Pending
1799,692,2025-07-18,Shipped,UPI,Pending
1800,978,2026-05-06,Shipped,Credit Card,Paid
1801,699,2025-07-23,Completed,Cash,Paid
1802,703,2025-06-27,Completed,Cash,Paid
1803,327,2025-03-24,Pending,Net Banking,Failed
1804,703,2025-07-16,Shipped,UPI,Pending
1805,983,2025-12-01,Shipped,Cash,Paid
1806,436,2025-06-05,Cancelled,UPI,Failed
1807,822,2026-02-18,Shipped,Net Banking,Pending
1808,485,2026-02-04,Cancelled,Net Banking,Pending
1809,805,2025-02-27,Pending,Cash,Failed
1810,393,2026-01-24,Completed,Credit Card,Paid
1811,971,2025-06-22,Cancelled,Credit Card,Failed
1812,630,2026-02-21,Shipped,Cash,Paid
1813,289,2025-08-26,Completed,UPI,Pending
1814,376,2025-08-24,Completed,Net Banking,Failed
1815,259,2025-07-09,Shipped,Debit Card,Failed
1816,786,2025-06-01,Completed,Net Banking,Pending
1817,301,2025-04-02,Cancelled,Cash,Paid
1818,333,2025-08-17,Cancelled,UPI,Failed
1819,366,2025-02-27,Completed,Net Banking,Failed
1820,255,2025-07-22,Pending,UPI,Failed
1821,130,2025-02-18,Pending,Cash,Pending
1822,282,2026-04-03,Cancelled,Cash,Failed
1823,250,2025-11-13,Shipped,UPI,Paid
1824,382,2025-06-17,Completed,Credit Card,Failed
1825,742,2026-05-16,Completed,Cash,Failed
1826,81,2026-01-07,Cancelled,Debit Card,Pending
1827,23,2025-07-25,Pending,Debit Card,Failed
1828,761,2025-12-01,Completed,Cash,Paid
1829,197,2026-02-11,Cancelled,Debit Card,Failed
1830,553,2025-09-21,Pending,UPI,Pending
1831,485,2025-10-21,Pending,Cash,Pending
1832,706,2026-01-18,Pending,Debit Card,Failed
1833,47,2025-12-10,Shipped,Credit Card,Failed
1834,280,2025-05-26,Completed,Cash,Paid
1835,801,2025-01-10,Shipped,Credit Card,Pending
1836,474,2025-05-17,Cancelled,UPI,Paid
1837,19,2025-04-26,Cancelled,Credit Card,Paid
1838,295,2025-11-10,Shipped,Net Banking,Pending
1839,610,2025-11-22,Cancelled,Net Banking,Pending
1840,953,2025-09-01,Completed,Debit Card,Pending
1841,355,2025-06-13,Shipped,Credit Card,Pending
1842,761,2026-03-14,Shipped,Credit Card,Failed
1843,175,2025-12-24,Shipped,Debit Card,Pending
1844,677,2025-01-17,Completed,Cash,Failed
1845,86,2025-06-26,Pending,Net Banking,Pending
1846,299,2025-06-05,Cancelled,Cash,Failed
1847,31,2025-08-28,Pending,Net Banking,Failed
1848,640,2025-03-27,Cancelled,Net Banking,Pending
1849,784,2025-08-01,Completed,Debit Card,Failed
1850,503,2026-01-16,Pending,Cash,Failed
1851,388,2025-03-09,Completed,UPI,Pending
1852,217,2025-04-22,Completed,Net Banking,Pending
1853,886,2025-04-02,Pending,Cash,Failed
1854,361,2025-07-29,Pending,Cash,Failed
1855,328,2025-05-23,Cancelled,UPI,Failed
1856,704,2026-03-29,Cancelled,Net Banking,Failed
1857,402,2025-09-30,Pending,Cash,Pending
1858,476,2026-01-23,Cancelled,Cash,Paid
1859,895,2026-04-19,Pending,Cash,Pending
1860,546,2025-01-02,Cancelled,Cash,Failed
1861,700,2025-03-30,Completed,Cash,Failed
1862,429,2025-12-01,Shipped,Cash,Paid
1863,30,2025-11-22,Pending,Credit Card,Failed
1864,516,2025-11-14,Completed,Net Banking,Failed
1865,419,2026-01-10,Completed,Debit Card,Failed
1866,171,2025-05-08,Shipped,UPI,Pending
1867,761,2025-01-12,Shipped,Net Banking,Failed
1868,198,2026-03-19,Pending,Cash,Pending
1869,896,2026-01-06,Pending,Credit Card,Pending
1870,730,2026-04-25,Pending,Debit Card,Paid
1871,67,2025-05-31,Completed,Credit Card,Failed
1872,471,2025-08-25,Pending,Net Banking,Pending
1873,816,2025-05-04,Pending,Cash,Failed
1874,114,2025-11-25,Cancelled,Credit Card,Paid
1875,740,2025-08-25,Completed,UPI,Failed
1876,699,2025-01-17,Shipped,Net Banking,Pending
1877,395,2026-03-18,Completed,Cash,Pending
1878,734,2026-03-29,Completed,Net Banking,Failed
1879,732,2025-10-01,Completed,Cash,Pending
1880,744,2026-02-28,Completed,Debit Card,Pending
1881,843,2026-03-01,Completed,Debit Card,Pending
1882,950,2026-01-02,Shipped,Cash,Paid
1883,150,2025-02-23,Cancelled,Net Banking,Paid
1884,174,2026-01-05,Cancelled,Cash,Failed
1885,146,2025-06-23,Pending,Cash,Paid
1886,100,2025-05-16,Cancelled,UPI,Pending
1887,727,2026-04-06,Shipped,Credit Card,Pending
1888,303,2025-06-25,Shipped,Debit Card,Pending
1889,265,2025-12-25,Cancelled,Net Banking,Paid
1890,144,2026-01-25,Pending,Net Banking,Pending
1891,227,2025-01-14,Cancelled,Net Banking,Pending
1892,299,2026-01-01,Cancelled,Credit Card,Failed
1893,313,2025-11-21,Shipped,Cash,Failed
1894,159,2025-05-31,Pending,Credit Card,Failed
1895,880,2025-05-30,Shipped,Debit Card,Failed
1896,29,2025-04-27,Pending,Net Banking,Pending
1897,599,2025-03-17,Completed,Debit Card,Pending
1898,521,2026-01-05,Shipped,Cash,Failed
1899,175,2026-04-06,Cancelled,Credit Card,Failed
1900,514,2026-03-13,Cancelled,Net Banking,Pending
1901,887,2025-07-13,Shipped,Credit Card,Failed
1902,180,2025-09-04,Shipped,Cash,Paid
1903,970,2025-12-09,Completed,Debit Card,Paid
1904,212,2025-06-08,Pending,Credit Card,Pending
1905,797,2025-11-08,Completed,Credit Card,Pending
1906,471,2025-09-13,Completed,Net Banking,Paid
1907,208,2026-01-15,Cancelled,UPI,Pending
1908,102,2025-11-17,Cancelled,Net Banking,Paid
1909,567,2025-05-19,Completed,UPI,Pending
1910,536,2025-10-18,Pending,Credit Card,Pending
1911,758,2026-02-13,Pending,Credit Card,Paid
1912,735,2025-12-20,Shipped,Credit Card,Paid
1913,273,2025-11-08,Cancelled,UPI,Failed
1914,751,2025-04-08,Completed,Credit Card,Failed
1915,63,2025-06-05,Pending,Credit Card,Paid
1916,780,2025-10-27,Shipped,Cash,Paid
1917,903,2025-10-02,Completed,Debit Card,Failed
1918,202,2025-02-07,Shipped,UPI,Pending
1919,488,2025-02-12,Pending,UPI,Failed
1920,221,2025-10-29,Shipped,Debit Card,Failed
1921,596,2025-01-05,Shipped,UPI,Failed
1922,454,2026-03-30,Pending,Net Banking,Failed
1923,774,2025-11-11,Shipped,UPI,Pending
1924,417,2026-01-22,Cancelled,Cash,Failed
1925,337,2025-04-01,Shipped,Net Banking,Pending
1926,661,2026-05-03,Cancelled,Debit Card,Failed
1927,350,2025-05-08,Cancelled,Net Banking,Failed
1928,641,2025-06-08,Shipped,UPI,Paid
1929,7,2025-09-07,Cancelled,Net Banking,Pending
1930,168,2025-09-11,Pending,UPI,Pending
1931,312,2025-12-11,Completed,Cash,Pending
1932,704,2025-11-23,Pending,Credit Card,Paid
1933,238,2026-01-26,Pending,Debit Card,Failed
1934,328,2025-06-06,Shipped,UPI,Failed
1935,950,2025-06-03,Pending,Net Banking,Failed
1936,332,2025-03-21,Pending,Credit Card,Pending
1937,176,2026-02-07,Pending,Net Banking,Failed
1938,334,2025-03-22,Shipped,Net Banking,Pending
1939,744,2026-02-04,Cancelled,Credit Card,Pending
1940,957,2025-08-30,Cancelled,Debit Card,Paid
1941,342,2025-06-06,Cancelled,Debit Card,Pending
1942,436,2025-06-07,Shipped,Cash,Paid
1943,963,2026-01-26,Shipped,UPI,Pending
1944,662,2025-07-01,Pending,Cash,Pending
1945,839,2025-01-10,Pending,Credit Card,Failed
1946,263,2026-01-02,Cancelled,Debit Card,Paid
1947,438,2025-06-14,Shipped,Debit Card,Failed
1948,757,2025-10-14,Pending,Credit Card,Failed
1949,451,2025-09-15,Cancelled,UPI,Paid
1950,165,2025-05-05,Cancelled,Cash,Failed
1951,482,2025-10-31,Completed,Cash,Failed
1952,931,2026-05-07,Shipped,Credit Card,Pending
1953,601,2025-11-07,Shipped,UPI,Paid
1954,655,2025-01-29,Cancelled,Debit Card,Failed
1955,449,2025-07-09,Cancelled,UPI,Pending
1956,902,2025-03-10,Completed,Debit Card,Failed
1957,845,2025-07-31,Pending,Credit Card,Failed
1958,588,2025-06-03,Pending,Net Banking,Paid
1959,252,2025-08-13,Cancelled,Net Banking,Failed
1960,677,2026-01-26,Cancelled,Net Banking,Failed
1961,299,2026-02-23,Completed,Credit Card,Paid
1962,805,2026-03-22,Cancelled,Debit Card,Pending
1963,906,2026-01-18,Pending,Credit Card,Pending
1964,234,2025-08-28,Shipped,Debit Card,Pending
1965,694,2025-04-12,Cancelled,Debit Card,Failed
1966,956,2026-01-18,Completed,Credit Card,Paid
1967,421,2025-11-25,Shipped,Cash,Pending
1968,50,2026-02-13,Completed,Net Banking,Pending
1969,580,2025-01-09,Shipped,UPI,Failed
1970,818,2026-03-24,Cancelled,Net Banking,Pending
1971,589,2025-05-25,Cancelled,UPI,Failed
1972,579,2025-02-08,Completed,Net Banking,Paid
1973,163,2025-09-30,Completed,Net Banking,Pending
1974,666,2025-11-09,Pending,UPI,Failed
1975,838,2025-08-09,Cancelled,Cash,Pending
1976,902,2026-04-01,Pending,Debit Card,Paid
1977,664,2025-04-04,Cancelled,Cash,Failed
1978,710,2026-02-04,Shipped,UPI,Pending
1979,301,2025-10-22,Completed,Net Banking,Pending
1980,9,2025-01-10,Pending,Debit Card,Pending
1981,266,2025-03-19,Pending,Net Banking,Failed
1982,335,2026-01-29,Shipped,Credit Card,Failed
1983,364,2026-04-19,Pending,Credit Card,Paid
1984,316,2025-04-16,Pending,UPI,Paid
1985,617,2025-10-01,Completed,Credit Card,Failed
1986,978,2025-06-28,Completed,Debit Card,Pending
1987,236,2026-04-21,Pending,Credit Card,Pending
1988,435,2025-03-25,Cancelled,Credit Card,Paid
1989,364,2026-01-31,Completed,Credit Card,Pending
1990,855,2025-03-05,Shipped,UPI,Pending
1991,762,2026-03-21,Pending,Cash,Paid
1992,450,2025-08-17,Shipped,Credit Card,Paid
1993,390,2026-01-30,Completed,UPI,Paid
1994,936,2025-09-17,Completed,Credit Card,Paid
1995,964,2025-03-03,Shipped,Net Banking,Pending
1996,325,2026-01-19,Shipped,Credit Card,Paid
1997,819,2025-02-16,Cancelled,Cash,Pending
1998,115,2025-09-18,Shipped,UPI,Paid
1999,823,2025-07-14,Shipped,Cash,Paid
2000,370,2025-07-01,Cancelled,UPI,Pending
2001,869,2026-04-30,Cancelled,Credit Card,Failed
2002,667,2025-02-13,Shipped,Cash,Paid
2003,988,2026-05-03,Cancelled,Debit Card,Paid
2004,868,2025-03-14,Pending,Credit Card,Failed
2005,132,2025-01-05,Pending,Credit Card,Failed
2006,781,2025-08-29,Completed,UPI,Failed
2007,215,2026-02-15,Cancelled,Debit Card,Failed
2008,844,2025-08-01,Pending,Cash,Paid
2009,959,2025-03-31,Pending,Credit Card,Pending
2010,948,2026-03-27,Completed,Credit Card,Paid
2011,209,2025-09-12,Cancelled,Cash,Failed
2012,931,2025-07-11,Cancelled,Net Banking,Pending
2013,803,2025-01-15,Completed,Debit Card,Paid
2014,482,2026-04-01,Completed,Credit Card,Pending
2015,553,2025-01-24,Shipped,Net Banking,Failed
2016,174,2025-09-26,Pending,UPI,Paid
2017,919,2025-06-28,Pending,UPI,Pending
2018,116,2025-02-03,Shipped,Cash,Pending
2019,920,2026-03-15,Shipped,Credit Card,Failed
2020,653,2026-02-19,Completed,Debit Card,Pending
2021,922,2025-08-29,Cancelled,Credit Card,Pending
2022,553,2025-12-03,Cancelled,Net Banking,Failed
2023,99,2026-01-02,Shipped,Cash,Failed
2024,873,2026-03-02,Pending,Credit Card,Paid
2025,133,2025-09-21,Pending,Credit Card,Failed
2026,762,2025-02-12,Completed,Cash,Pending
2027,630,2026-03-31,Completed,Credit Card,Paid
2028,190,2025-05-09,Cancelled,Debit Card,Failed
2029,474,2026-05-14,Cancelled,Credit Card,Pending
2030,384,2025-08-05,Pending,Net Banking,Failed
2031,872,2026-04-24,Completed,Cash,Failed
2032,814,2025-01-25,Pending,Credit Card,Paid
2033,650,2025-03-15,Completed,Credit Card,Paid
2034,331,2025-07-23,Completed,Net Banking,Pending
2035,879,2025-09-05,Cancelled,Credit Card,Failed
2036,837,2026-03-22,Shipped,Cash,Paid
2037,637,2025-08-21,Cancelled,Net Banking,Pending
2038,763,2025-03-02,Cancelled,Net Banking,Pending
2039,914,2025-06-22,Pending,Debit Card,Pending
2040,893,2026-02-18,Shipped,Net Banking,Pending
2041,99,2025-12-06,Cancelled,Net Banking,Pending
2042,801,2025-02-02,Cancelled,Cash,Failed
2043,988,2025-01-14,Pending,UPI,Paid
2044,469,2026-05-15,Completed,UPI,Failed
2045,303,2025-12-31,Pending,Debit Card,Pending
2046,447,2025-08-20,Completed,Net Banking,Paid
2047,840,2025-07-23,Pending,Credit Card,Failed
2048,795,2025-04-24,Completed,Credit Card,Failed
2049,363,2026-01-17,Pending,Net Banking,Failed
2050,49,2025-09-26,Cancelled,Net Banking,Paid
2051,970,2025-12-22,Pending,Debit Card,Paid
2052,697,2025-02-21,Pending,Net Banking,Paid
2053,953,2026-03-08,Pending,Net Banking,Failed
2054,879,2025-08-06,Pending,Debit Card,Paid
2055,993,2026-05-07,Shipped,Debit Card,Pending
2056,535,2026-04-07,Shipped,Cash,Pending
2057,140,2025-06-14,Cancelled,UPI,Paid
2058,726,2025-05-09,Cancelled,Credit Card,Failed
2059,609,2025-11-10,Completed,UPI,Pending
2060,148,2025-03-13,Shipped,Credit Card,Paid
2061,806,2025-07-20,Pending,Cash,Pending
2062,199,2025-10-30,Pending,Debit Card,Paid
2063,987,2025-04-26,Cancelled,Credit Card,Pending
2064,744,2025-03-05,Pending,Credit Card,Pending
2065,689,2025-03-14,Cancelled,Debit Card,Paid
2066,121,2025-11-23,Cancelled,Net Banking,Paid
2067,644,2026-01-31,Shipped,Credit Card,Failed
2068,306,2025-08-13,Completed,Net Banking,Failed
2069,466,2025-11-09,Pending,UPI,Failed
2070,897,2025-06-24,Cancelled,UPI,Pending
2071,913,2026-03-06,Cancelled,UPI,Failed
2072,437,2025-08-27,Pending,Cash,Pending
2073,536,2025-04-26,Completed,UPI,Failed
2074,983,2025-11-05,Cancelled,Credit Card,Failed
2075,857,2025-09-11,Shipped,Cash,Paid
2076,108,2025-11-23,Cancelled,Debit Card,Pending
2077,521,2025-11-24,Cancelled,Cash,Failed
2078,258,2026-03-05,Cancelled,UPI,Paid
2079,731,2025-02-21,Shipped,Credit Card,Failed
2080,227,2025-09-11,Shipped,Debit Card,Paid
2081,847,2026-02-04,Shipped,Net Banking,Failed
2082,580,2026-03-05,Shipped,Net Banking,Failed
2083,948,2026-03-22,Shipped,UPI,Failed
2084,605,2025-02-25,Completed,Net Banking,Paid
2085,990,2025-03-02,Pending,Debit Card,Failed
2086,727,2025-12-11,Shipped,Cash,Failed
2087,41,2026-01-17,Cancelled,Cash,Pending
2088,885,2025-10-21,Completed,Cash,Failed
2089,797,2026-01-17,Shipped,UPI,Paid
2090,186,2025-10-18,Completed,Debit Card,Paid
2091,943,2025-05-30,Shipped,UPI,Failed
2092,870,2025-08-22,Cancelled,Debit Card,Failed
2093,361,2025-06-26,Pending,Debit Card,Pending
2094,49,2026-02-06,Cancelled,Cash,Failed
2095,270,2025-11-22,Pending,Credit Card,Failed
2096,885,2026-01-30,Cancelled,Cash,Pending
2097,836,2026-02-04,Pending,Cash,Paid
2098,361,2025-06-20,Pending,Debit Card,Pending
2099,937,2025-02-21,Completed,Cash,Pending
2100,510,2025-11-15,Pending,Cash,Paid
2101,877,2025-05-16,Shipped,Debit Card,Pending
2102,449,2026-02-17,Cancelled,Credit Card,Paid
2103,17,2025-06-15,Completed,Credit Card,Failed
2104,931,2025-06-08,Cancelled,Net Banking,Failed
2105,408,2025-04-02,Completed,Credit Card,Paid
2106,729,2025-02-16,Shipped,Debit Card,Paid
2107,349,2026-01-02,Cancelled,Cash,Paid
2108,395,2026-04-17,Completed,Debit Card,Failed
2109,995,2025-10-19,Completed,Debit Card,Paid
2110,846,2025-08-15,Completed,Credit Card,Failed
2111,684,2025-03-21,Cancelled,UPI,Pending
2112,854,2025-04-25,Pending,Credit Card,Paid
2113,664,2025-08-14,Pending,Credit Card,Paid
2114,250,2025-06-01,Completed,Net Banking,Pending
2115,450,2026-03-06,Shipped,Net Banking,Failed
2116,197,2025-10-18,Shipped,Credit Card,Failed
2117,410,2025-10-25,Shipped,Debit Card,Failed
2118,373,2026-02-12,Cancelled,Cash,Pending
2119,922,2025-07-06,Pending,Debit Card,Failed
2120,79,2025-07-02,Pending,Debit Card,Failed
2121,815,2025-05-07,Pending,UPI,Failed
2122,488,2025-12-29,Cancelled,UPI,Failed
2123,738,2025-04-27,Cancelled,Net Banking,Paid
2124,276,2025-08-27,Completed,Cash,Failed
2125,510,2025-08-13,Shipped,UPI,Paid
2126,574,2025-01-12,Shipped,Net Banking,Failed
2127,918,2025-01-30,Cancelled,Cash,Failed
2128,66,2025-03-17,Cancelled,UPI,Failed
2129,584,2025-05-22,Cancelled,UPI,Failed
2130,503,2025-11-03,Shipped,Credit Card,Pending
2131,678,2025-04-21,Shipped,Debit Card,Failed
2132,691,2025-12-23,Cancelled,Debit Card,Paid
2133,818,2025-10-19,Shipped,Credit Card,Failed
2134,601,2025-12-15,Cancelled,UPI,Failed
2135,730,2025-01-28,Cancelled,Net Banking,Paid
2136,73,2026-02-01,Completed,Net Banking,Pending
2137,166,2026-01-09,Pending,Credit Card,Failed
2138,778,2026-02-01,Pending,Credit Card,Paid
2139,952,2025-11-29,Shipped,UPI,Pending
2140,97,2025-02-15,Shipped,Net Banking,Failed
2141,702,2026-05-01,Shipped,Cash,Pending
2142,486,2025-12-23,Pending,Debit Card,Paid
2143,319,2025-02-19,Cancelled,Credit Card,Failed
2144,901,2025-08-09,Cancelled,Cash,Paid
2145,267,2025-04-05,Shipped,Credit Card,Paid
2146,663,2025-06-29,Completed,Debit Card,Pending
2147,97,2026-01-20,Cancelled,UPI,Failed
2148,571,2025-02-01,Completed,Debit Card,Paid
2149,2,2025-03-28,Completed,UPI,Pending
2150,314,2025-07-16,Completed,Net Banking,Failed
2151,880,2025-07-11,Completed,Credit Card,Paid
2152,636,2025-11-22,Shipped,Credit Card,Failed
2153,1000,2025-04-22,Cancelled,UPI,Failed
2154,159,2026-04-13,Cancelled,Net Banking,Paid
2155,452,2026-04-02,Pending,Net Banking,Paid
2156,839,2026-02-21,Shipped,UPI,Failed
2157,958,2025-01-20,Completed,Debit Card,Pending
2158,358,2025-02-25,Pending,Net Banking,Failed
2159,922,2025-03-27,Completed,Cash,Paid
2160,159,2025-11-05,Cancelled,Cash,Failed
2161,852,2025-10-08,Shipped,Cash,Paid
2162,568,2025-12-09,Completed,Debit Card,Paid
2163,145,2025-07-07,Pending,Cash,Paid
2164,414,2026-02-11,Completed,Debit Card,Paid
2165,944,2026-04-15,Shipped,Net Banking,Paid
2166,533,2026-03-11,Completed,Debit Card,Failed
2167,589,2025-10-16,Shipped,Net Banking,Failed
2168,290,2025-04-13,Cancelled,Credit Card,Pending
2169,203,2026-01-26,Cancelled,Cash,Pending
2170,387,2025-08-11,Completed,Cash,Paid
2171,107,2025-09-09,Cancelled,Net Banking,Pending
2172,399,2025-11-09,Cancelled,Cash,Pending
2173,701,2026-01-30,Completed,Net Banking,Paid
2174,970,2025-04-07,Completed,Debit Card,Failed
2175,922,2026-01-18,Pending,Debit Card,Failed
2176,548,2025-01-25,Completed,UPI,Pending
2177,193,2025-07-17,Cancelled,Net Banking,Paid
2178,846,2026-02-26,Shipped,Net Banking,Failed
2179,183,2026-03-11,Cancelled,UPI,Paid
2180,469,2025-02-20,Pending,Credit Card,Failed
2181,75,2025-06-13,Pending,Cash,Paid
2182,656,2025-10-20,Completed,UPI,Pending
2183,922,2025-04-16,Completed,Debit Card,Paid
2184,247,2026-04-09,Cancelled,Credit Card,Pending
2185,234,2026-02-28,Cancelled,Cash,Paid
2186,146,2025-03-21,Pending,Net Banking,Failed
2187,904,2025-05-13,Shipped,Net Banking,Failed
2188,924,2026-03-19,Cancelled,Credit Card,Failed
2189,936,2026-01-13,Cancelled,Cash,Failed
2190,426,2025-01-06,Shipped,Cash,Pending
2191,923,2026-03-08,Pending,Cash,Pending
2192,11,2025-11-04,Shipped,UPI,Failed
2193,460,2026-01-28,Pending,Credit Card,Paid
2194,118,2025-11-23,Completed,Credit Card,Pending
2195,188,2025-02-04,Cancelled,Credit Card,Failed
2196,979,2025-05-12,Shipped,Debit Card,Failed
2197,292,2025-05-27,Cancelled,UPI,Paid
2198,843,2025-07-22,Pending,UPI,Failed
2199,510,2026-03-10,Pending,Credit Card,Failed
2200,481,2025-01-19,Shipped,UPI,Paid
2201,39,2025-04-28,Shipped,Credit Card,Paid
2202,711,2026-01-26,Completed,Credit Card,Pending
2203,380,2025-11-12,Shipped,Credit Card,Pending
2204,788,2025-11-02,Completed,Net Banking,Paid
2205,216,2026-01-29,Cancelled,UPI,Failed
2206,972,2025-01-08,Pending,Debit Card,Pending
2207,180,2026-04-17,Cancelled,Cash,Paid
2208,660,2026-04-07,Completed,Cash,Pending
2209,970,2025-03-20,Cancelled,Net Banking,Paid
2210,189,2025-04-26,Pending,Debit Card,Failed
2211,450,2026-01-05,Completed,Cash,Paid
2212,252,2026-03-08,Cancelled,Net Banking,Paid
2213,561,2025-03-15,Cancelled,UPI,Paid
2214,67,2025-12-17,Shipped,Net Banking,Failed
2215,634,2025-01-09,Pending,Debit Card,Pending
2216,147,2025-01-20,Completed,Credit Card,Paid
2217,4,2025-07-15,Completed,Cash,Failed
2218,878,2025-03-03,Pending,UPI,Failed
2219,76,2025-10-07,Completed,Cash,Failed
2220,396,2025-11-27,Cancelled,Net Banking,Pending
2221,933,2025-08-19,Pending,Cash,Failed
2222,354,2025-05-09,Shipped,Cash,Paid
2223,550,2025-08-21,Cancelled,Credit Card,Paid
2224,653,2025-05-27,Pending,Cash,Pending
2225,165,2026-03-28,Cancelled,UPI,Pending
2226,308,2026-02-17,Pending,UPI,Pending
2227,728,2025-07-30,Pending,Cash,Paid
2228,642,2026-03-07,Cancelled,Credit Card,Pending
2229,905,2025-08-04,Shipped,Cash,Failed
2230,455,2025-08-20,Shipped,Cash,Pending
2231,334,2025-06-22,Shipped,Credit Card,Failed
2232,211,2025-09-29,Pending,Credit Card,Failed
2233,583,2025-04-08,Pending,Net Banking,Pending
2234,475,2026-04-06,Shipped,Debit Card,Failed
2235,219,2025-06-07,Shipped,Credit Card,Pending
2236,556,2025-02-25,Shipped,Debit Card,Failed
2237,53,2025-07-31,Pending,Credit Card,Pending
2238,912,2025-10-10,Pending,Cash,Failed
2239,185,2025-08-10,Shipped,UPI,Failed
2240,396,2025-04-16,Pending,Debit Card,Failed
2241,577,2025-12-15,Pending,Cash,Failed
2242,821,2026-02-05,Pending,Credit Card,Pending
2243,480,2025-06-12,Pending,Credit Card,Pending
2244,626,2025-06-11,Completed,UPI,Paid
2245,22,2025-02-13,Completed,UPI,Pending
2246,93,2026-03-13,Cancelled,Debit Card,Paid
2247,155,2026-01-16,Pending,Debit Card,Paid
2248,639,2025-07-05,Cancelled,Net Banking,Pending
2249,347,2025-09-01,Pending,Debit Card,Pending
2250,822,2025-02-21,Pending,Credit Card,Paid
2251,122,2025-08-01,Shipped,Credit Card,Failed
2252,644,2025-10-10,Shipped,Debit Card,Failed
2253,926,2026-03-11,Pending,UPI,Failed
2254,151,2026-04-30,Shipped,UPI,Paid
2255,902,2025-03-11,Shipped,Cash,Pending
2256,175,2025-09-02,Completed,Net Banking,Failed
2257,372,2026-02-23,Shipped,Net Banking,Failed
2258,459,2025-04-04,Completed,Cash,Failed
2259,353,2025-10-18,Cancelled,UPI,Pending
2260,182,2025-02-05,Pending,Net Banking,Pending
2261,404,2025-12-13,Pending,UPI,Failed
2262,985,2025-04-11,Cancelled,Debit Card,Failed
2263,972,2026-02-10,Completed,Debit Card,Failed
2264,507,2026-02-14,Completed,Net Banking,Failed
2265,174,2025-08-02,Cancelled,Debit Card,Paid
2266,287,2025-09-20,Completed,Cash,Pending
2267,171,2026-04-09,Completed,Credit Card,Failed
2268,270,2025-06-06,Shipped,Cash,Pending
2269,280,2025-01-21,Shipped,UPI,Pending
2270,33,2025-10-10,Pending,Net Banking,Paid
2271,588,2026-01-12,Completed,Debit Card,Pending
2272,927,2025-04-13,Shipped,Cash,Pending
2273,712,2025-01-19,Cancelled,Cash,Pending
2274,823,2025-07-07,Shipped,Cash,Failed
2275,136,2025-06-25,Cancelled,Debit Card,Failed
2276,501,2025-04-09,Cancelled,Debit Card,Paid
2277,461,2026-04-13,Completed,Debit Card,Failed
2278,117,2026-04-04,Completed,Credit Card,Paid
2279,77,2025-05-05,Pending,Debit Card,Paid
2280,586,2025-03-20,Pending,UPI,Paid
2281,741,2025-01-05,Completed,Debit Card,Failed
2282,160,2025-02-06,Shipped,Debit Card,Failed
2283,628,2025-02-24,Completed,UPI,Failed
2284,205,2025-03-13,Completed,Credit Card,Paid
2285,975,2026-01-03,Completed,UPI,Pending
2286,703,2026-02-10,Pending,Credit Card,Paid
2287,82,2026-01-03,Shipped,Debit Card,Failed
2288,198,2025-09-29,Shipped,Credit Card,Failed
2289,620,2025-09-11,Pending,Cash,Pending
2290,693,2026-01-10,Completed,Cash,Paid
2291,7,2025-09-17,Completed,Credit Card,Paid
2292,148,2025-05-15,Pending,UPI,Failed
2293,78,2026-01-25,Pending,Credit Card,Pending
2294,234,2026-01-23,Pending,Cash,Failed
2295,607,2026-03-05,Cancelled,Net Banking,Pending
2296,656,2025-09-17,Cancelled,Credit Card,Pending
2297,845,2025-05-09,Cancelled,Credit Card,Failed
2298,671,2025-01-04,Cancelled,Debit Card,Paid
2299,64,2025-02-03,Completed,Cash,Pending
2300,751,2026-04-08,Completed,Net Banking,Pending
2301,691,2025-02-10,Shipped,UPI,Failed
2302,91,2025-12-12,Cancelled,Net Banking,Pending
2303,698,2025-12-24,Completed,Net Banking,Pending
2304,860,2026-01-08,Cancelled,Cash,Pending
2305,831,2026-01-16,Shipped,Debit Card,Pending
2306,782,2025-06-03,Shipped,Debit Card,Failed
2307,195,2026-01-17,Pending,Net Banking,Paid
2308,708,2025-01-22,Cancelled,Cash,Pending
2309,473,2026-03-27,Cancelled,Cash,Pending
2310,921,2026-03-21,Shipped,Cash,Paid
2311,756,2025-03-14,Shipped,Cash,Paid
2312,143,2026-03-24,Cancelled,Cash,Failed
2313,410,2025-03-18,Cancelled,UPI,Pending
2314,838,2026-02-10,Pending,Credit Card,Failed
2315,189,2026-04-30,Pending,UPI,Paid
2316,484,2025-07-20,Pending,Debit Card,Pending
2317,23,2025-04-12,Shipped,Cash,Paid
2318,850,2025-06-05,Cancelled,Credit Card,Paid
2319,622,2025-09-07,Shipped,Cash,Pending
2320,873,2026-05-01,Pending,Cash,Failed
2321,362,2025-01-31,Completed,UPI,Pending
2322,489,2025-12-28,Cancelled,Credit Card,Paid
2323,966,2025-09-23,Shipped,Credit Card,Pending
2324,14,2025-09-09,Cancelled,Credit Card,Pending
2325,319,2025-11-19,Shipped,Net Banking,Paid
2326,133,2025-11-03,Cancelled,Debit Card,Failed
2327,827,2025-07-11,Pending,Debit Card,Failed
2328,485,2026-05-12,Completed,UPI,Pending
2329,428,2025-07-09,Pending,Credit Card,Pending
2330,240,2025-12-19,Cancelled,Cash,Pending
2331,349,2025-10-12,Cancelled,Credit Card,Paid
2332,330,2026-05-10,Pending,Net Banking,Failed
2333,833,2025-05-02,Pending,Cash,Failed
2334,912,2025-08-29,Completed,Debit Card,Failed
2335,98,2026-03-27,Shipped,Credit Card,Failed
2336,84,2025-06-14,Shipped,Cash,Failed
2337,913,2026-04-07,Cancelled,UPI,Pending
2338,797,2025-07-19,Pending,Debit Card,Failed
2339,373,2025-03-15,Completed,Cash,Paid
2340,649,2025-04-25,Completed,Debit Card,Pending
2341,636,2026-02-27,Shipped,Net Banking,Paid
2342,280,2026-02-06,Cancelled,Cash,Pending
2343,905,2025-11-06,Pending,Credit Card,Failed
2344,124,2025-11-06,Cancelled,UPI,Failed
2345,200,2026-03-30,Cancelled,Credit Card,Pending
2346,718,2025-08-05,Completed,Debit Card,Pending
2347,148,2025-04-15,Cancelled,UPI,Paid
2348,660,2025-11-30,Shipped,UPI,Pending
2349,795,2025-08-27,Pending,Cash,Failed
2350,569,2025-07-15,Pending,Net Banking,Pending
2351,322,2026-01-24,Completed,Debit Card,Pending
2352,203,2025-05-22,Shipped,Debit Card,Paid
2353,132,2025-10-28,Cancelled,UPI,Paid
2354,889,2025-01-27,Cancelled,Net Banking,Pending
2355,146,2025-07-08,Cancelled,Cash,Failed
2356,644,2025-01-14,Shipped,Debit Card,Pending
2357,335,2025-04-02,Completed,Debit Card,Pending
2358,775,2025-10-17,Completed,Net Banking,Paid
2359,735,2026-01-06,Pending,Cash,Paid
2360,70,2026-04-20,Pending,Credit Card,Paid
2361,168,2025-09-25,Pending,UPI,Pending
2362,366,2026-05-13,Cancelled,UPI,Pending
2363,769,2025-06-25,Completed,Cash,Pending
2364,64,2025-10-07,Shipped,Cash,Failed
2365,562,2025-03-21,Completed,Credit Card,Pending
2366,119,2025-03-23,Cancelled,Credit Card,Paid
2367,661,2025-01-29,Completed,UPI,Failed
2368,715,2026-03-08,Pending,Cash,Paid
2369,225,2025-01-22,Pending,Credit Card,Paid
2370,328,2025-09-14,Cancelled,Cash,Failed
2371,406,2025-12-10,Completed,Net Banking,Pending
2372,25,2025-09-10,Shipped,Net Banking,Paid
2373,205,2025-01-21,Completed,Credit Card,Paid
2374,504,2025-10-26,Completed,Debit Card,Failed
2375,596,2025-02-11,Cancelled,Net Banking,Paid
2376,218,2025-07-23,Pending,Net Banking,Paid
2377,643,2026-04-14,Cancelled,Debit Card,Failed
2378,524,2025-07-11,Shipped,Credit Card,Paid
2379,623,2026-01-22,Cancelled,Debit Card,Paid
2380,920,2025-06-17,Cancelled,Cash,Paid
2381,293,2025-11-30,Shipped,UPI,Pending
2382,991,2025-11-05,Shipped,Credit Card,Paid
2383,43,2025-02-27,Shipped,UPI,Failed
2384,896,2026-04-23,Pending,Credit Card,Failed
2385,766,2026-01-12,Cancelled,Credit Card,Failed
2386,311,2026-02-23,Cancelled,Cash,Paid
2387,642,2025-11-28,Pending,Net Banking,Pending
2388,524,2025-04-22,Completed,Debit Card,Paid
2389,850,2025-04-21,Pending,Debit Card,Paid
2390,970,2025-09-13,Shipped,Debit Card,Pending
2391,617,2025-07-20,Pending,Cash,Pending
2392,612,2025-10-15,Cancelled,Credit Card,Paid
2393,110,2025-11-12,Completed,UPI,Failed
2394,878,2025-01-26,Completed,Debit Card,Paid
2395,456,2025-06-05,Shipped,Net Banking,Paid
2396,55,2025-02-19,Cancelled,Credit Card,Failed
2397,995,2025-04-08,Shipped,Debit Card,Paid
2398,428,2025-05-24,Completed,Debit Card,Paid
2399,123,2026-04-06,Cancelled,Credit Card,Pending
2400,953,2025-08-22,Pending,UPI,Failed
2401,976,2026-01-17,Completed,Cash,Paid
2402,116,2025-01-08,Completed,Credit Card,Pending
2403,908,2026-03-22,Cancelled,Debit Card,Paid
2404,577,2025-12-26,Shipped,UPI,Failed
2405,157,2025-12-21,Pending,UPI,Pending
2406,387,2025-12-14,Completed,UPI,Pending
2407,851,2025-08-10,Shipped,Cash,Paid
2408,14,2026-05-14,Completed,UPI,Pending
2409,289,2025-12-30,Shipped,Credit Card,Pending
2410,688,2025-01-13,Cancelled,Credit Card,Paid
2411,459,2025-12-20,Completed,UPI,Failed
2412,878,2026-03-04,Shipped,Net Banking,Failed
2413,811,2025-09-08,Pending,UPI,Pending
2414,91,2025-07-06,Cancelled,Cash,Pending
2415,168,2025-10-06,Cancelled,Debit Card,Failed
2416,554,2025-10-10,Pending,Debit Card,Failed
2417,356,2025-11-24,Shipped,Credit Card,Failed
2418,382,2025-07-25,Shipped,Debit Card,Pending
2419,834,2025-03-17,Shipped,Net Banking,Pending
2420,985,2025-07-04,Shipped,UPI,Failed
2421,907,2025-05-10,Pending,Debit Card,Pending
2422,478,2025-11-27,Shipped,Net Banking,Failed
2423,912,2025-03-26,Completed,Debit Card,Failed
2424,881,2026-04-16,Pending,Net Banking,Pending
2425,648,2025-10-04,Pending,Net Banking,Paid
2426,836,2026-05-16,Pending,Cash,Paid
2427,430,2026-02-26,Completed,Net Banking,Failed
2428,533,2025-01-22,Completed,Net Banking,Paid
2429,957,2025-05-11,Pending,Credit Card,Failed
2430,807,2025-12-30,Cancelled,Cash,Paid
2431,750,2025-06-16,Cancelled,Net Banking,Pending
2432,673,2025-09-25,Shipped,Credit Card,Failed
2433,768,2025-06-29,Shipped,UPI,Paid
2434,660,2025-11-24,Shipped,Credit Card,Failed
2435,772,2026-04-04,Pending,UPI,Failed
2436,111,2026-02-14,Shipped,Credit Card,Paid
2437,973,2025-12-22,Cancelled,Credit Card,Pending
2438,846,2025-06-05,Pending,Net Banking,Failed
2439,975,2025-02-19,Pending,UPI,Paid
2440,303,2025-01-16,Completed,Credit Card,Paid
2441,795,2026-02-28,Completed,UPI,Pending
2442,974,2025-08-20,Completed,Cash,Pending
2443,413,2025-12-05,Completed,Net Banking,Pending
2444,398,2025-06-25,Cancelled,Credit Card,Pending
2445,635,2025-08-08,Shipped,Net Banking,Failed
2446,696,2025-01-22,Shipped,UPI,Pending
2447,360,2025-06-13,Completed,Debit Card,Failed
2448,882,2025-08-31,Shipped,Net Banking,Paid
2449,706,2025-08-05,Cancelled,Cash,Paid
2450,40,2025-07-14,Shipped,UPI,Pending
2451,557,2025-05-10,Completed,UPI,Paid
2452,851,2026-01-06,Completed,Cash,Pending
2453,346,2026-01-19,Pending,Net Banking,Pending
2454,331,2025-01-18,Cancelled,Net Banking,Failed
2455,463,2026-03-14,Pending,Net Banking,Pending
2456,11,2025-02-18,Pending,Net Banking,Failed
2457,29,2026-02-04,Shipped,UPI,Failed
2458,475,2025-04-03,Cancelled,Net Banking,Pending
2459,948,2026-02-15,Completed,Debit Card,Failed
2460,715,2025-03-02,Shipped,Credit Card,Pending
2461,875,2025-05-31,Pending,UPI,Pending
2462,340,2025-11-04,Shipped,UPI,Failed
2463,992,2025-03-21,Completed,Credit Card,Pending
2464,256,2025-09-06,Completed,Cash,Failed
2465,670,2026-02-18,Pending,Cash,Paid
2466,188,2025-06-04,Pending,Debit Card,Failed
2467,866,2025-10-26,Shipped,Credit Card,Failed
2468,828,2025-08-16,Completed,UPI,Paid
2469,136,2025-03-13,Completed,Cash,Pending
2470,814,2025-07-07,Shipped,UPI,Failed
2471,920,2025-09-26,Cancelled,Net Banking,Paid
2472,486,2025-08-03,Completed,Debit Card,Pending
2473,719,2025-10-13,Shipped,UPI,Paid
2474,270,2025-02-14,Cancelled,Cash,Pending
2475,942,2025-09-17,Pending,Credit Card,Paid
2476,166,2025-01-13,Completed,Net Banking,Paid
2477,202,2025-12-07,Shipped,Net Banking,Pending
2478,270,2025-10-13,Shipped,UPI,Failed
2479,597,2025-04-05,Shipped,UPI,Failed
2480,238,2025-01-21,Pending,Credit Card,Pending
2481,765,2025-03-10,Shipped,UPI,Pending
2482,523,2025-01-31,Completed,UPI,Failed
2483,273,2025-12-07,Completed,Debit Card,Paid
2484,943,2025-06-13,Pending,Cash,Paid
2485,680,2025-04-07,Shipped,Cash,Pending
2486,102,2025-04-20,Pending,Cash,Failed
2487,643,2025-11-21,Completed,Credit Card,Failed
2488,879,2025-03-07,Pending,UPI,Pending
2489,75,2025-09-20,Pending,Credit Card,Failed
2490,424,2026-01-21,Cancelled,Credit Card,Pending
2491,62,2025-07-28,Shipped,UPI,Pending
2492,405,2026-02-04,Completed,Credit Card,Failed
2493,954,2026-01-07,Cancelled,Cash,Pending
2494,857,2025-11-07,Pending,Credit Card,Pending
2495,973,2025-11-11,Shipped,Credit Card,Paid
2496,534,2025-11-03,Cancelled,Cash,Paid
2497,615,2025-08-10,Completed,Cash,Paid
2498,87,2025-10-15,Pending,UPI,Pending
2499,403,2025-05-23,Cancelled,Cash,Failed
2500,940,2026-02-18,Cancelled,Debit Card,Failed
2501,335,2025-11-06,Cancelled,Cash,Failed
2502,396,2025-09-07,Pending,Cash,Pending
2503,709,2025-02-16,Shipped,Debit Card,Failed
2504,632,2025-09-22,Completed,Debit Card,Failed
2505,957,2025-05-18,Cancelled,Debit Card,Failed
2506,234,2025-09-20,Cancelled,Debit Card,Paid
2507,196,2025-10-17,Cancelled,Debit Card,Paid
2508,344,2026-02-27,Shipped,Debit Card,Pending
2509,435,2025-11-03,Pending,Net Banking,Paid
2510,789,2026-02-15,Cancelled,Credit Card,Failed
2511,371,2025-12-18,Cancelled,Credit Card,Pending
2512,533,2025-10-25,Pending,UPI,Failed
2513,898,2026-01-06,Cancelled,Credit Card,Paid
2514,809,2025-11-03,Cancelled,Credit Card,Failed
2515,509,2026-02-19,Cancelled,Credit Card,Pending
2516,735,2025-09-05,Cancelled,Net Banking,Pending
2517,350,2025-10-03,Pending,Debit Card,Failed
2518,259,2025-02-06,Completed,Cash,Failed
2519,4,2025-07-21,Completed,Credit Card,Pending
2520,507,2026-04-21,Shipped,Net Banking,Failed
2521,284,2026-02-25,Shipped,Credit Card,Pending
2522,438,2025-01-27,Shipped,Net Banking,Paid
2523,448,2025-09-01,Shipped,Debit Card,Paid
2524,186,2025-03-13,Completed,Debit Card,Paid
2525,868,2025-01-22,Completed,Debit Card,Paid
2526,549,2025-10-08,Cancelled,Credit Card,Paid
2527,761,2026-04-19,Shipped,Credit Card,Paid
2528,677,2026-04-02,Completed,UPI,Paid
2529,640,2025-06-22,Cancelled,Debit Card,Pending
2530,237,2025-05-04,Pending,Net Banking,Failed
2531,770,2025-10-20,Cancelled,Net Banking,Pending
2532,243,2026-03-07,Pending,UPI,Failed
2533,325,2025-10-27,Pending,Credit Card,Pending
2534,555,2025-04-15,Completed,Credit Card,Paid
2535,759,2025-10-20,Cancelled,Cash,Paid
2536,253,2025-02-18,Shipped,Credit Card,Paid
2537,625,2025-08-24,Pending,Credit Card,Paid
2538,110,2025-05-24,Completed,Credit Card,Failed
2539,446,2025-06-07,Shipped,Cash,Paid
2540,103,2025-04-29,Completed,Cash,Failed
2541,454,2025-08-16,Pending,Cash,Failed
2542,390,2026-01-20,Completed,Net Banking,Pending
2543,903,2025-04-16,Shipped,Cash,Failed
2544,330,2025-06-25,Completed,Cash,Failed
2545,398,2025-11-12,Shipped,Net Banking,Paid
2546,148,2025-07-10,Completed,Net Banking,Failed
2547,387,2025-12-16,Pending,Cash,Paid
2548,322,2025-04-22,Cancelled,Cash,Pending
2549,733,2025-05-08,Cancelled,Credit Card,Pending
2550,899,2025-11-04,Shipped,UPI,Failed
2551,577,2026-04-24,Pending,UPI,Pending
2552,820,2026-01-01,Completed,Cash,Failed
2553,369,2025-06-26,Shipped,UPI,Pending
2554,742,2025-08-12,Shipped,Cash,Paid
2555,262,2025-08-12,Cancelled,Credit Card,Pending
2556,934,2025-07-07,Cancelled,Cash,Paid
2557,225,2025-03-28,Pending,UPI,Pending
2558,50,2025-07-06,Pending,UPI,Failed
2559,163,2026-04-14,Completed,Net Banking,Failed
2560,52,2025-10-11,Cancelled,UPI,Failed
2561,262,2026-04-23,Shipped,Credit Card,Pending
2562,880,2025-03-14,Shipped,Debit Card,Paid
2563,420,2025-04-28,Cancelled,Credit Card,Failed
2564,238,2025-02-04,Completed,Net Banking,Paid
2565,671,2025-10-21,Pending,Debit Card,Failed
2566,965,2025-08-29,Shipped,Credit Card,Paid
2567,828,2025-01-09,Pending,Net Banking,Failed
2568,69,2025-02-09,Completed,Debit Card,Paid
2569,128,2025-10-01,Shipped,Net Banking,Pending
2570,184,2026-01-06,Pending,Net Banking,Paid
2571,806,2025-05-06,Completed,Debit Card,Paid
2572,279,2026-01-28,Completed,Net Banking,Failed
2573,59,2026-04-04,Shipped,Credit Card,Paid
2574,481,2025-01-25,Pending,Credit Card,Paid
2575,624,2026-03-18,Cancelled,Net Banking,Pending
2576,252,2025-08-25,Shipped,Credit Card,Failed
2577,731,2025-02-26,Pending,Credit Card,Failed
2578,773,2025-11-07,Completed,UPI,Pending
2579,1,2025-03-11,Cancelled,Cash,Failed
2580,502,2026-02-14,Shipped,Net Banking,Failed
2581,414,2026-01-07,Shipped,Net Banking,Pending
2582,621,2026-02-07,Shipped,Debit Card,Failed
2583,418,2026-04-25,Pending,Net Banking,Pending
2584,825,2025-03-06,Completed,Credit Card,Paid
2585,377,2025-11-04,Cancelled,UPI,Failed
2586,423,2026-04-08,Shipped,Cash,Pending
2587,25,2025-07-11,Cancelled,Cash,Paid
2588,17,2026-01-20,Pending,Cash,Failed
2589,151,2026-01-20,Shipped,Net Banking,Failed
2590,665,2025-03-13,Cancelled,Cash,Paid
2591,17,2025-03-14,Pending,Cash,Pending
2592,409,2025-09-07,Shipped,Cash,Pending
2593,210,2026-03-28,Shipped,Credit Card,Pending
2594,53,2026-05-07,Pending,Credit Card,Failed
2595,104,2026-04-18,Cancelled,Debit Card,Paid
2596,477,2025-06-29,Shipped,Cash,Paid
2597,302,2025-11-03,Cancelled,Net Banking,Failed
2598,42,2025-09-02,Shipped,UPI,Pending
2599,199,2025-06-19,Cancelled,Net Banking,Paid
2600,104,2025-01-06,Pending,Net Banking,Pending
2601,26,2025-01-31,Pending,Net Banking,Pending
2602,460,2025-01-13,Shipped,Debit Card,Failed
2603,356,2025-08-24,Cancelled,Debit Card,Pending
2604,821,2025-01-27,Completed,Cash,Pending
2605,782,2025-08-10,Completed,Net Banking,Failed
2606,580,2026-01-19,Completed,Credit Card,Pending
2607,677,2025-06-19,Shipped,Debit Card,Paid
2608,781,2025-03-14,Pending,UPI,Failed
2609,283,2025-07-16,Shipped,Credit Card,Paid
2610,311,2025-01-23,Completed,Credit Card,Paid
2611,583,2025-08-03,Pending,Cash,Paid
2612,561,2025-08-07,Cancelled,Credit Card,Paid
2613,168,2025-02-03,Completed,Debit Card,Failed
2614,806,2025-09-05,Completed,Credit Card,Pending
2615,170,2026-04-14,Shipped,UPI,Paid
2616,471,2025-12-09,Cancelled,Net Banking,Failed
2617,872,2025-07-10,Shipped,Debit Card,Failed
2618,562,2025-10-13,Cancelled,Debit Card,Failed
2619,684,2025-03-21,Cancelled,Net Banking,Paid
2620,835,2025-04-26,Completed,Cash,Pending
2621,337,2025-05-20,Cancelled,Cash,Failed
2622,53,2025-07-27,Cancelled,Debit Card,Paid
2623,152,2026-02-26,Pending,Credit Card,Paid
2624,927,2025-08-26,Pending,UPI,Failed
2625,518,2025-10-05,Cancelled,Cash,Failed
2626,430,2025-07-24,Cancelled,Debit Card,Paid
2627,167,2025-05-05,Shipped,UPI,Pending
2628,911,2026-04-20,Completed,Cash,Pending
2629,443,2026-02-22,Pending,Cash,Pending
2630,32,2026-05-16,Cancelled,Debit Card,Paid
2631,242,2025-06-07,Shipped,Cash,Pending
2632,220,2025-10-29,Shipped,Cash,Paid
2633,250,2025-05-27,Pending,Debit Card,Paid
2634,335,2025-11-03,Shipped,UPI,Paid
2635,85,2025-02-12,Completed,Credit Card,Failed
2636,505,2025-08-08,Completed,Credit Card,Paid
2637,483,2025-01-02,Pending,UPI,Paid
2638,864,2025-05-30,Cancelled,Debit Card,Failed
2639,90,2025-10-20,Completed,Credit Card,Pending
2640,103,2025-06-19,Completed,Net Banking,Paid
2641,630,2025-01-21,Completed,Credit Card,Paid
2642,401,2026-04-05,Shipped,UPI,Pending
2643,299,2025-10-31,Completed,Net Banking,Pending
2644,67,2025-03-12,Shipped,Net Banking,Pending
2645,659,2025-03-22,Completed,Cash,Failed
2646,706,2025-04-25,Cancelled,UPI,Pending
2647,347,2026-03-13,Pending,Cash,Pending
2648,975,2025-07-03,Cancelled,Debit Card,Failed
2649,835,2025-12-28,Shipped,Cash,Paid
2650,868,2026-02-11,Cancelled,Debit Card,Paid
2651,473,2025-05-04,Pending,Credit Card,Paid
2652,61,2025-02-10,Completed,Credit Card,Paid
2653,130,2025-08-18,Pending,UPI,Pending
2654,341,2026-01-30,Cancelled,Net Banking,Paid
2655,494,2026-01-03,Shipped,Cash,Paid
2656,660,2026-04-22,Cancelled,Credit Card,Pending
2657,35,2025-12-02,Cancelled,Credit Card,Pending
2658,354,2025-04-09,Completed,UPI,Paid
2659,874,2026-03-07,Cancelled,Cash,Paid
2660,510,2026-02-21,Shipped,Cash,Failed
2661,332,2026-03-18,Shipped,Credit Card,Pending
2662,990,2026-01-17,Shipped,Debit Card,Failed
2663,717,2026-03-21,Pending,UPI,Paid
2664,257,2026-05-04,Shipped,UPI,Pending
2665,343,2026-03-25,Pending,UPI,Paid
2666,526,2025-05-03,Shipped,Debit Card,Paid
2667,185,2026-01-05,Shipped,UPI,Paid
2668,370,2025-11-20,Cancelled,Net Banking,Pending
2669,3,2025-06-22,Completed,Cash,Failed
2670,217,2025-04-14,Pending,Debit Card,Failed
2671,879,2025-12-04,Cancelled,Net Banking,Pending
2672,542,2026-04-01,Pending,Cash,Failed
2673,41,2026-02-14,Shipped,Net Banking,Failed
2674,552,2025-05-29,Shipped,UPI,Pending
2675,19,2025-06-20,Shipped,Net Banking,Failed
2676,811,2026-05-10,Completed,Cash,Pending
2677,475,2026-04-21,Pending,Debit Card,Failed
2678,461,2025-04-25,Cancelled,Debit Card,Failed
2679,40,2026-03-13,Pending,Net Banking,Pending
2680,272,2025-07-22,Completed,Net Banking,Paid
2681,228,2025-01-21,Shipped,Credit Card,Pending
2682,441,2025-01-02,Completed,UPI,Pending
2683,834,2025-10-02,Shipped,UPI,Failed
2684,976,2026-03-21,Cancelled,Net Banking,Failed
2685,509,2025-01-27,Pending,Net Banking,Failed
2686,295,2025-10-10,Completed,Credit Card,Pending
2687,744,2025-10-15,Cancelled,Credit Card,Failed
2688,206,2025-12-02,Completed,Cash,Paid
2689,663,2025-06-18,Pending,Cash,Paid
2690,133,2025-02-20,Cancelled,Credit Card,Failed
2691,688,2025-05-30,Cancelled,Cash,Paid
2692,437,2026-04-09,Pending,Credit Card,Pending
2693,784,2025-02-19,Cancelled,Debit Card,Failed
2694,562,2025-12-21,Completed,UPI,Paid
2695,125,2026-03-24,Completed,Credit Card,Paid
2696,789,2026-02-03,Cancelled,Credit Card,Paid
2697,463,2026-01-27,Cancelled,UPI,Failed
2698,856,2026-01-28,Shipped,Net Banking,Paid
2699,685,2025-09-04,Cancelled,UPI,Pending
2700,95,2026-02-08,Cancelled,Credit Card,Pending
2701,194,2026-02-17,Cancelled,UPI,Failed
2702,993,2026-02-16,Completed,UPI,Paid
2703,351,2025-03-16,Pending,Net Banking,Failed
2704,199,2025-10-01,Shipped,Debit Card,Paid
2705,874,2025-06-24,Shipped,Cash,Paid
2706,525,2026-02-18,Shipped,Credit Card,Paid
2707,636,2025-04-08,Shipped,Net Banking,Failed
2708,69,2025-12-24,Pending,Cash,Failed
2709,469,2026-01-30,Shipped,Debit Card,Failed
2710,204,2025-07-08,Completed,UPI,Pending
2711,4,2025-04-07,Cancelled,UPI,Failed
2712,382,2026-04-24,Cancelled,Cash,Failed
2713,8,2026-03-05,Cancelled,Cash,Paid
2714,864,2025-03-10,Completed,Net Banking,Failed
2715,785,2025-10-15,Completed,Net Banking,Paid
2716,507,2025-08-31,Cancelled,UPI,Failed
2717,34,2026-02-20,Cancelled,Credit Card,Pending
2718,842,2025-10-02,Shipped,Debit Card,Paid
2719,110,2026-03-16,Completed,Debit Card,Failed
2720,141,2026-05-09,Cancelled,Cash,Paid
2721,349,2025-05-24,Shipped,UPI,Failed
2722,77,2025-07-06,Shipped,Debit Card,Failed
2723,417,2025-06-03,Completed,UPI,Pending
2724,190,2025-06-17,Completed,Credit Card,Failed
2725,614,2025-11-05,Completed,Debit Card,Paid
2726,999,2025-02-18,Cancelled,Debit Card,Pending
2727,127,2026-03-31,Pending,Net Banking,Paid
2728,820,2025-10-26,Completed,Credit Card,Paid
2729,319,2025-05-22,Completed,Net Banking,Failed
2730,708,2026-03-22,Cancelled,Net Banking,Failed
2731,103,2025-06-02,Shipped,UPI,Pending
2732,900,2026-04-16,Shipped,UPI,Failed
2733,276,2025-06-20,Completed,Credit Card,Paid
2734,972,2025-02-18,Completed,UPI,Pending
2735,481,2025-01-22,Cancelled,Cash,Failed
2736,271,2025-02-24,Pending,Net Banking,Failed
2737,814,2026-04-04,Pending,UPI,Pending
2738,190,2025-03-28,Completed,UPI,Pending
2739,747,2025-04-22,Pending,Credit Card,Failed
2740,842,2026-05-06,Pending,Cash,Paid
2741,536,2025-12-15,Cancelled,Net Banking,Failed
2742,863,2026-02-02,Pending,Cash,Failed
2743,61,2025-05-02,Shipped,Credit Card,Failed
2744,398,2025-12-08,Pending,Net Banking,Pending
2745,140,2025-06-26,Shipped,Net Banking,Pending
2746,593,2026-04-12,Cancelled,Debit Card,Paid
2747,877,2025-11-12,Completed,Cash,Pending
2748,620,2025-11-28,Shipped,UPI,Paid
2749,605,2025-07-27,Pending,Debit Card,Failed
2750,591,2025-03-07,Pending,Net Banking,Paid
2751,688,2026-05-11,Pending,Credit Card,Failed
2752,237,2025-01-21,Pending,UPI,Failed
2753,701,2025-02-06,Shipped,Credit Card,Paid
2754,983,2025-05-22,Completed,Net Banking,Paid
2755,216,2025-11-30,Completed,UPI,Pending
2756,350,2025-02-24,Pending,Cash,Paid
2757,742,2025-03-17,Completed,Debit Card,Pending
2758,421,2026-05-16,Shipped,Net Banking,Failed
2759,455,2025-05-21,Pending,Credit Card,Paid
2760,362,2025-07-19,Pending,Credit Card,Pending
2761,972,2025-09-08,Cancelled,Cash,Paid
2762,4,2025-05-10,Shipped,Cash,Paid
2763,801,2025-02-01,Completed,Cash,Failed
2764,209,2025-05-29,Shipped,UPI,Pending
2765,291,2025-03-14,Cancelled,Credit Card,Pending
2766,15,2026-01-29,Shipped,Net Banking,Paid
2767,466,2025-10-28,Cancelled,Debit Card,Failed
2768,461,2025-04-25,Pending,Debit Card,Pending
2769,400,2026-05-09,Cancelled,Credit Card,Pending
2770,449,2025-04-23,Pending,UPI,Paid
2771,498,2025-11-27,Shipped,Credit Card,Failed
2772,658,2025-09-18,Pending,UPI,Pending
2773,380,2026-01-05,Cancelled,UPI,Pending
2774,675,2026-03-18,Cancelled,Cash,Paid
2775,581,2025-02-02,Completed,Credit Card,Pending
2776,830,2025-05-10,Pending,Net Banking,Failed
2777,819,2025-10-22,Pending,Cash,Failed
2778,153,2025-01-02,Completed,Debit Card,Failed
2779,568,2026-01-30,Shipped,Net Banking,Pending
2780,493,2025-01-01,Pending,Credit Card,Paid
2781,314,2026-01-11,Shipped,Debit Card,Failed
2782,279,2026-02-16,Pending,Cash,Failed
2783,984,2026-03-08,Cancelled,UPI,Pending
2784,640,2025-08-30,Pending,Credit Card,Pending
2785,879,2025-01-24,Cancelled,Debit Card,Pending
2786,247,2026-01-24,Cancelled,Cash,Paid
2787,981,2025-08-09,Completed,UPI,Paid
2788,918,2025-10-17,Pending,Credit Card,Pending
2789,45,2026-03-20,Pending,Cash,Pending
2790,757,2025-10-01,Completed,UPI,Failed
2791,562,2026-05-15,Shipped,Credit Card,Paid
2792,220,2026-01-13,Pending,Debit Card,Paid
2793,263,2025-01-19,Completed,Net Banking,Pending
2794,288,2025-03-03,Shipped,Credit Card,Paid
2795,946,2025-06-24,Pending,Net Banking,Paid
2796,825,2025-02-17,Cancelled,Net Banking,Failed
2797,645,2026-01-18,Pending,UPI,Pending
2798,284,2025-12-19,Pending,UPI,Pending
2799,222,2026-02-23,Shipped,Debit Card,Paid
2800,516,2025-02-15,Pending,Net Banking,Pending
2801,438,2025-01-01,Cancelled,Debit Card,Pending
2802,713,2025-10-12,Pending,UPI,Failed
2803,643,2025-02-19,Completed,Debit Card,Paid
2804,843,2025-03-30,Pending,Credit Card,Failed
2805,751,2025-01-24,Pending,Credit Card,Paid
2806,136,2025-04-12,Cancelled,Cash,Paid
2807,461,2025-12-05,Pending,Net Banking,Paid
2808,121,2025-01-17,Pending,Debit Card,Failed
2809,902,2026-01-23,Cancelled,Cash,Paid
2810,65,2025-12-19,Pending,Cash,Pending
2811,176,2025-01-04,Cancelled,UPI,Failed
2812,701,2025-03-31,Shipped,UPI,Paid
2813,162,2026-01-27,Pending,UPI,Paid
2814,112,2025-08-01,Shipped,Credit Card,Failed
2815,171,2026-02-21,Cancelled,Net Banking,Failed
2816,906,2025-10-12,Cancelled,Cash,Paid
2817,609,2026-03-01,Pending,Cash,Pending
2818,626,2025-03-30,Shipped,Debit Card,Pending
2819,621,2025-05-14,Pending,UPI,Paid
2820,303,2025-07-27,Shipped,Net Banking,Pending
2821,94,2026-04-20,Completed,Credit Card,Paid
2822,755,2025-04-28,Completed,Net Banking,Pending
2823,932,2025-07-22,Pending,UPI,Failed
2824,552,2025-04-03,Pending,Credit Card,Paid
2825,52,2026-04-10,Completed,Credit Card,Failed
2826,86,2025-10-10,Cancelled,Net Banking,Failed
2827,266,2025-02-17,Cancelled,Debit Card,Failed
2828,848,2025-03-11,Pending,UPI,Pending
2829,871,2025-09-09,Pending,Credit Card,Paid
2830,652,2025-12-24,Completed,Net Banking,Paid
2831,453,2025-11-16,Completed,Cash,Failed
2832,560,2025-11-21,Completed,Debit Card,Pending
2833,698,2025-03-26,Cancelled,Debit Card,Paid
2834,784,2025-01-17,Completed,UPI,Failed
2835,25,2025-12-20,Completed,UPI,Pending
2836,776,2025-03-26,Completed,UPI,Failed
2837,493,2025-04-08,Completed,Cash,Failed
2838,381,2025-11-28,Completed,Net Banking,Paid
2839,154,2026-01-04,Cancelled,Debit Card,Pending
2840,118,2025-12-11,Cancelled,Debit Card,Pending
2841,88,2025-03-23,Pending,Net Banking,Failed
2842,553,2025-10-23,Shipped,Debit Card,Pending
2843,933,2025-09-25,Completed,Credit Card,Paid
2844,782,2026-02-27,Cancelled,Net Banking,Failed
2845,44,2026-02-08,Cancelled,Cash,Pending
2846,520,2025-01-21,Shipped,Cash,Paid
2847,614,2025-01-23,Completed,UPI,Failed
2848,908,2025-05-14,Pending,Cash,Pending
2849,350,2025-11-22,Completed,Debit Card,Failed
2850,282,2025-09-22,Pending,Cash,Pending
2851,126,2025-10-16,Pending,Cash,Paid
2852,276,2026-02-13,Pending,Debit Card,Pending
2853,51,2025-12-05,Cancelled,Debit Card,Paid
2854,591,2026-02-06,Shipped,UPI,Failed
2855,41,2026-01-01,Shipped,UPI,Pending
2856,247,2025-04-17,Shipped,Net Banking,Failed
2857,472,2025-10-13,Cancelled,UPI,Failed
2858,652,2026-02-03,Pending,Credit Card,Paid
2859,275,2025-02-01,Completed,UPI,Pending
2860,855,2025-05-10,Completed,Net Banking,Failed
2861,6,2026-01-14,Cancelled,Debit Card,Failed
2862,561,2025-04-01,Shipped,Cash,Paid
2863,199,2025-09-22,Shipped,Credit Card,Failed
2864,66,2025-11-28,Shipped,Debit Card,Paid
2865,690,2025-03-21,Completed,Credit Card,Failed
2866,634,2025-07-24,Cancelled,Credit Card,Failed
2867,661,2025-10-20,Cancelled,Cash,Pending
2868,22,2025-03-23,Pending,Cash,Failed
2869,378,2025-03-08,Shipped,Credit Card,Paid
2870,984,2025-06-08,Cancelled,UPI,Pending
2871,42,2026-03-24,Shipped,Debit Card,Failed
2872,161,2025-07-19,Cancelled,Debit Card,Pending
2873,895,2026-03-20,Completed,Credit Card,Pending
2874,235,2026-02-08,Cancelled,Debit Card,Failed
2875,192,2025-12-16,Cancelled,Credit Card,Failed
2876,685,2025-01-12,Completed,Cash,Pending
2877,422,2025-06-07,Cancelled,Debit Card,Failed
2878,984,2025-10-22,Completed,Credit Card,Failed
2879,378,2025-02-25,Pending,Net Banking,Failed
2880,532,2025-09-14,Pending,Debit Card,Pending
2881,996,2026-01-07,Pending,Cash,Failed
2882,714,2026-03-02,Completed,Debit Card,Paid
2883,704,2025-05-29,Completed,Debit Card,Paid
2884,939,2025-04-15,Pending,Credit Card,Pending
2885,849,2025-04-10,Cancelled,Net Banking,Pending
2886,726,2026-03-29,Completed,Cash,Failed
2887,827,2025-04-24,Pending,UPI,Paid
2888,729,2025-02-18,Shipped,Net Banking,Pending
2889,900,2026-01-05,Completed,Net Banking,Paid
2890,1000,2025-11-07,Pending,Credit Card,Failed
2891,647,2025-02-16,Pending,Cash,Paid
2892,415,2025-03-10,Cancelled,Credit Card,Paid
2893,417,2026-03-28,Completed,UPI,Paid
2894,769,2026-04-16,Shipped,Debit Card,Pending
2895,473,2025-02-18,Shipped,Net Banking,Failed
2896,538,2026-03-19,Completed,UPI,Paid
2897,841,2025-04-17,Completed,UPI,Failed
2898,343,2025-02-24,Shipped,UPI,Failed
2899,858,2025-03-07,Completed,Credit Card,Failed
2900,342,2025-07-13,Shipped,Cash,Pending
2901,291,2026-01-09,Completed,Cash,Paid
2902,636,2026-03-28,Pending,Cash,Pending
2903,812,2025-11-09,Cancelled,Credit Card,Paid
2904,319,2025-02-09,Completed,UPI,Failed
2905,791,2025-11-24,Cancelled,UPI,Failed
2906,232,2025-05-30,Pending,Cash,Failed
2907,352,2025-09-02,Completed,Net Banking,Paid
2908,418,2026-01-23,Pending,Credit Card,Failed
2909,965,2025-03-22,Pending,Net Banking,Failed
2910,152,2025-09-16,Completed,Credit Card,Pending
2911,344,2025-05-21,Cancelled,Cash,Paid
2912,262,2025-02-17,Completed,Debit Card,Paid
2913,549,2025-09-24,Shipped,UPI,Pending
2914,22,2025-11-19,Cancelled,Credit Card,Pending
2915,405,2026-04-25,Shipped,Cash,Failed
2916,532,2025-01-24,Completed,UPI,Failed
2917,437,2025-03-07,Completed,UPI,Paid
2918,57,2026-03-24,Pending,Debit Card,Pending
2919,906,2025-07-23,Completed,UPI,Pending
2920,702,2025-03-20,Shipped,UPI,Pending
2921,764,2026-04-27,Pending,UPI,Paid
2922,224,2026-01-29,Cancelled,Debit Card,Pending
2923,838,2025-01-27,Shipped,Net Banking,Failed
2924,447,2025-04-04,Completed,Cash,Failed
2925,497,2026-03-10,Shipped,Net Banking,Failed
2926,147,2026-04-08,Pending,Net Banking,Pending
2927,768,2025-05-29,Completed,UPI,Paid
2928,918,2025-06-05,Completed,Net Banking,Pending
2929,199,2026-02-04,Cancelled,Debit Card,Paid
2930,884,2025-09-02,Pending,Cash,Paid
2931,240,2025-04-19,Cancelled,Net Banking,Failed
2932,55,2025-03-05,Completed,Debit Card,Pending
2933,711,2025-12-20,Completed,Net Banking,Paid
2934,378,2025-09-17,Completed,Debit Card,Pending
2935,187,2025-10-21,Completed,Cash,Pending
2936,827,2025-10-26,Pending,Cash,Failed
2937,587,2025-12-28,Shipped,Net Banking,Failed
2938,385,2026-02-18,Cancelled,Net Banking,Failed
2939,778,2025-11-06,Shipped,UPI,Failed
2940,149,2025-06-01,Cancelled,Net Banking,Pending
2941,975,2025-11-23,Pending,Credit Card,Pending
2942,106,2025-10-17,Cancelled,UPI,Failed
2943,318,2026-03-31,Pending,Credit Card,Paid
2944,190,2025-02-25,Pending,Debit Card,Paid
2945,993,2026-02-02,Shipped,Cash,Failed
2946,984,2025-10-14,Completed,Cash,Failed
2947,24,2025-12-25,Shipped,Credit Card,Pending
2948,121,2025-11-24,Shipped,Cash,Paid
2949,453,2025-11-25,Pending,Credit Card,Pending
2950,966,2025-10-15,Pending,Net Banking,Failed
2951,334,2025-04-23,Cancelled,Credit Card,Failed
2952,674,2025-03-12,Completed,Debit Card,Paid
2953,353,2026-04-05,Shipped,UPI,Paid
2954,712,2026-04-07,Shipped,Debit Card,Paid
2955,824,2025-10-09,Pending,Cash,Failed
2956,368,2026-01-26,Pending,Cash,Failed
2957,96,2025-05-17,Shipped,Net Banking,Pending
2958,417,2025-06-26,Completed,Credit Card,Paid
2959,494,2025-10-15,Shipped,UPI,Failed
2960,703,2026-03-02,Pending,Credit Card,Failed
2961,586,2025-06-10,Cancelled,UPI,Pending
2962,197,2026-03-08,Cancelled,Cash,Failed
2963,247,2025-03-18,Cancelled,Net Banking,Pending
2964,921,2025-11-17,Completed,UPI,Paid
2965,771,2025-09-02,Pending,UPI,Paid
2966,873,2025-12-08,Shipped,Net Banking,Pending
2967,907,2026-04-10,Shipped,UPI,Paid
2968,854,2025-03-01,Shipped,Net Banking,Paid
2969,84,2025-02-08,Pending,Net Banking,Pending
2970,993,2026-02-26,Completed,UPI,Paid
2971,541,2025-07-12,Completed,Net Banking,Failed
2972,83,2025-05-23,Cancelled,Net Banking,Paid
2973,756,2026-03-16,Cancelled,UPI,Pending
2974,793,2025-07-28,Pending,Net Banking,Paid
2975,597,2026-03-23,Shipped,Cash,Failed
2976,52,2025-03-15,Cancelled,Credit Card,Failed
2977,277,2025-05-24,Completed,Cash,Pending
2978,614,2025-08-15,Cancelled,Cash,Paid
2979,732,2025-01-30,Shipped,Credit Card,Failed
2980,782,2025-07-26,Shipped,Credit Card,Failed
2981,353,2025-03-12,Completed,Net Banking,Paid
2982,894,2026-01-17,Shipped,Cash,Pending
2983,49,2026-04-18,Pending,Net Banking,Failed
2984,617,2026-04-23,Completed,Debit Card,Paid
2985,960,2025-07-23,Cancelled,UPI,Paid
2986,208,2025-04-12,Shipped,Credit Card,Paid
2987,136,2026-04-25,Cancelled,Debit Card,Failed
2988,176,2026-04-22,Pending,Debit Card,Pending
2989,479,2025-02-25,Completed,Cash,Paid
2990,870,2025-04-15,Pending,UPI,Paid
2991,168,2025-11-05,Completed,Cash,Paid
2992,769,2025-04-23,Shipped,Credit Card,Failed
2993,326,2025-12-09,Pending,Cash,Pending
2994,588,2025-10-07,Cancelled,Cash,Paid
2995,224,2025-04-08,Shipped,UPI,Failed
2996,304,2025-10-07,Cancelled,Debit Card,Failed
2997,744,2025-01-26,Pending,Net Banking,Pending
2998,145,2025-01-25,Shipped,Debit Card,Failed
2999,997,2025-01-23,Completed,Cash,Pending
3000,55,2025-05-26,Pending,Cash,Paid
3001,257,2025-12-16,Completed,Cash,Pending
3002,111,2025-10-01,Pending,Cash,Failed
3003,512,2026-02-09,Pending,Credit Card,Paid
3004,854,2025-01-08,Pending,UPI,Pending
3005,841,2026-04-03,Pending,UPI,Failed
3006,268,2025-04-10,Shipped,Credit Card,Failed
3007,349,2025-10-07,Shipped,Net Banking,Pending
3008,777,2025-04-30,Shipped,Credit Card,Failed
3009,898,2025-05-05,Completed,Net Banking,Paid
3010,698,2025-10-06,Cancelled,Cash,Paid
3011,235,2025-06-23,Shipped,UPI,Pending
3012,720,2026-02-07,Shipped,Cash,Failed
3013,122,2026-04-20,Shipped,Cash,Failed
3014,413,2025-02-01,Shipped,Credit Card,Pending
3015,799,2025-09-23,Pending,UPI,Pending
3016,3,2026-01-27,Shipped,Net Banking,Paid
3017,675,2025-02-13,Pending,Credit Card,Paid
3018,358,2025-11-19,Cancelled,Credit Card,Paid
3019,696,2025-07-21,Cancelled,UPI,Pending
3020,459,2025-10-04,Completed,Debit Card,Pending
3021,154,2025-10-19,Completed,Net Banking,Failed
3022,960,2026-01-30,Pending,UPI,Failed
3023,336,2025-03-13,Shipped,Cash,Failed
3024,41,2026-05-04,Cancelled,Credit Card,Pending
3025,624,2025-11-16,Cancelled,Net Banking,Paid
3026,163,2026-05-03,Pending,UPI,Pending
3027,35,2026-02-13,Pending,Net Banking,Pending
3028,737,2026-05-15,Cancelled,Net Banking,Pending
3029,134,2025-11-28,Cancelled,Net Banking,Pending
3030,754,2026-03-10,Completed,UPI,Pending
3031,463,2025-06-27,Shipped,UPI,Failed
3032,452,2025-12-02,Completed,Debit Card,Paid
3033,917,2025-05-01,Shipped,Cash,Pending
3034,201,2025-09-02,Pending,UPI,Failed
3035,282,2025-08-20,Shipped,UPI,Failed
3036,737,2025-02-02,Shipped,Cash,Failed
3037,505,2025-09-30,Shipped,Net Banking,Paid
3038,639,2026-03-15,Shipped,Net Banking,Pending
3039,866,2026-01-03,Pending,Credit Card,Pending
3040,591,2025-09-22,Pending,Cash,Failed
3041,810,2025-01-20,Cancelled,Net Banking,Paid
3042,659,2025-07-24,Pending,Credit Card,Pending
3043,713,2025-01-27,Cancelled,UPI,Failed
3044,889,2026-04-04,Cancelled,Cash,Pending
3045,635,2026-01-08,Cancelled,Cash,Failed
3046,32,2025-01-20,Completed,Credit Card,Pending
3047,555,2026-04-06,Pending,Debit Card,Pending
3048,258,2025-05-18,Pending,Net Banking,Pending
3049,608,2025-08-24,Shipped,Credit Card,Paid
3050,847,2025-06-30,Cancelled,Credit Card,Failed
3051,650,2025-05-07,Pending,Net Banking,Failed
3052,868,2025-10-22,Cancelled,Cash,Paid
3053,964,2026-03-20,Pending,Net Banking,Failed
3054,106,2026-04-24,Cancelled,Cash,Paid
3055,82,2025-05-14,Cancelled,Credit Card,Failed
3056,346,2026-01-25,Shipped,Credit Card,Pending
3057,172,2025-07-19,Pending,Cash,Failed
3058,890,2025-04-24,Pending,Debit Card,Failed
3059,801,2025-11-08,Cancelled,UPI,Paid
3060,963,2026-03-17,Completed,Net Banking,Failed
3061,379,2025-07-20,Cancelled,UPI,Failed
3062,532,2025-09-08,Cancelled,Cash,Failed
3063,17,2025-06-16,Cancelled,Cash,Failed
3064,845,2025-05-28,Cancelled,Credit Card,Paid
3065,314,2025-04-10,Completed,Net Banking,Failed
3066,949,2025-02-08,Completed,Cash,Failed
3067,169,2025-09-05,Completed,Credit Card,Failed
3068,722,2026-03-03,Cancelled,Net Banking,Paid
3069,813,2025-05-18,Completed,UPI,Pending
3070,404,2025-04-18,Cancelled,UPI,Pending
3071,465,2025-05-31,Completed,Debit Card,Pending
3072,110,2025-04-14,Pending,Credit Card,Pending
3073,908,2025-11-14,Pending,Cash,Pending
3074,867,2026-01-08,Completed,Credit Card,Pending
3075,872,2025-08-18,Cancelled,UPI,Paid
3076,636,2026-05-07,Cancelled,Credit Card,Failed
3077,659,2026-03-19,Completed,Debit Card,Paid
3078,795,2025-01-19,Cancelled,Credit Card,Pending
3079,631,2025-07-16,Completed,Net Banking,Failed
3080,575,2025-08-31,Completed,Net Banking,Failed
3081,135,2026-03-04,Shipped,UPI,Pending
3082,133,2025-07-04,Pending,Net Banking,Failed
3083,878,2025-10-13,Cancelled,Cash,Paid
3084,141,2026-04-01,Cancelled,Net Banking,Pending
3085,60,2025-08-02,Cancelled,Net Banking,Failed
3086,812,2025-08-01,Shipped,Net Banking,Pending
3087,306,2025-05-24,Pending,Credit Card,Pending
3088,346,2025-12-28,Cancelled,Debit Card,Failed
3089,348,2025-11-20,Shipped,Debit Card,Pending
3090,730,2026-02-08,Cancelled,Credit Card,Failed
3091,312,2025-03-07,Completed,UPI,Failed
3092,341,2025-08-08,Completed,Credit Card,Paid
3093,41,2026-03-28,Completed,Credit Card,Pending
3094,655,2025-07-10,Pending,Net Banking,Failed
3095,238,2026-03-26,Completed,Credit Card,Paid
3096,899,2025-11-26,Completed,Debit Card,Pending
3097,214,2025-02-05,Completed,Debit Card,Pending
3098,35,2025-09-04,Pending,Cash,Failed
3099,187,2026-01-13,Completed,Debit Card,Pending
3100,872,2025-05-26,Shipped,Cash,Failed
3101,734,2025-11-14,Shipped,Credit Card,Pending
3102,871,2026-05-09,Pending,Cash,Pending
3103,653,2026-04-06,Shipped,Debit Card,Failed
3104,154,2025-07-31,Completed,Credit Card,Pending
3105,528,2026-03-10,Pending,Debit Card,Pending
3106,973,2025-04-18,Completed,Net Banking,Paid
3107,834,2026-02-17,Pending,Net Banking,Paid
3108,137,2026-01-13,Pending,UPI,Paid
3109,622,2025-04-13,Pending,UPI,Failed
3110,640,2025-06-06,Completed,UPI,Pending
3111,9,2026-01-14,Completed,Net Banking,Paid
3112,269,2025-08-01,Shipped,Credit Card,Paid
3113,567,2026-01-03,Shipped,Debit Card,Paid
3114,170,2025-09-30,Shipped,Cash,Failed
3115,90,2025-12-28,Shipped,Credit Card,Paid
3116,359,2026-04-06,Shipped,Cash,Pending
3117,765,2025-05-14,Cancelled,Net Banking,Failed
3118,496,2025-05-17,Pending,Cash,Paid
3119,585,2026-03-18,Completed,Debit Card,Paid
3120,93,2025-11-13,Shipped,Cash,Failed
3121,247,2025-10-11,Completed,Cash,Paid
3122,890,2025-10-09,Pending,Cash,Paid
3123,481,2025-11-27,Pending,UPI,Pending
3124,221,2025-12-18,Pending,Cash,Failed
3125,223,2026-01-08,Pending,UPI,Pending
3126,177,2025-04-04,Pending,Net Banking,Failed
3127,630,2026-04-11,Pending,Cash,Paid
3128,104,2026-05-05,Shipped,Debit Card,Failed
3129,600,2026-03-14,Completed,Debit Card,Paid
3130,564,2025-10-11,Pending,Credit Card,Paid
3131,669,2025-06-16,Cancelled,Credit Card,Failed
3132,916,2026-03-15,Pending,Debit Card,Failed
3133,316,2026-04-27,Cancelled,Cash,Paid
3134,743,2025-09-08,Shipped,Cash,Paid
3135,828,2025-03-24,Shipped,Debit Card,Paid
3136,21,2026-04-28,Cancelled,Debit Card,Pending
3137,831,2025-10-23,Shipped,Net Banking,Failed
3138,120,2026-01-07,Pending,Cash,Failed
3139,869,2026-02-27,Shipped,UPI,Paid
3140,179,2025-10-20,Shipped,UPI,Paid
3141,340,2025-01-29,Pending,Net Banking,Pending
3142,540,2026-01-24,Shipped,UPI,Paid
3143,725,2025-09-09,Cancelled,Credit Card,Failed
3144,572,2026-05-03,Pending,Credit Card,Paid
3145,832,2025-01-15,Completed,Credit Card,Pending
3146,747,2025-07-23,Completed,Net Banking,Paid
3147,39,2025-03-30,Completed,Debit Card,Failed
3148,622,2025-09-08,Shipped,Net Banking,Failed
3149,885,2025-09-17,Shipped,Debit Card,Failed
3150,710,2025-04-18,Cancelled,Net Banking,Pending
3151,243,2025-04-05,Shipped,UPI,Paid
3152,18,2025-04-14,Cancelled,Debit Card,Paid
3153,398,2026-04-18,Completed,Net Banking,Failed
3154,113,2025-06-14,Shipped,UPI,Pending
3155,893,2026-03-04,Pending,Credit Card,Failed
3156,921,2025-10-20,Completed,UPI,Paid
3157,592,2025-11-26,Pending,Net Banking,Failed
3158,680,2025-06-28,Completed,UPI,Pending
3159,490,2025-04-12,Cancelled,Net Banking,Paid
3160,627,2025-01-30,Pending,UPI,Failed
3161,482,2025-08-01,Completed,Credit Card,Failed
3162,512,2025-10-31,Completed,Net Banking,Paid
3163,408,2025-03-16,Completed,Credit Card,Failed
3164,119,2025-03-19,Pending,Credit Card,Paid
3165,704,2026-03-20,Shipped,Cash,Pending
3166,677,2026-01-21,Pending,UPI,Paid
3167,790,2025-11-07,Completed,UPI,Paid
3168,413,2025-07-15,Completed,Credit Card,Paid
3169,124,2025-01-22,Completed,Cash,Paid
3170,352,2026-01-06,Shipped,Credit Card,Paid
3171,638,2026-04-19,Pending,UPI,Pending
3172,198,2025-10-20,Shipped,Cash,Pending
3173,550,2025-04-17,Completed,Credit Card,Pending
3174,898,2025-11-30,Cancelled,Net Banking,Paid
3175,783,2025-03-18,Cancelled,Credit Card,Paid
3176,292,2025-02-16,Completed,Net Banking,Failed
3177,641,2025-07-22,Pending,Debit Card,Paid
3178,681,2025-10-23,Cancelled,Credit Card,Paid
3179,294,2025-11-02,Shipped,Credit Card,Paid
3180,843,2026-03-07,Pending,Debit Card,Pending
3181,390,2026-01-05,Completed,UPI,Paid
3182,683,2026-01-02,Cancelled,Credit Card,Failed
3183,509,2025-10-26,Completed,UPI,Paid
3184,465,2026-05-12,Completed,Credit Card,Pending
3185,435,2025-04-08,Cancelled,Net Banking,Pending
3186,376,2025-10-04,Shipped,Debit Card,Paid
3187,867,2025-04-19,Completed,Debit Card,Paid
3188,761,2026-03-31,Pending,UPI,Paid
3189,953,2025-09-04,Completed,Cash,Paid
3190,629,2025-07-05,Pending,Cash,Paid
3191,507,2025-10-13,Cancelled,UPI,Paid
3192,635,2025-11-03,Completed,Cash,Failed
3193,988,2026-01-05,Completed,Cash,Pending
3194,605,2026-03-18,Completed,Cash,Paid
3195,130,2025-03-08,Cancelled,Net Banking,Failed
3196,923,2026-04-29,Completed,Debit Card,Pending
3197,976,2025-05-14,Pending,UPI,Paid
3198,728,2025-12-26,Cancelled,UPI,Paid
3199,128,2025-01-31,Completed,Net Banking,Pending
3200,927,2026-04-10,Shipped,Cash,Failed
3201,787,2026-04-14,Shipped,Debit Card,Pending
3202,806,2026-04-03,Cancelled,Net Banking,Paid
3203,454,2025-07-09,Cancelled,Debit Card,Pending
3204,864,2025-08-06,Pending,Credit Card,Pending
3205,862,2025-09-03,Completed,Credit Card,Pending
3206,445,2025-08-25,Completed,UPI,Paid
3207,61,2025-10-12,Completed,Net Banking,Paid
3208,213,2025-01-20,Completed,Cash,Failed
3209,103,2025-04-28,Shipped,Cash,Pending
3210,966,2026-01-26,Completed,Cash,Paid
3211,529,2025-08-05,Completed,Net Banking,Paid
3212,100,2025-09-22,Cancelled,Cash,Paid
3213,607,2025-03-17,Completed,UPI,Pending
3214,63,2025-12-27,Shipped,UPI,Paid
3215,44,2025-09-18,Shipped,Cash,Paid
3216,56,2025-05-07,Shipped,Credit Card,Pending
3217,993,2025-02-10,Completed,Debit Card,Pending
3218,544,2026-05-12,Cancelled,Cash,Pending
3219,821,2025-04-13,Shipped,Credit Card,Paid
3220,202,2025-12-27,Completed,UPI,Failed
3221,187,2025-08-11,Cancelled,Net Banking,Failed
3222,364,2025-12-13,Shipped,Cash,Failed
3223,611,2025-08-08,Cancelled,Cash,Paid
3224,124,2025-04-15,Completed,Debit Card,Paid
3225,823,2025-12-10,Pending,Net Banking,Pending
3226,843,2025-03-22,Shipped,Debit Card,Pending
3227,404,2026-04-01,Shipped,Credit Card,Paid
3228,600,2025-06-30,Completed,Net Banking,Paid
3229,142,2026-03-02,Shipped,UPI,Paid
3230,273,2025-01-30,Shipped,Cash,Pending
3231,319,2025-02-21,Cancelled,Net Banking,Paid
3232,70,2026-01-22,Completed,UPI,Pending
3233,498,2025-10-29,Shipped,UPI,Pending
3234,21,2025-01-20,Cancelled,Net Banking,Paid
3235,787,2025-10-06,Completed,Net Banking,Failed
3236,725,2026-03-16,Cancelled,Net Banking,Paid
3237,256,2025-06-11,Completed,Debit Card,Paid
3238,262,2025-01-22,Completed,Net Banking,Pending
3239,851,2025-11-28,Shipped,Cash,Failed
3240,505,2025-09-28,Pending,UPI,Paid
3241,605,2025-08-26,Shipped,UPI,Pending
3242,618,2025-07-15,Cancelled,UPI,Pending
3243,392,2026-04-10,Completed,Credit Card,Paid
3244,294,2025-09-06,Completed,Cash,Pending
3245,273,2025-10-20,Pending,Credit Card,Paid
3246,331,2026-01-26,Shipped,Credit Card,Paid
3247,706,2026-01-13,Cancelled,Net Banking,Failed
3248,117,2026-04-12,Shipped,UPI,Paid
3249,843,2025-12-31,Cancelled,Credit Card,Pending
3250,979,2026-03-11,Pending,UPI,Paid
3251,53,2025-08-28,Shipped,Net Banking,Paid
3252,92,2025-02-24,Shipped,UPI,Paid
3253,682,2025-12-05,Completed,Debit Card,Paid
3254,954,2026-03-12,Completed,Credit Card,Pending
3255,719,2025-12-17,Shipped,Credit Card,Paid
3256,1000,2025-02-12,Shipped,UPI,Failed
3257,551,2026-03-05,Cancelled,Net Banking,Paid
3258,841,2026-02-22,Completed,Net Banking,Pending
3259,267,2026-04-03,Cancelled,Net Banking,Paid
3260,777,2025-03-24,Completed,Cash,Pending
3261,526,2025-09-25,Pending,Net Banking,Pending
3262,520,2026-05-13,Cancelled,Cash,Paid
3263,177,2025-10-04,Completed,UPI,Pending
3264,48,2025-10-04,Shipped,Cash,Pending
3265,683,2025-08-31,Completed,Credit Card,Paid
3266,577,2025-07-14,Completed,Debit Card,Failed
3267,94,2025-07-26,Completed,Credit Card,Failed
3268,512,2026-04-02,Cancelled,Credit Card,Failed
3269,434,2025-12-10,Pending,Cash,Failed
3270,402,2026-01-21,Shipped,UPI,Pending
3271,603,2025-01-23,Cancelled,Credit Card,Failed
3272,265,2025-03-02,Completed,Net Banking,Pending
3273,364,2025-02-27,Shipped,UPI,Pending
3274,566,2026-04-06,Pending,Credit Card,Pending
3275,691,2025-05-26,Pending,Debit Card,Failed
3276,363,2025-07-13,Completed,Cash,Failed
3277,880,2026-02-13,Shipped,Credit Card,Pending
3278,47,2025-11-24,Shipped,Debit Card,Failed
3279,393,2025-07-12,Pending,Debit Card,Failed
3280,27,2025-08-08,Cancelled,Cash,Failed
3281,156,2025-06-09,Completed,Cash,Paid
3282,575,2025-03-20,Cancelled,UPI,Pending
3283,164,2025-03-14,Cancelled,Net Banking,Paid
3284,646,2026-02-27,Shipped,Debit Card,Failed
3285,129,2025-10-07,Completed,Net Banking,Failed
3286,809,2026-05-07,Pending,Debit Card,Failed
3287,546,2025-07-24,Pending,Net Banking,Paid
3288,447,2026-03-27,Pending,Debit Card,Pending
3289,155,2025-09-03,Shipped,Net Banking,Failed
3290,436,2025-02-04,Completed,Net Banking,Paid
3291,308,2025-02-15,Completed,Credit Card,Paid
3292,918,2025-10-28,Pending,Debit Card,Failed
3293,615,2026-01-22,Pending,Credit Card,Failed
3294,111,2025-07-28,Pending,Credit Card,Pending
3295,418,2026-01-04,Completed,Debit Card,Paid
3296,45,2025-05-08,Cancelled,Debit Card,Failed
3297,97,2025-09-19,Shipped,Debit Card,Failed
3298,932,2025-01-12,Pending,Debit Card,Pending
3299,310,2026-01-20,Shipped,Credit Card,Pending
3300,632,2025-03-05,Completed,Cash,Pending
3301,33,2025-11-29,Pending,Debit Card,Pending
3302,807,2025-01-15,Shipped,Cash,Paid
3303,774,2025-08-29,Shipped,UPI,Failed
3304,717,2025-03-06,Cancelled,Net Banking,Failed
3305,772,2025-10-21,Completed,Net Banking,Failed
3306,930,2026-05-05,Completed,Cash,Pending
3307,565,2026-03-03,Pending,UPI,Pending
3308,454,2025-02-10,Cancelled,Cash,Failed
3309,108,2026-03-11,Pending,Debit Card,Failed
3310,942,2025-04-05,Shipped,Cash,Pending
3311,433,2025-10-07,Pending,Net Banking,Pending
3312,634,2025-12-23,Shipped,Debit Card,Failed
3313,581,2025-07-15,Cancelled,UPI,Pending
3314,603,2025-06-24,Cancelled,Debit Card,Failed
3315,114,2025-01-26,Completed,Net Banking,Paid
3316,614,2026-01-05,Pending,UPI,Failed
3317,490,2026-02-04,Cancelled,Credit Card,Failed
3318,391,2026-04-21,Completed,Debit Card,Paid
3319,486,2025-02-06,Completed,Cash,Failed
3320,64,2026-01-08,Pending,Net Banking,Failed
3321,790,2026-01-21,Shipped,Credit Card,Pending
3322,255,2025-06-10,Shipped,Credit Card,Paid
3323,594,2025-09-21,Cancelled,Debit Card,Pending
3324,58,2025-11-03,Shipped,Cash,Paid
3325,26,2025-01-26,Cancelled,Credit Card,Pending
3326,995,2025-09-29,Cancelled,Credit Card,Paid
3327,943,2025-05-31,Shipped,Cash,Failed
3328,281,2026-03-19,Shipped,Cash,Pending
3329,52,2025-07-30,Cancelled,Cash,Pending
3330,15,2025-03-24,Cancelled,Debit Card,Pending
3331,373,2026-03-19,Shipped,Cash,Pending
3332,914,2025-10-03,Completed,Net Banking,Pending
3333,976,2026-02-05,Cancelled,Debit Card,Paid
3334,801,2025-04-09,Completed,Cash,Paid
3335,878,2025-05-05,Cancelled,Debit Card,Pending
3336,391,2026-03-25,Pending,Credit Card,Pending
3337,718,2025-06-22,Cancelled,UPI,Paid
3338,648,2025-07-23,Cancelled,Net Banking,Failed
3339,235,2025-06-27,Completed,UPI,Failed
3340,692,2026-04-23,Shipped,Credit Card,Paid
3341,180,2025-03-02,Pending,Debit Card,Paid
3342,781,2026-05-09,Shipped,Cash,Pending
3343,673,2025-12-22,Shipped,Debit Card,Pending
3344,783,2025-03-10,Cancelled,Net Banking,Paid
3345,29,2025-07-19,Completed,UPI,Paid
3346,727,2025-05-24,Completed,UPI,Pending
3347,996,2026-04-12,Cancelled,Net Banking,Failed
3348,398,2025-11-24,Completed,UPI,Failed
3349,111,2025-01-08,Shipped,Net Banking,Failed
3350,493,2025-07-22,Shipped,Net Banking,Paid
3351,896,2025-04-11,Completed,Credit Card,Failed
3352,904,2025-11-01,Cancelled,Cash,Paid
3353,822,2026-04-22,Cancelled,Cash,Paid
3354,419,2026-01-03,Cancelled,Credit Card,Failed
3355,436,2026-02-20,Completed,Credit Card,Failed
3356,942,2025-02-26,Pending,UPI,Paid
3357,258,2025-09-28,Pending,Cash,Pending
3358,441,2025-04-27,Cancelled,Net Banking,Failed
3359,888,2025-07-17,Completed,Cash,Failed
3360,998,2025-06-29,Pending,Debit Card,Pending
3361,527,2026-05-01,Pending,Debit Card,Paid
3362,688,2025-03-05,Pending,Net Banking,Pending
3363,260,2026-03-26,Cancelled,Debit Card,Paid
3364,693,2025-01-17,Shipped,Debit Card,Pending
3365,377,2025-12-01,Cancelled,Cash,Pending
3366,150,2026-01-14,Pending,UPI,Paid
3367,968,2025-03-13,Pending,Credit Card,Failed
3368,293,2025-08-18,Shipped,Net Banking,Failed
3369,87,2026-02-22,Shipped,Cash,Pending
3370,212,2026-01-27,Pending,Debit Card,Failed
3371,695,2025-11-25,Pending,Cash,Paid
3372,197,2025-01-16,Shipped,Credit Card,Paid
3373,487,2026-04-05,Cancelled,UPI,Failed
3374,63,2025-10-05,Completed,Net Banking,Pending
3375,253,2026-05-08,Completed,Debit Card,Pending
3376,651,2026-01-01,Pending,UPI,Pending
3377,812,2025-11-08,Pending,Debit Card,Failed
3378,516,2025-10-07,Pending,Debit Card,Failed
3379,235,2026-04-03,Cancelled,Credit Card,Pending
3380,37,2025-01-07,Completed,Net Banking,Paid
3381,894,2026-01-02,Shipped,Cash,Pending
3382,294,2025-09-16,Completed,Cash,Pending
3383,286,2025-03-30,Cancelled,Debit Card,Failed
3384,369,2026-05-05,Cancelled,Debit Card,Pending
3385,846,2025-01-28,Pending,Net Banking,Pending
3386,68,2025-12-19,Shipped,Net Banking,Failed
3387,462,2025-04-22,Completed,UPI,Failed
3388,667,2025-12-18,Cancelled,Credit Card,Failed
3389,127,2025-11-02,Pending,Net Banking,Pending
3390,515,2026-05-07,Cancelled,Net Banking,Failed
3391,824,2025-07-17,Shipped,Net Banking,Failed
3392,796,2025-09-21,Pending,Net Banking,Paid
3393,323,2025-06-06,Shipped,Net Banking,Failed
3394,858,2025-03-10,Shipped,UPI,Pending
3395,461,2026-03-06,Pending,Debit Card,Pending
3396,38,2025-04-30,Completed,Net Banking,Failed
3397,987,2026-01-18,Shipped,Debit Card,Paid
3398,136,2025-05-18,Pending,Net Banking,Failed
3399,607,2025-04-26,Shipped,Credit Card,Failed
3400,244,2025-05-01,Completed,Credit Card,Paid
3401,676,2025-11-27,Shipped,UPI,Pending
3402,837,2026-04-17,Pending,Net Banking,Paid
3403,530,2025-03-30,Completed,Net Banking,Failed
3404,218,2026-04-19,Pending,Credit Card,Paid
3405,836,2025-01-23,Completed,UPI,Paid
3406,180,2025-04-28,Completed,UPI,Paid
3407,535,2025-12-21,Shipped,Cash,Pending
3408,118,2025-07-14,Completed,UPI,Failed
3409,647,2026-03-07,Shipped,Cash,Paid
3410,561,2025-01-06,Completed,Debit Card,Paid
3411,393,2025-07-10,Completed,Debit Card,Paid
3412,742,2026-04-15,Pending,Net Banking,Pending
3413,327,2026-04-21,Pending,UPI,Failed
3414,774,2025-09-19,Completed,Cash,Pending
3415,802,2025-08-04,Pending,Credit Card,Pending
3416,419,2025-06-08,Cancelled,UPI,Paid
3417,204,2025-01-02,Completed,Cash,Pending
3418,187,2026-04-14,Completed,Debit Card,Pending
3419,338,2026-04-29,Shipped,Cash,Paid
3420,21,2025-06-19,Completed,Cash,Pending
3421,919,2026-05-13,Shipped,Cash,Pending
3422,76,2025-02-17,Completed,Cash,Pending
3423,889,2025-06-03,Completed,UPI,Failed
3424,914,2026-03-07,Pending,Debit Card,Paid
3425,458,2026-02-18,Cancelled,UPI,Pending
3426,838,2025-11-11,Cancelled,Net Banking,Pending
3427,536,2025-01-22,Completed,Debit Card,Failed
3428,200,2026-01-25,Shipped,Cash,Failed
3429,302,2025-04-14,Pending,Cash,Failed
3430,582,2026-01-07,Shipped,Credit Card,Pending
3431,471,2025-11-07,Completed,Net Banking,Paid
3432,444,2025-10-04,Completed,Cash,Failed
3433,677,2025-12-16,Shipped,Net Banking,Paid
3434,32,2025-07-06,Cancelled,Net Banking,Pending
3435,372,2025-04-03,Shipped,UPI,Failed
3436,919,2025-08-21,Shipped,UPI,Failed
3437,243,2025-11-01,Pending,UPI,Paid
3438,442,2025-03-09,Cancelled,Cash,Failed
3439,592,2025-09-25,Pending,Cash,Paid
3440,81,2025-06-04,Completed,Net Banking,Pending
3441,143,2026-04-24,Completed,Cash,Pending
3442,523,2025-06-21,Cancelled,UPI,Pending
3443,468,2025-09-07,Cancelled,UPI,Failed
3444,142,2026-01-18,Shipped,Debit Card,Pending
3445,190,2025-11-05,Completed,UPI,Failed
3446,817,2025-12-11,Pending,Debit Card,Paid
3447,730,2025-11-08,Shipped,Credit Card,Pending
3448,182,2025-05-17,Pending,Credit Card,Failed
3449,489,2026-04-28,Cancelled,Net Banking,Failed
3450,461,2025-02-08,Completed,Debit Card,Failed
3451,376,2026-01-10,Cancelled,Credit Card,Paid
3452,567,2026-02-26,Cancelled,Debit Card,Pending
3453,854,2025-09-06,Completed,Debit Card,Pending
3454,518,2026-02-04,Pending,UPI,Failed
3455,130,2025-03-14,Cancelled,Cash,Paid
3456,589,2025-12-30,Completed,UPI,Paid
3457,409,2025-11-20,Pending,Debit Card,Pending
3458,974,2025-05-21,Completed,Cash,Paid
3459,848,2025-04-19,Pending,Debit Card,Pending
3460,516,2025-04-01,Pending,Net Banking,Failed
3461,909,2025-06-17,Cancelled,UPI,Paid
3462,498,2025-02-15,Pending,Credit Card,Failed
3463,735,2025-05-15,Shipped,Credit Card,Paid
3464,430,2025-03-11,Completed,Cash,Failed
3465,954,2026-04-19,Cancelled,UPI,Pending
3466,61,2025-02-03,Cancelled,Net Banking,Failed
3467,772,2025-12-24,Completed,UPI,Paid
3468,381,2025-10-22,Completed,Net Banking,Paid
3469,475,2026-03-09,Completed,UPI,Pending
3470,438,2025-04-06,Completed,UPI,Failed
3471,233,2025-07-05,Shipped,UPI,Failed
3472,205,2025-03-11,Completed,UPI,Pending
3473,830,2025-02-06,Shipped,Net Banking,Pending
3474,16,2025-12-15,Completed,Cash,Pending
3475,718,2026-04-09,Completed,Net Banking,Failed
3476,320,2026-02-07,Cancelled,Debit Card,Paid
3477,662,2026-02-20,Pending,Net Banking,Failed
3478,424,2025-08-28,Pending,Cash,Pending
3479,610,2025-03-09,Cancelled,Debit Card,Pending
3480,119,2026-01-28,Shipped,UPI,Failed
3481,739,2026-02-11,Pending,Cash,Paid
3482,319,2026-02-17,Completed,Credit Card,Failed
3483,73,2026-02-01,Completed,Debit Card,Pending
3484,158,2025-01-24,Cancelled,Net Banking,Failed
3485,413,2025-11-09,Pending,Credit Card,Paid
3486,914,2025-08-28,Cancelled,Credit Card,Failed
3487,449,2025-07-04,Cancelled,Net Banking,Paid
3488,893,2025-06-22,Pending,Cash,Failed
3489,416,2025-01-31,Cancelled,Net Banking,Pending
3490,764,2025-01-20,Shipped,Cash,Paid
3491,562,2025-10-29,Pending,Debit Card,Pending
3492,555,2026-04-22,Pending,Net Banking,Pending
3493,182,2026-05-11,Cancelled,Credit Card,Pending
3494,817,2026-04-17,Cancelled,Cash,Paid
3495,49,2025-10-04,Cancelled,Debit Card,Paid
3496,836,2025-08-17,Shipped,Debit Card,Failed
3497,403,2025-01-26,Cancelled,Cash,Failed
3498,361,2025-06-21,Completed,Debit Card,Pending
3499,211,2025-03-23,Pending,UPI,Failed
3500,554,2025-01-18,Cancelled,Debit Card,Paid
3501,506,2025-01-22,Cancelled,UPI,Failed
3502,105,2025-11-04,Pending,UPI,Paid
3503,474,2025-02-21,Shipped,UPI,Failed
3504,20,2025-12-18,Pending,Debit Card,Pending
3505,966,2025-12-27,Shipped,Cash,Paid
3506,720,2025-12-18,Pending,Credit Card,Failed
3507,416,2025-01-13,Cancelled,Credit Card,Pending
3508,942,2026-02-23,Cancelled,UPI,Failed
3509,1,2025-04-01,Completed,Credit Card,Paid
3510,923,2025-08-13,Cancelled,Net Banking,Pending
3511,986,2026-03-23,Completed,UPI,Paid
3512,428,2026-03-17,Completed,UPI,Pending
3513,346,2025-02-26,Pending,Credit Card,Pending
3514,818,2026-05-10,Cancelled,Cash,Failed
3515,633,2026-04-01,Cancelled,UPI,Pending
3516,45,2025-05-25,Shipped,UPI,Pending
3517,196,2025-12-27,Pending,Cash,Failed
3518,51,2025-10-09,Cancelled,Net Banking,Failed
3519,660,2025-07-07,Completed,Credit Card,Failed
3520,850,2026-01-20,Completed,UPI,Paid
3521,295,2025-07-21,Pending,Debit Card,Failed
3522,209,2025-01-07,Completed,UPI,Pending
3523,130,2025-06-28,Completed,Credit Card,Pending
3524,519,2025-01-24,Cancelled,UPI,Paid
3525,308,2025-10-05,Completed,Credit Card,Failed
3526,902,2025-06-22,Pending,Net Banking,Pending
3527,779,2025-06-27,Pending,Debit Card,Failed
3528,349,2025-10-18,Pending,UPI,Pending
3529,73,2025-07-18,Completed,UPI,Pending
3530,499,2026-05-09,Completed,UPI,Pending
3531,439,2025-10-20,Completed,UPI,Failed
3532,735,2025-07-18,Shipped,Cash,Pending
3533,797,2025-01-23,Pending,Cash,Failed
3534,712,2025-05-17,Pending,Credit Card,Failed
3535,584,2025-04-10,Cancelled,Debit Card,Failed
3536,987,2025-12-24,Cancelled,Credit Card,Paid
3537,403,2025-01-02,Shipped,Cash,Pending
3538,869,2026-01-24,Pending,Debit Card,Pending
3539,224,2025-01-05,Pending,Debit Card,Paid
3540,506,2025-02-07,Pending,Cash,Pending
3541,134,2025-05-11,Shipped,Credit Card,Pending
3542,471,2025-02-24,Cancelled,Credit Card,Failed
3543,643,2025-02-01,Pending,Net Banking,Failed
3544,154,2026-02-03,Pending,Credit Card,Pending
3545,877,2025-06-19,Completed,UPI,Paid
3546,807,2026-01-13,Completed,Net Banking,Paid
3547,917,2025-11-26,Shipped,UPI,Pending
3548,6,2025-05-06,Shipped,Net Banking,Pending
3549,15,2025-05-05,Pending,UPI,Paid
3550,403,2025-07-16,Shipped,Credit Card,Paid
3551,950,2025-11-12,Completed,Debit Card,Failed
3552,981,2025-06-21,Shipped,Debit Card,Failed
3553,809,2025-10-12,Shipped,Debit Card,Failed
3554,191,2026-03-17,Completed,Credit Card,Failed
3555,608,2026-01-13,Shipped,Debit Card,Paid
3556,48,2025-07-22,Pending,Credit Card,Pending
3557,824,2025-12-10,Pending,UPI,Failed
3558,469,2025-03-14,Cancelled,Debit Card,Failed
3559,80,2025-04-06,Cancelled,Cash,Pending
3560,26,2026-04-01,Pending,UPI,Pending
3561,94,2025-02-28,Cancelled,Credit Card,Paid
3562,770,2026-01-01,Completed,Credit Card,Paid
3563,718,2025-08-09,Pending,UPI,Failed
3564,623,2026-02-12,Pending,UPI,Pending
3565,933,2026-04-10,Completed,Net Banking,Failed
3566,501,2026-04-11,Completed,Debit Card,Failed
3567,445,2025-02-18,Completed,UPI,Failed
3568,217,2025-08-12,Cancelled,Debit Card,Failed
3569,84,2025-10-09,Cancelled,Net Banking,Failed
3570,707,2025-08-26,Shipped,Credit Card,Failed
3571,97,2025-12-20,Shipped,Net Banking,Failed
3572,726,2025-01-23,Completed,Debit Card,Paid
3573,548,2025-09-03,Pending,UPI,Failed
3574,624,2025-07-12,Pending,Net Banking,Failed
3575,921,2025-09-03,Pending,Net Banking,Pending
3576,985,2025-06-19,Cancelled,UPI,Failed
3577,527,2025-02-19,Pending,Credit Card,Failed
3578,489,2026-01-22,Pending,UPI,Paid
3579,565,2025-04-01,Pending,Net Banking,Pending
3580,131,2025-10-02,Pending,Credit Card,Failed
3581,160,2026-04-30,Completed,Debit Card,Paid
3582,286,2025-05-23,Shipped,Debit Card,Failed
3583,749,2025-04-19,Pending,Net Banking,Failed
3584,68,2025-02-26,Shipped,Debit Card,Failed
3585,728,2025-11-05,Pending,UPI,Failed
3586,754,2025-03-06,Completed,Credit Card,Paid
3587,213,2025-11-21,Completed,Debit Card,Failed
3588,153,2025-12-23,Pending,Credit Card,Paid
3589,450,2026-01-03,Shipped,Debit Card,Paid
3590,897,2025-12-23,Completed,Credit Card,Pending
3591,199,2026-01-03,Completed,Credit Card,Failed
3592,428,2025-02-17,Cancelled,UPI,Pending
3593,406,2025-05-10,Pending,UPI,Failed
3594,59,2026-02-27,Cancelled,Net Banking,Paid
3595,849,2026-04-24,Shipped,Cash,Pending
3596,408,2025-07-02,Completed,Net Banking,Failed
3597,136,2025-04-25,Completed,UPI,Failed
3598,613,2025-03-24,Completed,Cash,Failed
3599,833,2026-03-29,Completed,Cash,Pending
3600,886,2025-07-13,Completed,Credit Card,Failed
3601,979,2026-01-19,Pending,UPI,Paid
3602,254,2025-05-15,Cancelled,UPI,Failed
3603,402,2025-07-18,Pending,Credit Card,Failed
3604,821,2025-02-11,Pending,UPI,Pending
3605,15,2025-09-07,Completed,Debit Card,Pending
3606,907,2025-10-13,Cancelled,Cash,Pending
3607,977,2025-08-24,Completed,Cash,Paid
3608,404,2025-12-25,Pending,UPI,Failed
3609,824,2025-09-20,Shipped,Debit Card,Pending
3610,311,2025-01-31,Cancelled,Debit Card,Pending
3611,38,2025-12-02,Shipped,Cash,Pending
3612,702,2025-04-11,Cancelled,Net Banking,Paid
3613,231,2026-01-03,Shipped,Debit Card,Paid
3614,663,2025-06-04,Shipped,Credit Card,Pending
3615,133,2025-04-08,Pending,Cash,Paid
3616,904,2025-08-11,Completed,UPI,Pending
3617,151,2026-05-11,Cancelled,Credit Card,Pending
3618,141,2025-12-07,Cancelled,Net Banking,Failed
3619,273,2025-06-14,Pending,UPI,Failed
3620,871,2025-09-21,Completed,Net Banking,Failed
3621,972,2025-09-10,Completed,Net Banking,Pending
3622,655,2025-03-17,Pending,Debit Card,Failed
3623,674,2025-02-13,Shipped,Debit Card,Paid
3624,574,2025-04-13,Cancelled,Credit Card,Paid
3625,989,2026-01-04,Cancelled,Cash,Paid
3626,375,2026-04-01,Completed,Debit Card,Failed
3627,231,2025-05-01,Pending,Debit Card,Paid
3628,835,2026-05-02,Completed,Credit Card,Paid
3629,724,2025-02-10,Cancelled,Net Banking,Pending
3630,29,2025-07-27,Cancelled,Debit Card,Pending
3631,479,2026-03-19,Shipped,Net Banking,Failed
3632,512,2025-05-18,Cancelled,Cash,Pending
3633,730,2025-10-28,Cancelled,Debit Card,Paid
3634,991,2025-07-04,Pending,Cash,Pending
3635,484,2025-10-16,Cancelled,Cash,Pending
3636,746,2026-04-22,Shipped,UPI,Pending
3637,928,2025-04-17,Cancelled,Credit Card,Paid
3638,352,2025-04-01,Cancelled,Debit Card,Paid
3639,715,2025-10-02,Completed,Net Banking,Pending
3640,859,2026-04-19,Cancelled,Net Banking,Paid
3641,350,2026-02-22,Pending,Cash,Failed
3642,331,2025-03-15,Cancelled,Net Banking,Pending
3643,310,2025-07-23,Shipped,Credit Card,Paid
3644,945,2026-03-13,Pending,UPI,Pending
3645,283,2026-03-22,Pending,Credit Card,Pending
3646,735,2026-02-02,Completed,Debit Card,Paid
3647,126,2025-07-17,Cancelled,UPI,Failed
3648,272,2026-05-04,Pending,Credit Card,Paid
3649,426,2026-04-27,Completed,Debit Card,Pending
3650,317,2026-03-30,Pending,UPI,Pending
3651,423,2025-10-18,Pending,Cash,Paid
3652,985,2025-02-23,Completed,UPI,Failed
3653,703,2025-11-27,Completed,Cash,Failed
3654,365,2026-02-25,Pending,Credit Card,Paid
3655,378,2025-02-10,Shipped,UPI,Failed
3656,326,2025-05-24,Pending,Credit Card,Pending
3657,993,2026-02-22,Cancelled,Credit Card,Pending
3658,928,2026-04-01,Shipped,Debit Card,Pending
3659,697,2026-03-09,Shipped,UPI,Paid
3660,199,2025-09-12,Pending,UPI,Failed
3661,421,2025-09-28,Cancelled,Credit Card,Paid
3662,456,2026-04-09,Shipped,Cash,Paid
3663,441,2025-10-23,Shipped,Debit Card,Pending
3664,200,2025-04-07,Shipped,UPI,Paid
3665,933,2025-05-23,Completed,UPI,Failed
3666,366,2025-12-25,Pending,Cash,Failed
3667,26,2025-02-02,Cancelled,Debit Card,Failed
3668,675,2025-09-23,Completed,UPI,Paid
3669,156,2026-04-17,Shipped,Credit Card,Failed
3670,68,2025-03-07,Cancelled,Credit Card,Pending
3671,679,2025-08-26,Pending,UPI,Pending
3672,619,2025-01-14,Cancelled,Credit Card,Failed
3673,811,2025-12-21,Completed,Credit Card,Pending
3674,826,2025-09-28,Completed,Cash,Paid
3675,36,2026-04-11,Pending,UPI,Paid
3676,638,2025-07-13,Cancelled,Debit Card,Failed
3677,531,2025-03-20,Shipped,Credit Card,Failed
3678,616,2025-01-14,Pending,Net Banking,Failed
3679,877,2025-11-20,Shipped,Credit Card,Pending
3680,737,2025-03-07,Cancelled,Net Banking,Pending
3681,915,2026-02-28,Pending,Credit Card,Paid
3682,155,2025-03-28,Shipped,Credit Card,Failed
3683,195,2025-11-12,Pending,UPI,Pending
3684,874,2025-07-06,Shipped,Credit Card,Pending
3685,133,2025-04-26,Pending,Cash,Pending
3686,520,2025-02-14,Cancelled,UPI,Pending
3687,94,2025-07-23,Completed,Net Banking,Pending
3688,524,2025-01-24,Pending,Cash,Failed
3689,807,2025-09-12,Completed,Net Banking,Paid
3690,875,2026-03-01,Pending,Cash,Paid
3691,15,2025-02-20,Shipped,UPI,Paid
3692,103,2025-07-22,Cancelled,Net Banking,Paid
3693,986,2026-04-03,Pending,UPI,Pending
3694,813,2025-12-08,Shipped,Debit Card,Failed
3695,265,2026-03-17,Shipped,Cash,Paid
3696,454,2025-06-16,Cancelled,Credit Card,Paid
3697,994,2025-04-18,Pending,Credit Card,Paid
3698,166,2026-05-03,Completed,UPI,Failed
3699,260,2025-05-30,Pending,Debit Card,Failed
3700,879,2025-12-10,Pending,Credit Card,Paid
3701,982,2026-01-11,Cancelled,Cash,Paid
3702,188,2025-07-13,Cancelled,Credit Card,Pending
3703,51,2025-12-02,Shipped,Credit Card,Failed
3704,740,2026-02-09,Shipped,Credit Card,Paid
3705,664,2026-03-14,Completed,Net Banking,Paid
3706,407,2025-05-20,Shipped,Debit Card,Paid
3707,242,2026-02-28,Completed,Cash,Failed
3708,235,2025-06-11,Cancelled,UPI,Failed
3709,332,2025-10-15,Pending,UPI,Failed
3710,226,2025-02-06,Shipped,Credit Card,Pending
3711,59,2025-12-05,Cancelled,Cash,Paid
3712,849,2025-10-20,Shipped,Debit Card,Pending
3713,322,2025-02-02,Cancelled,Cash,Paid
3714,327,2025-07-05,Cancelled,Net Banking,Paid
3715,179,2026-02-14,Completed,Debit Card,Paid
3716,738,2025-08-08,Cancelled,UPI,Paid
3717,785,2025-10-17,Cancelled,Debit Card,Pending
3718,18,2025-05-20,Completed,Net Banking,Failed
3719,607,2025-07-12,Pending,Net Banking,Pending
3720,561,2025-08-19,Shipped,Debit Card,Paid
3721,489,2025-01-31,Completed,Credit Card,Paid
3722,173,2025-05-10,Shipped,Credit Card,Failed
3723,73,2025-01-08,Shipped,UPI,Paid
3724,678,2026-01-09,Completed,Credit Card,Pending
3725,964,2025-02-07,Pending,Net Banking,Paid
3726,734,2026-01-20,Shipped,Net Banking,Pending
3727,545,2025-08-25,Shipped,Cash,Paid
3728,978,2025-10-17,Shipped,Credit Card,Paid
3729,437,2025-03-26,Shipped,Cash,Paid
3730,818,2025-02-10,Pending,Credit Card,Pending
3731,399,2025-11-30,Completed,Cash,Pending
3732,591,2025-12-23,Shipped,Net Banking,Pending
3733,243,2025-06-30,Pending,Net Banking,Failed
3734,317,2025-12-21,Pending,UPI,Failed
3735,646,2025-02-16,Shipped,Debit Card,Pending
3736,32,2025-04-07,Cancelled,Credit Card,Paid
3737,149,2025-03-05,Completed,Credit Card,Paid
3738,71,2025-10-28,Cancelled,UPI,Pending
3739,827,2025-09-06,Shipped,Debit Card,Pending
3740,656,2025-10-16,Shipped,Debit Card,Pending
3741,729,2025-01-04,Completed,UPI,Paid
3742,992,2025-08-04,Shipped,Cash,Pending
3743,558,2025-06-08,Shipped,Cash,Pending
3744,587,2025-06-02,Shipped,Net Banking,Pending
3745,317,2026-04-18,Completed,Cash,Paid
3746,912,2025-07-17,Cancelled,Cash,Failed
3747,264,2025-01-18,Cancelled,UPI,Paid
3748,251,2025-07-28,Cancelled,Debit Card,Failed
3749,482,2025-04-23,Pending,UPI,Failed
3750,396,2026-01-14,Cancelled,Net Banking,Pending
3751,191,2025-11-12,Shipped,Cash,Paid
3752,904,2025-02-26,Cancelled,Credit Card,Failed
3753,390,2025-12-23,Pending,Debit Card,Paid
3754,712,2025-01-26,Cancelled,Net Banking,Pending
3755,9,2026-01-04,Pending,Debit Card,Pending
3756,166,2025-02-26,Pending,Cash,Pending
3757,212,2025-12-12,Shipped,Debit Card,Paid
3758,874,2025-02-10,Cancelled,Net Banking,Pending
3759,538,2026-04-15,Cancelled,Net Banking,Pending
3760,945,2025-06-28,Cancelled,Cash,Failed
3761,254,2025-08-11,Cancelled,Debit Card,Pending
3762,923,2026-03-24,Cancelled,Credit Card,Pending
3763,264,2025-12-30,Completed,Debit Card,Failed
3764,406,2025-03-04,Pending,Net Banking,Paid
3765,723,2026-03-03,Cancelled,Debit Card,Failed
3766,292,2025-08-19,Pending,Net Banking,Pending
3767,420,2026-03-26,Cancelled,UPI,Failed
3768,693,2026-01-24,Pending,Credit Card,Paid
3769,608,2025-01-25,Cancelled,Net Banking,Pending
3770,620,2025-03-07,Shipped,Credit Card,Failed
3771,838,2025-12-09,Cancelled,UPI,Paid
3772,107,2025-03-22,Completed,Net Banking,Pending
3773,63,2025-03-08,Pending,UPI,Pending
3774,45,2026-01-25,Shipped,Debit Card,Pending
3775,873,2026-04-06,Cancelled,Credit Card,Pending
3776,727,2025-11-19,Shipped,Debit Card,Pending
3777,820,2025-08-30,Pending,Credit Card,Paid
3778,11,2025-05-06,Completed,Debit Card,Pending
3779,444,2025-10-18,Cancelled,Cash,Paid
3780,741,2025-03-17,Pending,Net Banking,Paid
3781,29,2026-02-26,Pending,Debit Card,Paid
3782,798,2025-03-11,Completed,Credit Card,Failed
3783,473,2026-03-19,Cancelled,Cash,Pending
3784,724,2025-09-28,Shipped,Credit Card,Pending
3785,346,2025-10-26,Shipped,UPI,Failed
3786,441,2026-04-27,Completed,Net Banking,Failed
3787,968,2025-04-22,Completed,Debit Card,Failed
3788,566,2025-07-04,Cancelled,Credit Card,Pending
3789,336,2025-12-23,Shipped,Cash,Paid
3790,75,2025-02-13,Pending,Net Banking,Failed
3791,50,2025-07-09,Pending,Debit Card,Paid
3792,849,2025-04-08,Shipped,Credit Card,Failed
3793,139,2026-01-15,Completed,Credit Card,Paid
3794,469,2025-06-08,Cancelled,Credit Card,Pending
3795,213,2025-07-28,Completed,UPI,Pending
3796,680,2025-04-29,Shipped,Net Banking,Pending
3797,760,2025-09-16,Shipped,Net Banking,Paid
3798,566,2025-01-17,Cancelled,Credit Card,Failed
3799,288,2026-03-17,Shipped,Net Banking,Paid
3800,908,2025-03-20,Completed,Cash,Pending
3801,293,2026-04-01,Completed,Cash,Pending
3802,39,2025-04-07,Cancelled,Credit Card,Pending
3803,159,2025-01-30,Pending,Net Banking,Pending
3804,49,2026-04-30,Pending,Credit Card,Failed
3805,967,2025-11-09,Cancelled,Cash,Pending
3806,186,2025-06-23,Shipped,Debit Card,Failed
3807,772,2026-03-23,Pending,Credit Card,Paid
3808,533,2025-03-10,Pending,Net Banking,Paid
3809,140,2025-01-05,Completed,Credit Card,Pending
3810,588,2025-07-25,Completed,Credit Card,Paid
3811,11,2026-03-26,Pending,UPI,Paid
3812,260,2025-04-12,Shipped,Cash,Pending
3813,752,2025-02-04,Completed,Cash,Pending
3814,956,2025-07-06,Completed,Cash,Pending
3815,795,2025-03-14,Shipped,Net Banking,Failed
3816,769,2025-06-27,Cancelled,Credit Card,Failed
3817,178,2025-01-30,Cancelled,Debit Card,Paid
3818,81,2025-01-29,Pending,Credit Card,Failed
3819,570,2025-10-25,Cancelled,Cash,Paid
3820,30,2025-05-01,Pending,Debit Card,Failed
3821,974,2026-04-15,Pending,UPI,Paid
3822,304,2025-10-04,Shipped,UPI,Failed
3823,760,2026-02-19,Completed,UPI,Pending
3824,167,2026-01-03,Pending,Credit Card,Pending
3825,903,2025-01-27,Cancelled,UPI,Pending
3826,900,2026-02-21,Shipped,Debit Card,Failed
3827,560,2026-03-29,Shipped,UPI,Pending
3828,652,2025-11-25,Shipped,Debit Card,Pending
3829,109,2025-07-31,Pending,Debit Card,Paid
3830,369,2025-07-17,Pending,Net Banking,Pending
3831,808,2025-03-20,Shipped,Credit Card,Pending
3832,894,2025-09-16,Completed,Credit Card,Paid
3833,614,2025-06-12,Completed,Net Banking,Failed
3834,395,2025-06-25,Shipped,Net Banking,Pending
3835,261,2025-12-31,Pending,Credit Card,Pending
3836,643,2025-05-08,Pending,Cash,Failed
3837,964,2026-01-29,Completed,Credit Card,Paid
3838,87,2025-03-08,Completed,UPI,Paid
3839,469,2025-09-29,Completed,Credit Card,Failed
3840,705,2025-06-27,Shipped,Net Banking,Paid
3841,939,2025-12-09,Completed,Cash,Paid
3842,845,2026-03-18,Shipped,Debit Card,Failed
3843,818,2025-01-19,Pending,Net Banking,Paid
3844,107,2025-06-30,Cancelled,Debit Card,Paid
3845,326,2025-11-03,Completed,Cash,Paid
3846,180,2025-03-30,Pending,Cash,Pending
3847,261,2026-01-19,Pending,Credit Card,Failed
3848,187,2025-08-21,Pending,UPI,Pending
3849,297,2026-03-15,Pending,Credit Card,Paid
3850,181,2025-07-12,Shipped,Debit Card,Failed
3851,267,2026-02-20,Shipped,Credit Card,Paid
3852,754,2026-01-14,Completed,Net Banking,Paid
3853,1000,2025-04-14,Cancelled,Debit Card,Pending
3854,899,2025-08-15,Completed,Debit Card,Failed
3855,532,2026-03-07,Shipped,Net Banking,Failed
3856,945,2025-10-25,Cancelled,UPI,Pending
3857,22,2025-08-26,Pending,UPI,Pending
3858,700,2025-11-11,Shipped,Net Banking,Failed
3859,74,2025-06-28,Cancelled,Credit Card,Failed
3860,509,2025-08-18,Cancelled,Net Banking,Failed
3861,187,2026-04-08,Shipped,Cash,Failed
3862,215,2025-12-03,Pending,Net Banking,Failed
3863,425,2025-06-12,Pending,Debit Card,Paid
3864,944,2025-08-20,Shipped,Cash,Pending
3865,175,2026-02-11,Pending,Debit Card,Failed
3866,18,2025-03-20,Shipped,UPI,Pending
3867,556,2025-06-28,Completed,Credit Card,Failed
3868,29,2025-03-10,Cancelled,Net Banking,Failed
3869,162,2026-04-20,Pending,Net Banking,Pending
3870,74,2025-03-01,Cancelled,Cash,Paid
3871,156,2025-01-22,Cancelled,Debit Card,Failed
3872,596,2025-12-25,Shipped,Credit Card,Pending
3873,475,2025-05-06,Pending,Cash,Paid
3874,638,2026-02-28,Cancelled,Credit Card,Paid
3875,387,2025-08-09,Completed,Debit Card,Failed
3876,639,2025-05-13,Completed,Net Banking,Pending
3877,200,2025-02-19,Pending,UPI,Paid
3878,552,2025-12-02,Completed,UPI,Pending
3879,548,2025-10-21,Pending,Credit Card,Paid
3880,658,2026-02-24,Completed,Credit Card,Paid
3881,973,2025-02-18,Pending,UPI,Pending
3882,304,2026-01-19,Completed,Debit Card,Failed
3883,891,2025-03-20,Shipped,Net Banking,Pending
3884,512,2025-10-02,Shipped,Debit Card,Paid
3885,782,2025-02-23,Completed,Net Banking,Pending
3886,570,2025-05-15,Completed,Cash,Pending
3887,769,2025-06-06,Pending,UPI,Paid
3888,398,2026-02-11,Pending,Net Banking,Failed
3889,955,2026-04-14,Shipped,Cash,Failed
3890,492,2025-09-26,Pending,Debit Card,Failed
3891,795,2025-06-17,Shipped,Cash,Pending
3892,892,2026-04-30,Shipped,Debit Card,Failed
3893,611,2025-03-02,Shipped,Credit Card,Paid
3894,675,2025-06-01,Pending,UPI,Failed
3895,733,2025-03-14,Shipped,Credit Card,Paid
3896,198,2025-02-08,Pending,UPI,Pending
3897,66,2025-12-20,Completed,Debit Card,Paid
3898,260,2025-11-10,Pending,UPI,Pending
3899,498,2026-01-11,Completed,UPI,Pending
3900,630,2026-03-18,Shipped,Credit Card,Pending
3901,625,2025-10-29,Cancelled,Net Banking,Failed
3902,99,2025-09-27,Pending,Net Banking,Failed
3903,114,2025-04-12,Completed,UPI,Paid
3904,443,2026-03-25,Shipped,Cash,Paid
3905,705,2026-01-13,Pending,UPI,Paid
3906,357,2025-01-03,Pending,Credit Card,Failed
3907,199,2025-06-22,Shipped,Credit Card,Paid
3908,330,2025-01-02,Completed,Debit Card,Paid
3909,251,2025-05-19,Pending,Net Banking,Failed
3910,958,2025-01-01,Cancelled,Net Banking,Failed
3911,948,2025-03-24,Shipped,Net Banking,Paid
3912,798,2025-12-04,Completed,UPI,Pending
3913,547,2025-07-23,Shipped,Credit Card,Pending
3914,447,2026-01-23,Pending,Credit Card,Paid
3915,570,2026-03-09,Pending,Net Banking,Failed
3916,395,2026-04-03,Pending,Credit Card,Pending
3917,922,2025-07-28,Completed,Net Banking,Pending
3918,117,2025-11-22,Shipped,Credit Card,Pending
3919,108,2025-08-21,Pending,Cash,Failed
3920,989,2025-06-06,Completed,UPI,Paid
3921,159,2025-04-08,Pending,Credit Card,Paid
3922,624,2026-01-03,Pending,UPI,Failed
3923,870,2025-10-04,Pending,Debit Card,Paid
3924,755,2025-08-25,Completed,Net Banking,Pending
3925,726,2025-06-16,Completed,Cash,Pending
3926,395,2025-09-10,Completed,UPI,Pending
3927,645,2026-01-22,Cancelled,Net Banking,Paid
3928,651,2025-01-04,Completed,Debit Card,Paid
3929,77,2026-01-30,Pending,Cash,Failed
3930,980,2025-08-16,Shipped,UPI,Pending
3931,516,2026-04-16,Completed,Debit Card,Failed
3932,594,2025-08-03,Pending,Net Banking,Failed
3933,359,2025-06-03,Shipped,Credit Card,Failed
3934,18,2025-12-12,Pending,Cash,Pending
3935,713,2025-07-08,Shipped,Net Banking,Pending
3936,175,2026-01-27,Cancelled,Net Banking,Paid
3937,332,2025-03-12,Shipped,Credit Card,Pending
3938,520,2025-11-12,Pending,Debit Card,Pending
3939,617,2025-04-25,Cancelled,Cash,Failed
3940,10,2025-11-22,Shipped,Debit Card,Paid
3941,883,2025-10-24,Completed,Cash,Pending
3942,487,2025-11-18,Pending,Net Banking,Pending
3943,605,2025-08-05,Cancelled,UPI,Pending
3944,634,2025-10-21,Shipped,Cash,Paid
3945,4,2025-10-15,Shipped,Debit Card,Failed
3946,510,2025-12-15,Cancelled,Net Banking,Pending
3947,633,2025-12-18,Cancelled,Cash,Pending
3948,977,2025-02-08,Pending,Net Banking,Failed
3949,310,2026-03-10,Completed,Cash,Pending
3950,296,2025-05-05,Shipped,Net Banking,Failed
3951,212,2025-06-25,Shipped,Net Banking,Failed
3952,547,2026-02-18,Completed,Cash,Pending
3953,599,2026-02-02,Completed,Debit Card,Pending
3954,11,2025-06-11,Pending,Net Banking,Pending
3955,11,2026-03-25,Cancelled,Credit Card,Paid
3956,909,2026-03-04,Completed,Credit Card,Pending
3957,985,2025-03-13,Shipped,UPI,Pending
3958,297,2025-07-24,Completed,UPI,Failed
3959,278,2025-04-02,Cancelled,Debit Card,Failed
3960,789,2025-02-23,Pending,UPI,Failed
3961,553,2026-03-26,Pending,UPI,Pending
3962,313,2025-09-05,Pending,Net Banking,Failed
3963,486,2026-01-13,Cancelled,UPI,Failed
3964,426,2025-06-27,Pending,UPI,Paid
3965,984,2026-04-19,Shipped,Debit Card,Paid
3966,1,2025-01-25,Pending,UPI,Failed
3967,738,2025-06-26,Shipped,Cash,Paid
3968,910,2025-10-31,Cancelled,Credit Card,Paid
3969,992,2026-04-12,Cancelled,Cash,Pending
3970,572,2025-02-19,Cancelled,Net Banking,Paid
3971,449,2026-02-27,Cancelled,Cash,Pending
3972,54,2025-10-19,Shipped,UPI,Failed
3973,544,2025-03-02,Shipped,Credit Card,Pending
3974,659,2026-03-26,Completed,UPI,Paid
3975,769,2025-11-20,Pending,Cash,Pending
3976,705,2026-03-31,Completed,UPI,Paid
3977,941,2025-05-19,Cancelled,Debit Card,Pending
3978,616,2025-03-09,Completed,Cash,Pending
3979,682,2025-05-21,Cancelled,Cash,Failed
3980,952,2026-04-08,Shipped,Debit Card,Paid
3981,963,2025-06-04,Completed,Cash,Paid
3982,797,2026-02-08,Pending,UPI,Pending
3983,353,2026-04-12,Shipped,Cash,Paid
3984,955,2025-06-11,Shipped,Credit Card,Paid
3985,876,2026-04-26,Pending,UPI,Failed
3986,340,2025-01-05,Pending,Credit Card,Failed
3987,676,2025-11-28,Cancelled,Cash,Paid
3988,511,2025-05-13,Cancelled,Cash,Pending
3989,555,2025-06-05,Cancelled,Debit Card,Pending
3990,229,2025-11-02,Shipped,Debit Card,Paid
3991,869,2025-02-19,Pending,Net Banking,Paid
3992,7,2025-06-10,Shipped,UPI,Paid
3993,342,2025-05-28,Cancelled,Credit Card,Paid
3994,719,2025-03-27,Completed,UPI,Failed
3995,404,2025-05-08,Pending,Credit Card,Paid
3996,890,2026-04-22,Completed,Cash,Paid
3997,798,2026-04-18,Pending,Cash,Pending
3998,436,2025-03-22,Cancelled,Net Banking,Failed
3999,750,2025-10-07,Pending,Net Banking,Pending
4000,329,2025-10-12,Cancelled,Net Banking,Pending
4001,186,2025-03-29,Cancelled,Credit Card,Failed
4002,355,2026-03-07,Pending,Debit Card,Paid
4003,119,2025-07-27,Cancelled,Cash,Pending
4004,87,2025-11-11,Shipped,UPI,Paid
4005,939,2025-06-22,Completed,Net Banking,Failed
4006,372,2025-01-25,Cancelled,Net Banking,Paid
4007,459,2025-05-13,Shipped,Debit Card,Pending
4008,236,2025-08-30,Cancelled,Credit Card,Pending
4009,145,2026-01-31,Cancelled,Cash,Failed
4010,762,2026-01-10,Cancelled,UPI,Pending
4011,365,2025-03-02,Cancelled,Net Banking,Pending
4012,267,2025-04-13,Cancelled,Net Banking,Paid
4013,342,2025-01-19,Pending,Cash,Failed
4014,32,2025-10-01,Pending,Credit Card,Paid
4015,223,2025-09-29,Shipped,UPI,Paid
4016,206,2025-12-19,Pending,Net Banking,Failed
4017,438,2025-04-04,Completed,Net Banking,Pending
4018,548,2025-09-17,Pending,Net Banking,Paid
4019,814,2025-06-30,Pending,Cash,Failed
4020,202,2025-09-01,Completed,Debit Card,Failed
4021,189,2025-08-11,Cancelled,UPI,Pending
4022,126,2025-04-03,Shipped,Debit Card,Pending
4023,852,2025-06-17,Pending,Debit Card,Failed
4024,495,2025-04-26,Completed,UPI,Failed
4025,885,2025-10-17,Completed,Debit Card,Pending
4026,490,2025-12-18,Pending,Debit Card,Pending
4027,391,2026-03-22,Shipped,UPI,Failed
4028,454,2025-09-03,Shipped,Credit Card,Failed
4029,408,2026-02-19,Completed,Debit Card,Paid
4030,834,2025-04-18,Shipped,Credit Card,Failed
4031,590,2025-11-06,Cancelled,Cash,Failed
4032,441,2026-02-11,Cancelled,Debit Card,Paid
4033,602,2025-11-09,Completed,UPI,Paid
4034,546,2025-01-25,Cancelled,Cash,Paid
4035,18,2025-10-23,Pending,Debit Card,Paid
4036,722,2025-02-18,Completed,Net Banking,Failed
4037,680,2025-07-29,Cancelled,Debit Card,Paid
4038,302,2025-11-30,Shipped,Debit Card,Failed
4039,527,2026-04-26,Cancelled,Net Banking,Failed
4040,742,2025-11-11,Shipped,Net Banking,Pending
4041,175,2025-08-13,Cancelled,Cash,Pending
4042,728,2025-11-22,Cancelled,Net Banking,Paid
4043,531,2026-04-30,Completed,Net Banking,Paid
4044,147,2025-04-02,Completed,Cash,Failed
4045,474,2025-10-26,Completed,Credit Card,Pending
4046,554,2025-09-28,Pending,Net Banking,Pending
4047,84,2026-04-06,Shipped,UPI,Pending
4048,595,2026-01-20,Cancelled,Debit Card,Pending
4049,102,2026-02-20,Cancelled,Credit Card,Pending
4050,779,2025-09-12,Pending,Net Banking,Pending
4051,108,2025-09-25,Completed,Credit Card,Failed
4052,654,2025-04-22,Completed,Credit Card,Failed
4053,350,2025-09-15,Shipped,Net Banking,Paid
4054,84,2026-02-01,Pending,Net Banking,Pending
4055,552,2026-03-04,Completed,Debit Card,Pending
4056,12,2025-10-23,Completed,Net Banking,Failed
4057,888,2026-04-15,Pending,UPI,Pending
4058,591,2025-08-28,Completed,Debit Card,Pending
4059,574,2025-03-17,Shipped,Cash,Failed
4060,227,2025-04-17,Cancelled,UPI,Failed
4061,673,2026-03-01,Cancelled,Net Banking,Failed
4062,22,2026-01-20,Shipped,UPI,Failed
4063,200,2025-06-13,Pending,Cash,Paid
4064,763,2026-01-18,Completed,UPI,Failed
4065,807,2025-05-04,Completed,UPI,Paid
4066,879,2026-05-06,Pending,Net Banking,Pending
4067,138,2025-06-07,Cancelled,Debit Card,Paid
4068,741,2025-05-05,Shipped,UPI,Failed
4069,707,2025-01-31,Cancelled,Net Banking,Paid
4070,515,2026-03-15,Completed,UPI,Pending
4071,63,2025-06-17,Pending,Debit Card,Paid
4072,473,2026-01-01,Pending,Cash,Paid
4073,352,2026-04-09,Shipped,Credit Card,Pending
4074,412,2026-01-23,Pending,Cash,Paid
4075,707,2025-04-22,Cancelled,Net Banking,Failed
4076,411,2025-11-03,Pending,Credit Card,Pending
4077,818,2025-05-04,Completed,UPI,Failed
4078,558,2025-06-20,Cancelled,Cash,Paid
4079,649,2025-07-07,Cancelled,Cash,Failed
4080,89,2025-05-07,Cancelled,Cash,Pending
4081,599,2025-05-03,Shipped,Net Banking,Paid
4082,356,2025-07-02,Completed,UPI,Pending
4083,253,2025-05-29,Shipped,Net Banking,Paid
4084,138,2025-12-04,Pending,Cash,Pending
4085,468,2025-04-04,Completed,Credit Card,Failed
4086,432,2025-11-01,Shipped,Cash,Paid
4087,937,2025-06-25,Pending,Debit Card,Paid
4088,85,2025-09-24,Shipped,Debit Card,Pending
4089,837,2025-02-05,Shipped,UPI,Paid
4090,108,2026-04-03,Shipped,Debit Card,Failed
4091,210,2026-04-02,Cancelled,Net Banking,Failed
4092,307,2026-04-16,Shipped,Debit Card,Paid
4093,383,2026-05-15,Completed,UPI,Paid
4094,574,2025-12-09,Completed,Credit Card,Pending
4095,9,2025-04-20,Cancelled,Credit Card,Pending
4096,214,2025-08-03,Shipped,Credit Card,Failed
4097,105,2026-03-23,Cancelled,Debit Card,Failed
4098,465,2025-05-19,Completed,Net Banking,Failed
4099,607,2025-04-28,Cancelled,Credit Card,Paid
4100,422,2025-10-22,Completed,Cash,Pending
4101,267,2025-07-25,Completed,Net Banking,Paid
4102,518,2025-03-30,Cancelled,Net Banking,Failed
4103,784,2025-08-21,Cancelled,Debit Card,Pending
4104,877,2025-02-27,Pending,Debit Card,Failed
4105,915,2026-01-19,Shipped,Credit Card,Pending
4106,465,2025-03-05,Cancelled,Credit Card,Paid
4107,992,2025-11-25,Shipped,Net Banking,Failed
4108,808,2025-03-03,Completed,Cash,Pending
4109,739,2026-02-02,Completed,Credit Card,Pending
4110,214,2026-04-30,Completed,Net Banking,Pending
4111,562,2025-04-16,Shipped,Cash,Failed
4112,368,2026-01-18,Pending,Credit Card,Paid
4113,291,2025-07-27,Shipped,Cash,Paid
4114,258,2026-03-01,Completed,Credit Card,Failed
4115,620,2025-01-05,Completed,Net Banking,Paid
4116,975,2026-04-28,Cancelled,Credit Card,Failed
4117,653,2026-02-27,Shipped,UPI,Paid
4118,131,2025-10-07,Shipped,Credit Card,Pending
4119,807,2025-05-16,Pending,UPI,Pending
4120,671,2025-02-04,Pending,Credit Card,Paid
4121,36,2025-11-09,Cancelled,Cash,Pending
4122,8,2025-03-10,Cancelled,Debit Card,Paid
4123,58,2025-01-11,Shipped,Net Banking,Failed
4124,103,2025-05-20,Pending,Credit Card,Pending
4125,800,2025-07-10,Pending,Net Banking,Failed
4126,61,2025-02-08,Shipped,Net Banking,Pending
4127,978,2025-02-20,Pending,Credit Card,Pending
4128,975,2025-10-06,Shipped,UPI,Failed
4129,754,2026-01-09,Shipped,Credit Card,Failed
4130,262,2025-07-19,Shipped,Credit Card,Paid
4131,383,2025-04-01,Completed,Cash,Pending
4132,148,2026-02-11,Pending,Debit Card,Paid
4133,853,2025-05-16,Pending,Credit Card,Pending
4134,111,2025-02-21,Completed,UPI,Paid
4135,392,2025-06-06,Shipped,UPI,Failed
4136,221,2025-07-15,Completed,Cash,Paid
4137,560,2025-03-18,Shipped,Cash,Failed
4138,174,2025-12-01,Completed,Credit Card,Paid
4139,609,2025-01-17,Cancelled,Credit Card,Pending
4140,822,2026-04-03,Shipped,Credit Card,Paid
4141,370,2025-10-20,Pending,Cash,Failed
4142,32,2025-10-26,Completed,Debit Card,Pending
4143,620,2025-09-01,Cancelled,UPI,Paid
4144,507,2025-02-19,Pending,Credit Card,Pending
4145,818,2026-05-05,Completed,UPI,Pending
4146,631,2025-04-21,Shipped,UPI,Paid
4147,798,2026-01-21,Completed,Cash,Paid
4148,96,2025-03-24,Completed,Credit Card,Failed
4149,390,2026-02-21,Completed,Net Banking,Pending
4150,78,2026-03-29,Shipped,Cash,Paid
4151,123,2025-04-06,Completed,Debit Card,Pending
4152,945,2026-03-22,Cancelled,Cash,Paid
4153,114,2025-09-11,Pending,Net Banking,Paid
4154,855,2025-08-31,Completed,Cash,Pending
4155,251,2025-06-06,Shipped,UPI,Paid
4156,231,2026-02-27,Cancelled,Debit Card,Paid
4157,370,2025-04-05,Pending,UPI,Failed
4158,16,2025-07-23,Pending,Debit Card,Paid
4159,934,2025-04-20,Cancelled,UPI,Paid
4160,751,2026-05-04,Completed,Net Banking,Pending
4161,760,2025-06-06,Shipped,Cash,Paid
4162,632,2025-07-12,Completed,Credit Card,Failed
4163,431,2025-04-04,Cancelled,Debit Card,Paid
4164,946,2025-04-26,Pending,Cash,Pending
4165,668,2025-02-10,Shipped,Net Banking,Pending
4166,571,2026-01-04,Completed,Credit Card,Pending
4167,354,2026-05-01,Cancelled,Net Banking,Failed
4168,115,2025-06-29,Shipped,UPI,Paid
4169,109,2025-02-24,Completed,Debit Card,Failed
4170,945,2025-10-25,Completed,Credit Card,Pending
4171,902,2025-10-04,Shipped,Debit Card,Failed
4172,822,2025-11-07,Shipped,Debit Card,Pending
4173,439,2025-10-12,Shipped,Credit Card,Paid
4174,389,2025-08-26,Completed,UPI,Failed
4175,276,2025-09-27,Cancelled,Cash,Pending
4176,524,2025-01-13,Pending,Cash,Failed
4177,1000,2025-10-13,Completed,Net Banking,Paid
4178,34,2025-10-20,Shipped,Debit Card,Failed
4179,581,2026-03-10,Pending,UPI,Pending
4180,45,2025-06-03,Completed,Cash,Failed
4181,744,2026-01-13,Pending,Cash,Failed
4182,748,2026-05-08,Pending,Credit Card,Pending
4183,286,2025-04-28,Cancelled,Net Banking,Pending
4184,460,2025-05-19,Completed,Net Banking,Paid
4185,230,2025-03-02,Shipped,Debit Card,Pending
4186,192,2025-08-10,Pending,UPI,Paid
4187,171,2025-02-03,Pending,Cash,Failed
4188,761,2026-04-26,Pending,UPI,Pending
4189,337,2026-04-08,Completed,Credit Card,Paid
4190,63,2025-01-02,Completed,UPI,Failed
4191,386,2025-09-23,Pending,Debit Card,Failed
4192,413,2026-01-01,Shipped,Credit Card,Failed
4193,627,2025-02-26,Completed,UPI,Failed
4194,586,2025-09-24,Completed,UPI,Pending
4195,416,2025-03-02,Completed,UPI,Failed
4196,877,2026-05-04,Completed,Cash,Failed
4197,760,2026-01-21,Pending,Credit Card,Paid
4198,507,2025-12-17,Pending,Cash,Failed
4199,596,2026-03-02,Shipped,Net Banking,Paid
4200,10,2025-07-18,Cancelled,Debit Card,Failed
4201,974,2026-03-08,Completed,Net Banking,Pending
4202,265,2025-09-03,Shipped,Credit Card,Paid
4203,24,2025-01-26,Cancelled,Credit Card,Paid
4204,122,2025-08-11,Completed,Credit Card,Pending
4205,952,2025-02-12,Completed,Net Banking,Paid
4206,95,2025-06-12,Cancelled,Debit Card,Pending
4207,145,2025-09-14,Cancelled,Credit Card,Paid
4208,652,2025-04-07,Cancelled,UPI,Paid
4209,209,2025-07-05,Cancelled,Credit Card,Pending
4210,421,2025-07-31,Completed,Cash,Pending
4211,967,2025-07-12,Cancelled,Debit Card,Failed
4212,721,2026-04-01,Cancelled,Cash,Pending
4213,152,2025-08-15,Completed,UPI,Paid
4214,142,2025-10-09,Cancelled,UPI,Paid
4215,789,2025-12-28,Completed,Net Banking,Paid
4216,142,2026-04-17,Pending,Net Banking,Pending
4217,945,2025-11-02,Cancelled,UPI,Paid
4218,913,2026-05-08,Shipped,Credit Card,Paid
4219,355,2025-09-29,Completed,Cash,Pending
4220,333,2025-12-19,Pending,Cash,Paid
4221,935,2026-02-09,Cancelled,Credit Card,Pending
4222,164,2025-06-09,Pending,Debit Card,Pending
4223,9,2025-01-09,Cancelled,UPI,Paid
4224,97,2025-11-14,Pending,Net Banking,Failed
4225,110,2025-06-19,Completed,Cash,Paid
4226,181,2025-11-18,Cancelled,Debit Card,Failed
4227,294,2025-01-10,Shipped,UPI,Paid
4228,476,2025-02-01,Pending,Credit Card,Paid
4229,437,2025-05-16,Shipped,UPI,Paid
4230,131,2025-02-13,Pending,Net Banking,Paid
4231,89,2025-08-23,Completed,UPI,Failed
4232,764,2026-03-27,Pending,Credit Card,Paid
4233,753,2025-10-18,Shipped,UPI,Pending
4234,129,2025-02-15,Completed,Debit Card,Failed
4235,384,2026-01-02,Completed,Cash,Failed
4236,446,2025-08-08,Cancelled,Credit Card,Failed
4237,997,2026-04-13,Cancelled,Debit Card,Pending
4238,48,2026-01-07,Cancelled,Credit Card,Paid
4239,451,2026-05-16,Shipped,Credit Card,Failed
4240,393,2025-06-03,Completed,UPI,Failed
4241,341,2025-02-15,Pending,UPI,Pending
4242,737,2025-09-13,Pending,Debit Card,Pending
4243,153,2026-03-09,Cancelled,Credit Card,Pending
4244,985,2025-10-13,Shipped,UPI,Pending
4245,548,2025-07-29,Pending,Credit Card,Pending
4246,104,2026-01-23,Pending,Cash,Failed
4247,188,2026-05-03,Shipped,Cash,Paid
4248,402,2025-09-18,Shipped,Cash,Pending
4249,716,2026-04-23,Shipped,Credit Card,Paid
4250,79,2025-05-22,Shipped,Cash,Failed
4251,523,2025-08-15,Cancelled,Net Banking,Pending
4252,479,2025-08-31,Completed,Credit Card,Failed
4253,655,2025-01-31,Pending,Debit Card,Paid
4254,423,2025-01-19,Completed,Net Banking,Pending
4255,580,2025-09-14,Shipped,Debit Card,Paid
4256,241,2025-03-06,Cancelled,Debit Card,Paid
4257,55,2025-06-07,Cancelled,Cash,Failed
4258,388,2026-01-21,Pending,UPI,Paid
4259,345,2025-02-14,Shipped,Debit Card,Failed
4260,770,2026-01-13,Cancelled,Credit Card,Pending
4261,589,2025-05-12,Pending,UPI,Pending
4262,708,2025-12-04,Cancelled,Debit Card,Failed
4263,91,2026-02-24,Completed,UPI,Failed
4264,628,2025-12-30,Shipped,Credit Card,Failed
4265,83,2025-10-09,Pending,Cash,Paid
4266,878,2025-01-02,Shipped,Credit Card,Pending
4267,346,2025-04-26,Cancelled,Net Banking,Failed
4268,184,2026-02-17,Completed,Net Banking,Failed
4269,601,2025-05-22,Shipped,Net Banking,Paid
4270,415,2025-07-27,Cancelled,UPI,Pending
4271,101,2026-03-10,Completed,UPI,Paid
4272,165,2025-02-16,Cancelled,Debit Card,Paid
4273,768,2025-12-03,Cancelled,UPI,Failed
4274,254,2025-04-06,Completed,UPI,Failed
4275,53,2025-07-25,Cancelled,Net Banking,Failed
4276,541,2026-05-02,Shipped,UPI,Paid
4277,146,2025-09-12,Completed,Net Banking,Pending
4278,60,2025-01-28,Pending,Credit Card,Paid
4279,207,2025-12-24,Completed,Net Banking,Pending
4280,848,2025-10-09,Completed,UPI,Paid
4281,283,2026-02-18,Completed,UPI,Paid
4282,942,2025-06-02,Shipped,UPI,Paid
4283,769,2025-02-24,Shipped,UPI,Failed
4284,478,2026-02-26,Shipped,UPI,Failed
4285,906,2025-02-23,Shipped,Credit Card,Pending
4286,733,2025-12-17,Completed,Net Banking,Pending
4287,596,2025-02-20,Cancelled,Cash,Failed
4288,889,2025-06-18,Cancelled,UPI,Failed
4289,79,2025-03-03,Pending,Cash,Pending
4290,346,2025-04-25,Pending,UPI,Paid
4291,945,2025-08-30,Pending,Net Banking,Failed
4292,889,2025-12-13,Shipped,Net Banking,Failed
4293,483,2025-01-02,Pending,Cash,Failed
4294,58,2026-01-25,Pending,Cash,Paid
4295,426,2026-04-30,Completed,Cash,Paid
4296,707,2025-10-10,Completed,Net Banking,Pending
4297,855,2026-05-15,Pending,Credit Card,Paid
4298,611,2025-12-13,Shipped,Debit Card,Pending
4299,794,2025-09-09,Completed,Net Banking,Paid
4300,347,2025-09-06,Pending,UPI,Pending
4301,430,2026-03-26,Completed,UPI,Paid
4302,294,2026-02-13,Completed,Net Banking,Pending
4303,361,2026-02-06,Shipped,Net Banking,Paid
4304,174,2025-01-08,Cancelled,Debit Card,Paid
4305,787,2026-02-13,Pending,Credit Card,Pending
4306,191,2026-05-09,Pending,UPI,Pending
4307,39,2025-10-27,Shipped,Net Banking,Failed
4308,392,2026-01-26,Cancelled,Cash,Pending
4309,683,2025-07-23,Shipped,UPI,Pending
4310,454,2026-02-15,Cancelled,UPI,Pending
4311,707,2025-11-14,Completed,Credit Card,Failed
4312,937,2026-03-12,Cancelled,Credit Card,Paid
4313,57,2025-06-14,Completed,Cash,Pending
4314,149,2026-02-26,Shipped,UPI,Paid
4315,951,2025-09-03,Completed,Credit Card,Paid
4316,48,2025-07-06,Cancelled,Credit Card,Pending
4317,217,2026-03-11,Completed,Net Banking,Failed
4318,228,2026-03-20,Pending,Debit Card,Failed
4319,300,2026-03-14,Completed,Credit Card,Paid
4320,309,2025-01-06,Completed,Cash,Failed
4321,829,2026-02-19,Completed,UPI,Pending
4322,235,2026-03-16,Completed,Credit Card,Paid
4323,934,2025-07-08,Completed,Cash,Pending
4324,374,2026-01-04,Shipped,Debit Card,Pending
4325,814,2026-01-01,Pending,Credit Card,Failed
4326,959,2026-03-21,Cancelled,Credit Card,Pending
4327,93,2025-10-09,Completed,UPI,Pending
4328,840,2025-01-09,Completed,Debit Card,Pending
4329,266,2025-08-04,Pending,Cash,Failed
4330,828,2026-02-24,Shipped,UPI,Pending
4331,253,2025-08-30,Cancelled,Debit Card,Failed
4332,937,2026-01-27,Completed,Credit Card,Failed
4333,79,2026-01-30,Shipped,Cash,Pending
4334,101,2026-02-18,Pending,Credit Card,Failed
4335,784,2025-07-10,Shipped,Net Banking,Paid
4336,371,2025-06-24,Cancelled,Credit Card,Pending
4337,962,2026-03-14,Completed,Net Banking,Pending
4338,233,2025-03-24,Shipped,UPI,Paid
4339,806,2025-06-01,Cancelled,Cash,Failed
4340,379,2026-03-08,Cancelled,Cash,Pending
4341,145,2025-08-28,Completed,Debit Card,Paid
4342,105,2025-08-15,Completed,Cash,Paid
4343,847,2025-02-01,Shipped,UPI,Pending
4344,825,2025-07-16,Cancelled,Cash,Failed
4345,771,2025-11-25,Pending,Cash,Failed
4346,63,2026-01-06,Pending,UPI,Pending
4347,315,2025-06-12,Pending,Net Banking,Paid
4348,191,2026-02-02,Shipped,Debit Card,Paid
4349,309,2026-03-07,Cancelled,Cash,Failed
4350,393,2025-04-03,Completed,Credit Card,Failed
4351,341,2025-03-30,Cancelled,Cash,Failed
4352,413,2025-09-28,Pending,Cash,Paid
4353,529,2025-10-12,Cancelled,UPI,Pending
4354,439,2025-08-02,Cancelled,Credit Card,Paid
4355,669,2025-08-17,Shipped,Credit Card,Paid
4356,969,2025-09-02,Completed,Credit Card,Pending
4357,745,2025-04-17,Shipped,Cash,Pending
4358,142,2025-12-21,Cancelled,Net Banking,Paid
4359,915,2025-04-22,Shipped,Net Banking,Pending
4360,54,2025-11-07,Shipped,UPI,Pending
4361,941,2025-09-22,Shipped,Net Banking,Failed
4362,181,2025-04-30,Completed,Debit Card,Pending
4363,241,2026-02-03,Cancelled,UPI,Pending
4364,27,2026-02-08,Pending,Cash,Paid
4365,429,2025-10-23,Completed,Debit Card,Failed
4366,461,2026-03-14,Shipped,Debit Card,Paid
4367,197,2025-06-10,Cancelled,Cash,Pending
4368,755,2025-01-30,Shipped,Net Banking,Failed
4369,475,2026-03-28,Shipped,Debit Card,Pending
4370,163,2025-05-11,Shipped,UPI,Failed
4371,884,2025-12-27,Completed,Credit Card,Failed
4372,151,2025-05-13,Pending,Cash,Paid
4373,413,2026-03-17,Pending,Cash,Failed
4374,185,2025-04-16,Completed,Credit Card,Paid
4375,659,2026-04-29,Pending,Cash,Paid
4376,780,2025-02-24,Completed,Cash,Pending
4377,909,2025-11-30,Shipped,Cash,Failed
4378,992,2025-03-03,Shipped,UPI,Pending
4379,59,2025-03-26,Cancelled,Credit Card,Failed
4380,557,2026-03-29,Cancelled,UPI,Pending
4381,858,2025-05-18,Shipped,Net Banking,Failed
4382,34,2025-04-30,Cancelled,Credit Card,Paid
4383,436,2026-03-04,Completed,Credit Card,Failed
4384,826,2026-03-15,Pending,Credit Card,Paid
4385,185,2026-04-06,Shipped,Net Banking,Failed
4386,98,2025-01-08,Cancelled,Credit Card,Failed
4387,276,2025-07-23,Shipped,UPI,Paid
4388,560,2025-08-05,Completed,UPI,Pending
4389,905,2025-08-26,Completed,Credit Card,Paid
4390,947,2025-07-24,Pending,Cash,Paid
4391,351,2026-03-31,Completed,UPI,Pending
4392,204,2025-10-26,Pending,Credit Card,Pending
4393,470,2026-03-04,Pending,Debit Card,Pending
4394,592,2025-07-12,Pending,UPI,Pending
4395,577,2025-03-23,Cancelled,Cash,Pending
4396,938,2025-05-04,Completed,Net Banking,Paid
4397,577,2026-05-06,Completed,Cash,Pending
4398,63,2025-05-14,Pending,Debit Card,Failed
4399,628,2026-01-09,Cancelled,UPI,Failed
4400,225,2025-11-06,Pending,Credit Card,Pending
4401,162,2025-12-25,Shipped,Credit Card,Failed
4402,90,2026-03-17,Pending,Net Banking,Paid
4403,397,2026-02-25,Pending,Debit Card,Failed
4404,306,2025-01-25,Shipped,UPI,Paid
4405,441,2026-03-02,Shipped,Cash,Pending
4406,340,2025-11-27,Pending,Cash,Paid
4407,660,2025-10-11,Cancelled,Debit Card,Paid
4408,501,2025-10-29,Cancelled,Net Banking,Failed
4409,601,2025-11-17,Cancelled,UPI,Pending
4410,1,2026-01-06,Shipped,Debit Card,Paid
4411,767,2025-08-03,Shipped,Debit Card,Pending
4412,892,2026-03-10,Completed,Credit Card,Paid
4413,11,2025-10-07,Completed,Net Banking,Paid
4414,48,2025-11-01,Pending,Credit Card,Paid
4415,381,2026-04-08,Cancelled,Credit Card,Failed
4416,287,2025-01-17,Cancelled,Net Banking,Failed
4417,36,2026-04-13,Pending,Credit Card,Paid
4418,981,2025-06-28,Pending,Credit Card,Paid
4419,7,2025-03-30,Pending,Credit Card,Pending
4420,42,2025-02-04,Pending,Debit Card,Failed
4421,340,2026-02-17,Cancelled,UPI,Paid
4422,906,2025-11-13,Pending,Debit Card,Pending
4423,816,2025-06-18,Completed,Credit Card,Pending
4424,517,2025-10-25,Cancelled,Credit Card,Failed
4425,774,2025-04-10,Pending,Credit Card,Paid
4426,871,2025-05-31,Pending,Cash,Paid
4427,437,2025-10-31,Pending,UPI,Failed
4428,356,2025-01-14,Pending,UPI,Paid
4429,990,2026-03-02,Cancelled,Debit Card,Paid
4430,901,2025-03-24,Completed,Cash,Pending
4431,613,2026-01-20,Shipped,Debit Card,Failed
4432,630,2025-11-04,Pending,UPI,Paid
4433,249,2025-03-15,Shipped,Cash,Paid
4434,493,2025-02-08,Shipped,Debit Card,Failed
4435,285,2025-07-10,Pending,UPI,Paid
4436,187,2025-07-16,Cancelled,UPI,Failed
4437,924,2025-04-15,Shipped,Debit Card,Failed
4438,101,2026-02-12,Pending,Credit Card,Pending
4439,78,2025-08-17,Pending,UPI,Pending
4440,238,2025-07-10,Shipped,Credit Card,Pending
4441,974,2026-03-14,Cancelled,Cash,Pending
4442,684,2025-03-19,Shipped,Debit Card,Pending
4443,919,2025-02-22,Pending,UPI,Failed
4444,124,2025-08-06,Shipped,Credit Card,Paid
4445,585,2025-01-03,Pending,Net Banking,Pending
4446,896,2025-06-11,Pending,Debit Card,Paid
4447,171,2025-04-08,Completed,UPI,Pending
4448,236,2025-12-20,Cancelled,Debit Card,Paid
4449,97,2025-06-12,Cancelled,Credit Card,Failed
4450,143,2026-01-31,Completed,Net Banking,Failed
4451,307,2025-02-23,Pending,UPI,Failed
4452,453,2026-03-12,Shipped,Net Banking,Pending
4453,144,2025-11-23,Cancelled,Cash,Failed
4454,130,2026-05-14,Cancelled,Debit Card,Paid
4455,995,2025-03-20,Completed,Net Banking,Failed
4456,726,2025-05-01,Cancelled,Debit Card,Failed
4457,553,2026-04-23,Completed,Net Banking,Paid
4458,950,2026-01-12,Completed,Debit Card,Failed
4459,505,2025-09-05,Completed,Cash,Pending
4460,392,2025-11-21,Pending,Credit Card,Paid
4461,175,2026-01-23,Shipped,Debit Card,Paid
4462,894,2025-07-03,Completed,Credit Card,Pending
4463,734,2025-08-28,Cancelled,Cash,Pending
4464,905,2025-01-30,Cancelled,Net Banking,Pending
4465,540,2026-01-12,Pending,Net Banking,Paid
4466,794,2026-05-14,Cancelled,Cash,Failed
4467,490,2026-02-11,Pending,Cash,Paid
4468,758,2025-01-10,Cancelled,Cash,Pending
4469,675,2025-03-06,Pending,Debit Card,Pending
4470,222,2026-04-19,Cancelled,Debit Card,Paid
4471,600,2026-02-07,Shipped,Credit Card,Failed
4472,177,2025-03-23,Pending,Debit Card,Paid
4473,109,2026-01-22,Pending,Debit Card,Failed
4474,680,2026-02-12,Shipped,Credit Card,Pending
4475,177,2025-08-17,Shipped,Credit Card,Failed
4476,258,2026-01-25,Pending,UPI,Paid
4477,969,2026-03-12,Pending,Credit Card,Paid
4478,281,2026-04-18,Completed,Debit Card,Failed
4479,180,2025-10-21,Completed,UPI,Failed
4480,671,2025-12-26,Shipped,Cash,Paid
4481,711,2026-03-02,Shipped,UPI,Paid
4482,409,2025-07-29,Completed,Debit Card,Pending
4483,860,2026-02-28,Completed,Net Banking,Pending
4484,199,2025-08-09,Pending,UPI,Pending
4485,292,2026-03-05,Completed,UPI,Failed
4486,630,2025-04-29,Completed,UPI,Failed
4487,87,2026-01-25,Pending,Credit Card,Pending
4488,206,2026-01-26,Pending,Credit Card,Paid
4489,857,2025-06-02,Shipped,UPI,Paid
4490,607,2026-05-02,Pending,Cash,Paid
4491,48,2025-12-22,Shipped,UPI,Failed
4492,473,2025-03-15,Shipped,UPI,Pending
4493,288,2025-07-24,Shipped,UPI,Failed
4494,429,2026-01-19,Completed,Cash,Pending
4495,133,2026-03-22,Shipped,Debit Card,Paid
4496,539,2025-12-29,Cancelled,UPI,Paid
4497,334,2025-10-21,Pending,Cash,Paid
4498,278,2025-04-13,Shipped,UPI,Pending
4499,436,2026-02-27,Pending,Credit Card,Failed
4500,211,2025-02-26,Pending,Cash,Paid
4501,659,2025-01-07,Cancelled,Debit Card,Failed
4502,989,2025-02-17,Shipped,Debit Card,Paid
4503,205,2026-04-26,Completed,Cash,Pending
4504,922,2025-05-22,Cancelled,UPI,Failed
4505,471,2025-04-11,Pending,Cash,Pending
4506,917,2025-12-04,Shipped,Net Banking,Pending
4507,974,2025-09-02,Shipped,UPI,Pending
4508,710,2026-03-16,Pending,Debit Card,Failed
4509,185,2025-05-30,Completed,Debit Card,Pending
4510,72,2026-02-19,Shipped,Debit Card,Pending
4511,524,2025-02-21,Shipped,UPI,Paid
4512,867,2026-03-04,Shipped,Net Banking,Failed
4513,194,2025-10-17,Pending,Debit Card,Failed
4514,43,2025-04-04,Pending,Debit Card,Failed
4515,456,2025-04-23,Cancelled,Debit Card,Pending
4516,788,2025-02-09,Shipped,Credit Card,Paid
4517,354,2025-05-18,Shipped,Debit Card,Paid
4518,844,2025-09-14,Shipped,Net Banking,Pending
4519,584,2025-08-18,Completed,Credit Card,Pending
4520,301,2026-03-24,Cancelled,Credit Card,Pending
4521,780,2026-03-08,Pending,Cash,Failed
4522,43,2025-10-18,Cancelled,Cash,Paid
4523,529,2025-04-12,Shipped,Debit Card,Paid
4524,13,2025-12-01,Completed,Net Banking,Pending
4525,513,2025-04-27,Cancelled,Debit Card,Pending
4526,967,2026-01-15,Cancelled,Credit Card,Paid
4527,744,2025-07-20,Cancelled,Credit Card,Pending
4528,605,2026-02-04,Completed,UPI,Failed
4529,226,2026-02-04,Shipped,Net Banking,Paid
4530,689,2025-05-15,Shipped,UPI,Pending
4531,867,2025-09-08,Shipped,UPI,Pending
4532,467,2025-04-24,Cancelled,Debit Card,Paid
4533,53,2025-08-23,Shipped,Cash,Paid
4534,771,2025-10-05,Shipped,Debit Card,Pending
4535,918,2025-05-12,Shipped,Cash,Paid
4536,898,2025-12-14,Shipped,Credit Card,Pending
4537,947,2025-10-11,Completed,Debit Card,Failed
4538,904,2025-06-02,Completed,Net Banking,Pending
4539,530,2026-02-23,Completed,UPI,Paid
4540,487,2025-08-20,Pending,Net Banking,Paid
4541,796,2025-01-06,Cancelled,Debit Card,Paid
4542,466,2025-12-24,Shipped,UPI,Pending
4543,242,2026-05-15,Cancelled,Cash,Pending
4544,346,2025-01-18,Completed,Credit Card,Failed
4545,455,2025-05-07,Cancelled,Cash,Failed
4546,252,2025-09-18,Pending,UPI,Pending
4547,661,2025-09-05,Shipped,Credit Card,Paid
4548,415,2026-02-23,Shipped,UPI,Failed
4549,139,2026-04-23,Pending,Credit Card,Pending
4550,910,2025-07-30,Shipped,Net Banking,Failed
4551,795,2025-05-24,Completed,Net Banking,Paid
4552,525,2026-01-30,Shipped,Net Banking,Failed
4553,442,2025-09-17,Cancelled,Credit Card,Failed
4554,338,2026-01-25,Completed,Cash,Pending
4555,211,2026-01-20,Shipped,Credit Card,Pending
4556,833,2025-12-15,Pending,Net Banking,Failed
4557,890,2025-11-13,Shipped,Cash,Paid
4558,865,2026-01-15,Cancelled,Debit Card,Paid
4559,687,2026-03-09,Cancelled,Net Banking,Paid
4560,849,2025-03-13,Completed,Cash,Paid
4561,664,2025-05-15,Shipped,UPI,Failed
4562,412,2026-03-19,Shipped,UPI,Pending
4563,211,2025-07-20,Pending,UPI,Paid
4564,782,2025-07-25,Pending,Net Banking,Failed
4565,901,2026-04-04,Completed,Cash,Paid
4566,830,2026-04-29,Pending,Net Banking,Failed
4567,690,2025-02-11,Pending,Cash,Paid
4568,158,2025-10-15,Shipped,Debit Card,Paid
4569,824,2026-01-31,Pending,Cash,Paid
4570,756,2025-08-23,Completed,Net Banking,Pending
4571,851,2026-02-26,Cancelled,Net Banking,Pending
4572,415,2025-03-29,Cancelled,Credit Card,Paid
4573,736,2025-04-16,Pending,UPI,Failed
4574,244,2026-01-30,Cancelled,Debit Card,Failed
4575,616,2025-11-24,Completed,UPI,Pending
4576,794,2025-07-03,Shipped,Cash,Paid
4577,614,2025-07-14,Pending,UPI,Failed
4578,840,2025-06-24,Shipped,Credit Card,Paid
4579,265,2025-07-08,Pending,Debit Card,Paid
4580,935,2025-10-15,Cancelled,Credit Card,Paid
4581,151,2025-12-24,Completed,Cash,Failed
4582,115,2025-10-03,Shipped,Cash,Failed
4583,950,2026-03-17,Completed,Cash,Failed
4584,977,2025-07-12,Cancelled,Credit Card,Failed
4585,352,2025-02-28,Completed,UPI,Pending
4586,872,2025-11-30,Cancelled,Net Banking,Failed
4587,146,2025-12-03,Completed,Debit Card,Paid
4588,963,2025-04-13,Shipped,UPI,Paid
4589,56,2025-09-01,Pending,Cash,Failed
4590,44,2025-06-02,Shipped,UPI,Paid
4591,526,2025-01-16,Completed,Net Banking,Failed
4592,887,2026-04-05,Completed,Cash,Paid
4593,154,2025-07-25,Pending,Net Banking,Pending
4594,179,2025-10-09,Cancelled,Debit Card,Failed
4595,771,2025-06-17,Completed,UPI,Pending
4596,529,2025-03-17,Cancelled,Net Banking,Paid
4597,663,2025-11-25,Shipped,Debit Card,Paid
4598,430,2025-02-08,Completed,Cash,Failed
4599,116,2025-12-17,Shipped,UPI,Paid
4600,484,2026-02-14,Shipped,Cash,Paid
4601,571,2025-01-08,Completed,Net Banking,Paid
4602,18,2026-03-07,Pending,Net Banking,Paid
4603,59,2025-08-22,Pending,Cash,Paid
4604,923,2025-12-11,Cancelled,Debit Card,Pending
4605,334,2025-04-22,Shipped,Credit Card,Failed
4606,343,2025-05-10,Shipped,UPI,Paid
4607,12,2025-04-02,Cancelled,Credit Card,Pending
4608,674,2025-03-25,Cancelled,Credit Card,Pending
4609,20,2025-11-02,Completed,Credit Card,Paid
4610,373,2025-08-23,Pending,UPI,Paid
4611,932,2025-10-10,Cancelled,Net Banking,Pending
4612,843,2025-07-27,Completed,Credit Card,Failed
4613,665,2025-07-12,Shipped,UPI,Paid
4614,773,2026-04-16,Cancelled,Credit Card,Pending
4615,137,2025-06-12,Cancelled,UPI,Pending
4616,228,2025-07-01,Shipped,Debit Card,Failed
4617,82,2026-01-21,Shipped,Debit Card,Pending
4618,17,2025-12-14,Pending,Cash,Failed
4619,861,2025-05-20,Pending,UPI,Pending
4620,735,2026-03-24,Shipped,Cash,Paid
4621,379,2025-09-23,Cancelled,Cash,Pending
4622,203,2025-03-19,Pending,Credit Card,Pending
4623,391,2025-01-20,Shipped,Cash,Failed
4624,640,2026-02-02,Shipped,Debit Card,Failed
4625,133,2025-02-07,Cancelled,Net Banking,Pending
4626,837,2025-10-18,Shipped,Credit Card,Paid
4627,52,2026-01-19,Cancelled,Credit Card,Failed
4628,397,2025-09-26,Pending,Credit Card,Pending
4629,635,2025-10-16,Pending,UPI,Pending
4630,408,2025-08-02,Completed,Cash,Failed
4631,418,2025-10-26,Pending,Credit Card,Pending
4632,625,2025-07-13,Pending,Net Banking,Failed
4633,811,2025-11-05,Pending,Credit Card,Pending
4634,567,2026-01-20,Shipped,Cash,Failed
4635,476,2025-09-21,Shipped,Cash,Failed
4636,382,2025-04-06,Shipped,UPI,Pending
4637,253,2025-03-04,Cancelled,Net Banking,Paid
4638,536,2025-01-26,Cancelled,Net Banking,Paid
4639,336,2025-02-18,Pending,Net Banking,Failed
4640,195,2026-01-17,Completed,Credit Card,Paid
4641,11,2025-07-26,Completed,UPI,Paid
4642,305,2025-05-29,Completed,Cash,Pending
4643,861,2025-03-17,Completed,Debit Card,Failed
4644,678,2025-11-30,Pending,UPI,Pending
4645,959,2026-01-10,Completed,Credit Card,Pending
4646,18,2025-03-02,Pending,Net Banking,Failed
4647,330,2025-09-11,Pending,Net Banking,Pending
4648,34,2025-03-09,Shipped,Debit Card,Failed
4649,305,2025-07-16,Pending,Credit Card,Pending
4650,12,2026-04-11,Cancelled,Net Banking,Failed
4651,155,2025-11-29,Completed,Net Banking,Paid
4652,345,2025-04-30,Pending,UPI,Failed
4653,497,2026-04-23,Shipped,Cash,Failed
4654,820,2026-04-28,Completed,Net Banking,Pending
4655,928,2025-10-14,Shipped,Credit Card,Failed
4656,848,2026-04-27,Completed,Debit Card,Pending
4657,135,2025-10-01,Completed,UPI,Pending
4658,374,2025-12-04,Pending,UPI,Pending
4659,419,2025-11-12,Shipped,UPI,Failed
4660,586,2025-08-09,Cancelled,Cash,Paid
4661,783,2026-01-23,Cancelled,UPI,Pending
4662,815,2025-05-07,Cancelled,Cash,Pending
4663,728,2025-03-03,Pending,Debit Card,Paid
4664,75,2026-05-09,Pending,Cash,Failed
4665,324,2025-11-13,Shipped,UPI,Paid
4666,509,2025-01-27,Shipped,Cash,Paid
4667,174,2025-11-25,Completed,Cash,Pending
4668,232,2025-02-01,Shipped,UPI,Failed
4669,680,2026-01-26,Pending,UPI,Paid
4670,342,2025-12-22,Completed,Net Banking,Paid
4671,496,2025-09-22,Pending,Credit Card,Pending
4672,195,2025-01-21,Cancelled,Credit Card,Pending
4673,318,2026-03-13,Cancelled,Cash,Pending
4674,624,2025-10-09,Completed,Debit Card,Pending
4675,27,2025-08-09,Shipped,Net Banking,Pending
4676,132,2026-03-20,Pending,Debit Card,Paid
4677,992,2026-04-18,Completed,Cash,Pending
4678,79,2025-06-14,Completed,Cash,Failed
4679,941,2025-01-18,Cancelled,UPI,Pending
4680,245,2025-12-22,Pending,Net Banking,Failed
4681,81,2025-06-27,Cancelled,Debit Card,Pending
4682,995,2025-04-09,Cancelled,UPI,Failed
4683,76,2026-02-21,Cancelled,Net Banking,Paid
4684,355,2025-06-26,Completed,UPI,Pending
4685,856,2026-04-04,Shipped,Debit Card,Pending
4686,820,2026-01-03,Shipped,Debit Card,Paid
4687,683,2025-11-05,Completed,Cash,Paid
4688,504,2025-11-28,Shipped,UPI,Paid
4689,12,2025-05-26,Pending,UPI,Failed
4690,327,2025-06-09,Cancelled,UPI,Failed
4691,19,2025-05-22,Pending,Net Banking,Failed
4692,154,2025-10-07,Pending,UPI,Failed
4693,698,2025-01-13,Pending,Net Banking,Pending
4694,788,2025-07-21,Pending,UPI,Paid
4695,381,2025-09-21,Shipped,Debit Card,Failed
4696,711,2026-05-13,Completed,Cash,Failed
4697,13,2025-10-04,Pending,Cash,Pending
4698,623,2025-03-22,Cancelled,UPI,Pending
4699,709,2025-05-25,Shipped,Net Banking,Paid
4700,209,2026-03-20,Pending,Debit Card,Failed
4701,136,2025-08-02,Pending,UPI,Paid
4702,480,2025-11-06,Cancelled,Debit Card,Paid
4703,930,2025-09-15,Completed,Cash,Pending
4704,518,2025-01-22,Shipped,UPI,Failed
4705,43,2025-03-28,Completed,Net Banking,Failed
4706,95,2025-11-11,Cancelled,Credit Card,Paid
4707,205,2025-02-17,Pending,Cash,Pending
4708,99,2025-02-21,Cancelled,Net Banking,Pending
4709,347,2025-10-11,Completed,Debit Card,Paid
4710,409,2026-02-14,Pending,Credit Card,Failed
4711,115,2025-03-03,Shipped,UPI,Pending
4712,818,2025-08-21,Pending,Credit Card,Paid
4713,232,2025-06-10,Shipped,UPI,Pending
4714,975,2025-09-02,Cancelled,Debit Card,Failed
4715,304,2025-05-23,Shipped,UPI,Failed
4716,914,2025-12-14,Pending,Credit Card,Paid
4717,769,2025-08-16,Completed,Debit Card,Pending
4718,76,2026-01-17,Cancelled,Credit Card,Failed
4719,432,2025-05-20,Shipped,Cash,Pending
4720,894,2025-03-09,Shipped,Credit Card,Paid
4721,720,2025-06-17,Shipped,UPI,Pending
4722,1000,2025-04-29,Completed,Credit Card,Failed
4723,76,2025-07-16,Cancelled,UPI,Paid
4724,498,2025-07-11,Shipped,UPI,Paid
4725,398,2026-04-10,Shipped,UPI,Pending
4726,833,2026-04-21,Completed,Cash,Paid
4727,406,2025-01-22,Shipped,Credit Card,Pending
4728,9,2026-03-01,Cancelled,UPI,Paid
4729,544,2026-01-10,Completed,Cash,Pending
4730,9,2026-03-05,Completed,UPI,Paid
4731,45,2025-10-28,Completed,Credit Card,Paid
4732,759,2026-02-17,Pending,UPI,Paid
4733,139,2025-07-06,Completed,Net Banking,Pending
4734,162,2025-06-23,Pending,Cash,Pending
4735,479,2025-10-19,Cancelled,Credit Card,Paid
4736,665,2025-10-22,Pending,Cash,Paid
4737,639,2025-01-26,Shipped,UPI,Paid
4738,991,2026-03-18,Shipped,Debit Card,Pending
4739,303,2026-04-24,Cancelled,Debit Card,Pending
4740,605,2025-11-19,Pending,UPI,Pending
4741,766,2025-05-27,Cancelled,Debit Card,Pending
4742,527,2025-04-26,Completed,UPI,Failed
4743,646,2025-01-09,Completed,Net Banking,Failed
4744,357,2025-07-19,Cancelled,Net Banking,Paid
4745,908,2025-05-26,Cancelled,Debit Card,Pending
4746,161,2025-07-27,Pending,Net Banking,Failed
4747,153,2025-07-09,Completed,Cash,Failed
4748,54,2025-09-11,Cancelled,Cash,Pending
4749,241,2025-01-07,Shipped,UPI,Pending
4750,143,2026-03-07,Cancelled,Net Banking,Pending
4751,459,2025-01-16,Completed,Debit Card,Pending
4752,656,2026-03-19,Pending,Cash,Pending
4753,135,2025-01-09,Pending,Debit Card,Paid
4754,517,2025-07-07,Cancelled,UPI,Paid
4755,978,2025-07-11,Pending,UPI,Paid
4756,236,2025-08-14,Completed,Cash,Pending
4757,97,2026-02-19,Cancelled,Cash,Paid
4758,540,2025-06-27,Shipped,Net Banking,Paid
4759,133,2025-07-11,Pending,Debit Card,Pending
4760,215,2025-02-08,Pending,Net Banking,Pending
4761,453,2025-06-07,Cancelled,UPI,Failed
4762,992,2025-07-12,Cancelled,Debit Card,Paid
4763,697,2025-02-19,Cancelled,Cash,Failed
4764,327,2025-01-28,Shipped,UPI,Failed
4765,753,2026-04-23,Completed,Net Banking,Failed
4766,545,2025-10-22,Shipped,Cash,Failed
4767,308,2026-04-25,Shipped,Net Banking,Paid
4768,339,2025-08-08,Shipped,UPI,Failed
4769,200,2025-05-01,Cancelled,Net Banking,Pending
4770,643,2025-05-16,Shipped,Cash,Failed
4771,8,2026-05-04,Cancelled,Cash,Paid
4772,191,2026-01-31,Pending,Cash,Pending
4773,749,2026-02-15,Completed,Net Banking,Pending
4774,877,2025-05-06,Completed,UPI,Failed
4775,168,2025-04-06,Completed,Net Banking,Pending
4776,501,2025-08-10,Pending,Credit Card,Paid
4777,837,2026-03-12,Pending,Net Banking,Failed
4778,218,2025-09-03,Pending,Credit Card,Failed
4779,415,2026-03-17,Cancelled,Debit Card,Paid
4780,890,2025-04-06,Pending,Debit Card,Paid
4781,168,2026-01-26,Shipped,Cash,Pending
4782,881,2025-11-13,Pending,Debit Card,Paid
4783,485,2025-08-13,Pending,Net Banking,Failed
4784,230,2025-03-23,Cancelled,Credit Card,Paid
4785,245,2025-03-11,Pending,UPI,Failed
4786,258,2025-02-18,Completed,UPI,Pending
4787,194,2025-11-12,Pending,Credit Card,Failed
4788,301,2025-05-23,Pending,Credit Card,Pending
4789,676,2025-09-11,Completed,Net Banking,Failed
4790,153,2025-09-26,Completed,Cash,Pending
4791,329,2026-02-24,Completed,Debit Card,Pending
4792,351,2025-12-20,Pending,Cash,Paid
4793,949,2026-04-14,Shipped,Debit Card,Pending
4794,707,2025-10-19,Completed,Credit Card,Failed
4795,227,2026-05-07,Completed,UPI,Paid
4796,853,2026-01-02,Shipped,Debit Card,Paid
4797,690,2025-04-20,Pending,Credit Card,Pending
4798,743,2025-11-17,Pending,Credit Card,Pending
4799,479,2025-08-19,Shipped,Credit Card,Paid
4800,78,2026-04-26,Shipped,Net Banking,Failed
4801,35,2026-05-07,Shipped,Cash,Pending
4802,490,2026-01-09,Completed,Cash,Paid
4803,572,2025-04-17,Cancelled,UPI,Paid
4804,817,2025-07-13,Completed,Debit Card,Failed
4805,174,2025-06-10,Cancelled,Credit Card,Failed
4806,87,2025-05-28,Completed,Cash,Failed
4807,746,2025-06-02,Completed,Credit Card,Pending
4808,19,2025-05-19,Shipped,Cash,Pending
4809,172,2025-09-17,Shipped,Cash,Pending
4810,381,2025-03-12,Completed,Cash,Paid
4811,863,2025-01-08,Completed,Credit Card,Failed
4812,196,2025-07-27,Cancelled,Cash,Pending
4813,422,2026-04-30,Completed,Debit Card,Failed
4814,274,2025-08-18,Cancelled,Net Banking,Pending
4815,601,2025-11-27,Pending,UPI,Failed
4816,223,2026-04-19,Shipped,Net Banking,Failed
4817,285,2025-12-29,Completed,Debit Card,Failed
4818,724,2026-04-13,Shipped,UPI,Failed
4819,636,2026-01-14,Cancelled,Debit Card,Paid
4820,289,2026-03-20,Pending,Credit Card,Pending
4821,894,2026-02-01,Shipped,Debit Card,Paid
4822,135,2025-03-07,Pending,Net Banking,Pending
4823,391,2026-04-03,Completed,Credit Card,Paid
4824,736,2025-03-22,Completed,UPI,Pending
4825,296,2025-11-12,Cancelled,Credit Card,Pending
4826,5,2025-01-09,Completed,Credit Card,Failed
4827,448,2025-08-19,Pending,Credit Card,Paid
4828,606,2026-02-23,Cancelled,Cash,Pending
4829,847,2025-03-30,Pending,Debit Card,Pending
4830,473,2026-01-02,Shipped,UPI,Failed
4831,514,2026-02-01,Pending,Credit Card,Paid
4832,539,2025-08-19,Shipped,UPI,Pending
4833,560,2025-12-03,Cancelled,UPI,Pending
4834,51,2025-09-25,Shipped,UPI,Failed
4835,715,2025-04-13,Cancelled,Net Banking,Failed
4836,411,2025-07-09,Cancelled,Cash,Failed
4837,614,2025-10-22,Cancelled,Cash,Paid
4838,696,2026-01-21,Cancelled,Net Banking,Pending
4839,455,2025-12-18,Cancelled,Net Banking,Pending
4840,905,2025-04-09,Pending,UPI,Failed
4841,941,2026-03-16,Shipped,Credit Card,Paid
4842,824,2025-07-22,Completed,UPI,Failed
4843,588,2025-01-31,Pending,Cash,Paid
4844,411,2025-07-16,Pending,UPI,Paid
4845,331,2025-08-03,Cancelled,Debit Card,Failed
4846,701,2025-08-19,Shipped,Debit Card,Pending
4847,682,2025-09-13,Shipped,Debit Card,Pending
4848,777,2026-01-20,Cancelled,Cash,Pending
4849,990,2025-02-21,Pending,Debit Card,Pending
4850,282,2025-08-09,Completed,UPI,Paid
4851,537,2025-07-17,Shipped,Debit Card,Failed
4852,829,2026-02-07,Shipped,Net Banking,Paid
4853,700,2025-05-30,Completed,Debit Card,Paid
4854,392,2025-08-01,Cancelled,Debit Card,Pending
4855,158,2025-02-24,Pending,Debit Card,Pending
4856,71,2025-05-14,Shipped,Debit Card,Paid
4857,821,2025-03-15,Pending,Credit Card,Failed
4858,935,2025-07-28,Shipped,UPI,Failed
4859,239,2026-02-02,Cancelled,Cash,Paid
4860,66,2026-01-09,Shipped,UPI,Paid
4861,199,2025-07-29,Completed,Net Banking,Pending
4862,960,2026-02-19,Cancelled,Credit Card,Paid
4863,659,2025-09-20,Shipped,UPI,Paid
4864,817,2025-01-24,Cancelled,UPI,Failed
4865,754,2025-11-10,Pending,UPI,Failed
4866,894,2026-02-02,Cancelled,UPI,Paid
4867,685,2025-05-18,Completed,Net Banking,Pending
4868,68,2025-11-23,Shipped,Net Banking,Pending
4869,865,2026-03-21,Shipped,Credit Card,Pending
4870,157,2025-06-22,Cancelled,UPI,Paid
4871,399,2025-07-05,Cancelled,Net Banking,Paid
4872,326,2025-06-02,Completed,Cash,Paid
4873,772,2025-07-01,Shipped,Cash,Pending
4874,998,2025-09-18,Completed,Net Banking,Pending
4875,656,2025-09-13,Pending,Net Banking,Pending
4876,20,2025-12-13,Cancelled,Net Banking,Failed
4877,562,2026-01-25,Completed,Credit Card,Failed
4878,2,2025-08-10,Pending,Net Banking,Pending
4879,151,2025-05-19,Completed,Credit Card,Paid
4880,934,2025-07-01,Pending,Debit Card,Failed
4881,626,2025-05-24,Completed,Cash,Paid
4882,320,2026-03-09,Pending,UPI,Paid
4883,578,2025-02-19,Shipped,Cash,Pending
4884,546,2025-05-27,Shipped,Cash,Pending
4885,375,2025-11-09,Completed,Debit Card,Paid
4886,921,2025-09-20,Shipped,Debit Card,Failed
4887,739,2025-09-25,Pending,Credit Card,Paid
4888,535,2025-09-14,Pending,Net Banking,Pending
4889,657,2026-02-07,Shipped,Net Banking,Pending
4890,585,2025-02-24,Shipped,Credit Card,Paid
4891,785,2025-11-28,Pending,Credit Card,Pending
4892,755,2025-01-16,Cancelled,Net Banking,Pending
4893,638,2026-01-02,Cancelled,Credit Card,Pending
4894,859,2025-08-04,Shipped,Debit Card,Failed
4895,102,2025-04-18,Shipped,Credit Card,Failed
4896,394,2025-01-02,Shipped,Credit Card,Failed
4897,673,2025-04-20,Completed,Debit Card,Paid
4898,543,2026-02-20,Completed,Cash,Failed
4899,154,2025-09-14,Cancelled,Credit Card,Pending
4900,371,2026-02-26,Cancelled,Net Banking,Pending
4901,638,2025-08-01,Completed,Cash,Paid
4902,137,2025-05-01,Shipped,Credit Card,Paid
4903,486,2025-12-01,Completed,Cash,Failed
4904,969,2025-09-15,Completed,Credit Card,Paid
4905,483,2025-04-27,Completed,UPI,Failed
4906,816,2026-02-21,Shipped,Debit Card,Pending
4907,819,2026-03-23,Shipped,UPI,Failed
4908,566,2026-03-31,Cancelled,Cash,Pending
4909,331,2025-10-25,Cancelled,UPI,Failed
4910,456,2026-02-10,Shipped,Cash,Pending
4911,208,2025-06-10,Completed,Net Banking,Failed
4912,702,2025-11-16,Completed,Cash,Failed
4913,474,2025-04-18,Completed,Debit Card,Failed
4914,329,2025-02-03,Shipped,Net Banking,Paid
4915,595,2025-10-13,Cancelled,Debit Card,Failed
4916,781,2025-11-08,Shipped,Credit Card,Pending
4917,564,2026-02-28,Pending,Net Banking,Pending
4918,525,2025-10-09,Shipped,Cash,Paid
4919,24,2025-09-26,Pending,UPI,Failed
4920,409,2025-09-03,Completed,Credit Card,Paid
4921,409,2025-10-31,Completed,Credit Card,Paid
4922,647,2026-04-25,Completed,Debit Card,Failed
4923,561,2025-02-15,Completed,Credit Card,Failed
4924,809,2025-11-28,Shipped,UPI,Failed
4925,138,2026-01-28,Completed,Cash,Paid
4926,412,2026-04-14,Shipped,Net Banking,Paid
4927,122,2026-03-24,Completed,Cash,Failed
4928,225,2025-03-09,Shipped,Credit Card,Failed
4929,148,2025-10-12,Shipped,Net Banking,Failed
4930,237,2026-04-03,Pending,Debit Card,Failed
4931,679,2025-09-19,Shipped,Debit Card,Failed
4932,466,2026-04-07,Completed,Credit Card,Failed
4933,46,2025-06-11,Shipped,Cash,Pending
4934,524,2025-08-24,Shipped,Net Banking,Failed
4935,231,2026-03-19,Pending,Debit Card,Pending
4936,457,2025-12-20,Completed,Cash,Pending
4937,758,2025-05-01,Completed,Credit Card,Failed
4938,901,2026-04-06,Pending,UPI,Pending
4939,349,2025-06-18,Completed,Debit Card,Pending
4940,927,2025-12-13,Completed,Debit Card,Paid
4941,96,2025-11-26,Shipped,Net Banking,Failed
4942,899,2025-12-12,Pending,Net Banking,Pending
4943,842,2025-12-30,Cancelled,Debit Card,Paid
4944,377,2025-06-09,Pending,UPI,Paid
4945,66,2025-06-09,Cancelled,Cash,Paid
4946,942,2025-11-30,Completed,Credit Card,Paid
4947,664,2026-05-16,Cancelled,UPI,Paid
4948,549,2025-07-25,Shipped,UPI,Pending
4949,769,2025-11-18,Shipped,Net Banking,Failed
4950,762,2025-02-08,Completed,Net Banking,Failed
4951,900,2025-08-13,Shipped,Net Banking,Pending
4952,55,2025-10-03,Pending,Credit Card,Failed
4953,310,2026-05-14,Cancelled,Debit Card,Pending
4954,299,2025-09-20,Cancelled,Cash,Pending
4955,830,2025-10-22,Cancelled,UPI,Paid
4956,791,2026-02-24,Shipped,Cash,Pending
4957,23,2026-02-21,Completed,Cash,Paid
4958,138,2026-04-26,Cancelled,Cash,Paid
4959,511,2026-01-24,Pending,UPI,Pending
4960,968,2025-10-26,Shipped,Debit Card,Pending
4961,940,2025-12-28,Pending,Net Banking,Failed
4962,151,2025-12-09,Shipped,Credit Card,Paid
4963,403,2025-09-18,Pending,UPI,Paid
4964,850,2025-10-17,Completed,Debit Card,Failed
4965,944,2025-07-08,Cancelled,Credit Card,Paid
4966,180,2025-04-27,Cancelled,UPI,Pending
4967,755,2026-03-14,Cancelled,UPI,Failed
4968,642,2025-06-27,Cancelled,Net Banking,Paid
4969,444,2025-10-26,Shipped,UPI,Pending
4970,213,2026-04-12,Cancelled,Debit Card,Pending
4971,483,2026-03-10,Cancelled,Cash,Paid
4972,126,2026-01-08,Cancelled,Net Banking,Pending
4973,291,2025-10-06,Completed,Cash,Pending
4974,955,2026-01-15,Completed,Cash,Paid
4975,4,2025-08-15,Cancelled,UPI,Paid
4976,170,2026-04-05,Completed,Net Banking,Failed
4977,415,2025-02-18,Completed,Debit Card,Paid
4978,807,2025-04-27,Cancelled,Debit Card,Failed
4979,396,2025-09-03,Completed,Net Banking,Pending
4980,576,2026-02-23,Pending,Cash,Pending
4981,27,2025-05-28,Pending,Net Banking,Failed
4982,129,2026-03-17,Shipped,Debit Card,Failed
4983,248,2025-11-23,Pending,UPI,Paid
4984,985,2025-08-06,Cancelled,UPI,Failed
4985,662,2026-01-07,Shipped,Credit Card,Paid
4986,913,2025-10-13,Pending,Cash,Pending
4987,471,2025-08-20,Completed,Net Banking,Failed
4988,426,2025-07-13,Shipped,Cash,Paid
4989,143,2025-01-01,Cancelled,Cash,Paid
4990,179,2025-05-23,Completed,Credit Card,Paid
4991,697,2025-03-10,Pending,Debit Card,Failed
4992,558,2025-10-29,Completed,UPI,Paid
4993,449,2026-01-07,Shipped,Net Banking,Paid
4994,432,2026-04-02,Shipped,Debit Card,Failed
4995,17,2026-01-15,Completed,Cash,Pending
4996,74,2025-11-11,Cancelled,Credit Card,Failed
4997,283,2025-06-05,Shipped,UPI,Pending
4998,28,2025-05-31,Pending,Credit Card,Paid
4999,879,2026-02-02,Cancelled,UPI,Pending
5000,872,2025-06-05,Shipped,Debit Card,Pending
