order_item_id,order_id,product_id,quantity,unit_price,total_amount
1,1,72,7,94969.88,664789.16
2,1,445,1,50716.93,50716.93
3,1,415,2,69855.26,139710.52
4,2,127,7,50658.96,354612.72
5,2,251,4,22326.7,89306.8
6,2,385,2,19185.05,38370.1
7,2,66,10,20265.34,202653.4
8,3,377,7,19262.81,134839.67
9,3,464,10,38463.84,384638.4
10,3,330,6,21447.98,128687.88
11,4,299,3,29778.06,89334.18
12,4,389,8,22110.21,176881.68
13,4,81,8,18695.51,149564.08
14,5,436,2,79527.83,159055.66
15,5,451,5,96184.35,480921.75
16,5,135,10,98142.88,981428.8
17,5,416,1,54590.24,54590.24
18,6,111,9,47576.8,428191.2
19,7,2,6,28864.4,173186.4
20,7,499,6,2398.29,14389.74
21,7,92,2,72515.47,145030.94
22,8,426,5,64269.94,321349.7
23,8,480,5,68631.43,343157.15
24,9,449,8,24451.89,195615.12
25,9,282,3,82413.92,247241.76
26,9,205,3,10454.48,31363.44
27,10,294,5,55184.47,275922.35
28,10,1,8,34752.78,278022.24
29,11,490,2,45281.13,90562.26
30,11,120,5,12760.31,63801.55
31,12,142,2,75143.41,150286.82
32,12,194,6,95760.47,574562.82
33,12,375,8,76703.99,613631.92
34,13,298,3,50870.69,152612.07
35,13,425,6,15836.09,95016.54
36,13,102,2,81801.78,163603.56
37,14,134,10,71581.26,715812.6
38,15,270,6,65627.34,393764.04
39,15,265,4,42836.19,171344.76
40,15,239,2,15448.92,30897.84
41,15,302,3,77111.74,231335.22
42,16,149,1,96600.4,96600.4
43,17,147,8,51336.77,410694.16
44,17,125,7,17778.2,124447.4
45,17,226,7,93947.94,657635.58
46,18,264,4,35376.52,141506.08
47,19,358,9,6847.34,61626.06
48,20,258,2,47848.98,95697.96
49,20,27,9,72656.07,653904.63
50,20,31,8,85195.78,681566.24
51,21,44,4,4253.67,17014.68
52,21,160,10,49309.82,493098.2
53,22,167,2,47748.29,95496.58
54,23,129,4,40088.06,160352.24
55,24,247,2,26196.83,52393.66
56,24,274,1,75619.7,75619.7
57,24,212,8,46553.41,372427.28
58,24,88,9,3367.21,30304.89
59,25,281,8,39215.82,313726.56
60,26,24,10,90699.39,906993.9
61,27,324,5,97662.47,488312.35
62,27,269,3,52492.79,157478.37
63,27,164,6,53935.08,323610.48
64,27,217,8,81357.92,650863.36
65,28,209,9,17279.63,155516.67
66,29,74,7,45946.75,321627.25
67,30,126,2,39046.86,78093.72
68,30,474,6,74658.85,447953.1
69,31,92,4,72515.47,290061.88
70,31,362,1,23320.92,23320.92
71,31,381,7,28825.35,201777.45
72,32,28,3,65616.25,196848.75
73,33,28,9,65616.25,590546.25
74,33,95,7,34902.07,244314.49
75,34,332,6,57355.27,344131.62
76,34,354,1,74915.6,74915.6
77,34,483,6,77083.29,462499.74
78,35,87,2,61326.65,122653.3
79,35,148,2,92685.24,185370.48
80,36,404,7,39882.93,279180.51
81,36,79,7,36073.98,252517.86
82,36,14,8,68599.11,548792.88
83,37,53,6,16905.91,101435.46
84,38,132,6,84385.91,506315.46
85,39,10,7,25573.87,179017.09
86,39,49,7,17118.51,119829.57
87,40,106,9,55135.33,496217.97
88,40,435,3,74476.01,223428.03
89,41,70,3,772.43,2317.29
90,41,437,5,53137.57,265687.85
91,42,17,6,15417.96,92507.76
92,43,445,3,50716.93,152150.79
93,43,301,3,69572.09,208716.27
94,44,25,7,30369.39,212585.73
95,44,191,3,16054.19,48162.57
96,45,49,10,17118.51,171185.1
97,46,436,2,79527.83,159055.66
98,47,389,4,22110.21,88440.84
99,48,274,4,75619.7,302478.8
100,48,158,10,15793.49,157934.9
101,48,108,2,56452.09,112904.18
102,49,117,3,12514.21,37542.63
103,49,329,6,34638.1,207828.6
104,50,265,2,42836.19,85672.38
105,50,194,4,95760.47,383041.88
106,51,125,10,17778.2,177782.0
107,51,376,5,23505.93,117529.65
108,52,427,5,66059.66,330298.3
109,52,441,6,62719.84,376319.04
110,52,211,3,84090.95,252272.85
111,53,156,9,26791.84,241126.56
112,53,96,7,83983.79,587886.53
113,54,396,10,20318.4,203184.0
114,54,412,8,73452.29,587618.32
115,54,153,7,29770.68,208394.76
116,55,89,5,92079.6,460398.0
117,56,220,1,36898.95,36898.95
118,56,99,10,7949.09,79490.9
119,56,138,6,57278.5,343671.0
120,56,90,4,5074.25,20297.0
121,57,385,8,19185.05,153480.4
122,57,233,4,65540.69,262162.76
123,57,326,5,38253.09,191265.45
124,57,344,10,2473.62,24736.2
125,58,91,4,70604.53,282418.12
126,58,319,6,49335.13,296010.78
127,58,242,7,67685.33,473797.31
128,59,172,3,91177.92,273533.76
129,60,492,6,52564.96,315389.76
130,60,207,10,66112.51,661125.1
131,60,190,2,39813.77,79627.54
132,60,417,5,86832.35,434161.75
133,61,392,3,27017.11,81051.33
134,61,460,6,57263.47,343580.82
135,61,200,4,19835.46,79341.84
136,61,492,9,52564.96,473084.64
137,62,318,7,49487.87,346415.09
138,63,154,6,96266.29,577597.74
139,63,54,4,23227.62,92910.48
140,63,137,4,76197.11,304788.44
141,63,243,7,16544.0,115808.0
142,64,82,8,27547.39,220379.12
143,64,148,5,92685.24,463426.2
144,64,450,7,76687.97,536815.79
145,65,369,6,90937.85,545627.1
146,65,163,4,78732.69,314930.76
147,65,342,9,45260.55,407344.95
148,65,120,10,12760.31,127603.1
149,66,66,10,20265.34,202653.4
150,66,391,9,8482.2,76339.8
151,66,325,6,31907.3,191443.8
152,66,451,4,96184.35,384737.4
153,67,149,7,96600.4,676202.8
154,67,104,8,44983.28,359866.24
155,68,153,6,29770.68,178624.08
156,68,53,8,16905.91,135247.28
157,69,81,8,18695.51,149564.08
158,70,487,9,74088.37,666795.33
159,70,101,4,22659.3,90637.2
160,70,382,6,41583.94,249503.64
161,70,321,5,5887.74,29438.7
162,71,482,5,19453.73,97268.65
163,71,338,7,72195.75,505370.25
164,72,257,4,82738.16,330952.64
165,72,384,10,45550.34,455503.4
166,72,220,1,36898.95,36898.95
167,73,402,9,23978.6,215807.4
168,73,52,3,99615.82,298847.46
169,73,202,5,64645.11,323225.55
170,73,375,10,76703.99,767039.9
171,74,303,10,68318.67,683186.7
172,74,328,9,26653.48,239881.32
173,74,122,2,931.59,1863.18
174,74,316,7,1159.06,8113.42
175,75,182,4,7508.99,30035.96
176,76,52,7,99615.82,697310.74
177,77,356,2,72913.36,145826.72
178,77,237,1,50432.78,50432.78
179,78,12,4,1231.08,4924.32
180,78,255,8,23366.47,186931.76
181,79,195,8,14566.7,116533.6
182,79,31,3,85195.78,255587.34
183,80,483,2,77083.29,154166.58
184,81,275,8,48505.54,388044.32
185,81,315,9,92058.72,828528.48
186,81,217,1,81357.92,81357.92
187,82,198,5,41559.12,207795.6
188,82,375,10,76703.99,767039.9
189,83,61,2,70335.89,140671.78
190,83,68,5,16457.17,82285.85
191,84,402,5,23978.6,119893.0
192,84,101,8,22659.3,181274.4
193,84,304,7,48456.03,339192.21
194,84,394,3,82911.08,248733.24
195,85,329,3,34638.1,103914.3
196,85,143,10,15069.62,150696.2
197,85,430,3,65963.17,197889.51
198,86,432,7,71925.6,503479.2
199,86,360,4,76617.14,306468.56
200,86,152,4,54888.21,219552.84
201,86,177,10,67198.35,671983.5
202,87,236,3,79369.42,238108.26
203,88,6,10,47672.67,476726.7
204,88,111,5,47576.8,237884.0
205,88,203,9,25443.42,228990.78
206,89,342,2,45260.55,90521.1
207,90,329,7,34638.1,242466.7
208,90,212,5,46553.41,232767.05
209,91,46,1,2282.65,2282.65
210,91,318,7,49487.87,346415.09
211,91,210,9,71363.81,642274.29
212,91,232,4,58073.83,232295.32
213,92,169,10,91901.43,919014.3
214,92,113,2,34465.03,68930.06
215,93,54,7,23227.62,162593.34
216,94,87,6,61326.65,367959.9
217,95,59,7,5299.39,37095.73
218,96,291,5,97576.77,487883.85
219,96,309,10,55677.87,556778.7
220,97,390,2,99797.36,199594.72
221,98,116,5,11142.67,55713.35
222,98,119,5,11222.69,56113.45
223,99,244,7,24745.2,173216.4
224,99,470,8,15743.15,125945.2
225,100,490,5,45281.13,226405.65
226,100,352,9,32029.39,288264.51
227,101,145,1,10696.76,10696.76
228,102,46,2,2282.65,4565.3
229,102,373,7,29032.84,203229.88
230,102,32,8,58241.15,465929.2
231,103,20,5,65712.36,328561.8
232,103,38,9,49014.29,441128.61
233,104,54,7,23227.62,162593.34
234,105,500,5,97989.39,489946.95
235,106,396,1,20318.4,20318.4
236,107,435,5,74476.01,372380.05
237,108,458,1,14271.62,14271.62
238,108,467,3,92900.99,278702.97
239,109,437,7,53137.57,371962.99
240,109,214,9,84258.4,758325.6
241,109,475,1,8965.36,8965.36
242,109,61,2,70335.89,140671.78
243,110,127,5,50658.96,253294.8
244,111,63,4,62468.38,249873.52
245,111,489,5,34655.5,173277.5
246,112,155,3,38031.22,114093.66
247,112,284,1,8463.95,8463.95
248,112,134,4,71581.26,286325.04
249,113,102,1,81801.78,81801.78
250,113,39,8,63632.65,509061.2
251,113,218,10,21669.69,216696.9
252,114,249,10,94751.76,947517.6
253,115,106,9,55135.33,496217.97
254,116,31,8,85195.78,681566.24
255,116,41,2,76566.13,153132.26
256,116,166,2,36399.38,72798.76
257,116,404,8,39882.93,319063.44
258,117,105,3,10713.01,32139.03
259,118,299,5,29778.06,148890.3
260,119,70,5,772.43,3862.15
261,120,343,9,36350.5,327154.5
262,120,445,9,50716.93,456452.37
263,120,3,2,85455.22,170910.44
264,120,83,5,65060.23,325301.15
265,121,62,3,42376.71,127130.13
266,122,436,3,79527.83,238583.49
267,122,324,8,97662.47,781299.76
268,122,154,2,96266.29,192532.58
269,122,163,10,78732.69,787326.9
270,123,497,8,46763.6,374108.8
271,123,224,9,75842.0,682578.0
272,124,252,7,79564.3,556950.1
273,124,195,4,14566.7,58266.8
274,124,151,10,91192.89,911928.9
275,125,123,9,93563.17,842068.53
276,126,20,8,65712.36,525698.88
277,127,315,7,92058.72,644411.04
278,127,497,2,46763.6,93527.2
279,127,57,10,87716.14,877161.4
280,128,87,3,61326.65,183979.95
281,128,128,2,91633.07,183266.14
282,128,329,6,34638.1,207828.6
283,129,450,4,76687.97,306751.88
284,129,25,2,30369.39,60738.78
285,129,39,6,63632.65,381795.9
286,130,170,7,38446.57,269125.99
287,130,27,10,72656.07,726560.7
288,131,495,2,25917.91,51835.82
289,131,339,7,25471.92,178303.44
290,131,95,9,34902.07,314118.63
291,131,199,5,16514.96,82574.8
292,132,173,3,80380.27,241140.81
293,132,86,8,80325.35,642602.8
294,132,166,5,36399.38,181996.9
295,133,2,3,28864.4,86593.2
296,134,145,2,10696.76,21393.52
297,134,250,8,99281.19,794249.52
298,134,369,10,90937.85,909378.5
299,135,267,6,87738.25,526429.5
300,135,270,7,65627.34,459391.38
301,135,469,7,56708.83,396961.81
302,136,260,10,9772.4,97724.0
303,136,292,4,35636.2,142544.8
304,136,487,1,74088.37,74088.37
305,137,190,2,39813.77,79627.54
306,138,222,7,39980.12,279860.84
307,138,232,4,58073.83,232295.32
308,138,179,6,64832.84,388997.04
309,139,399,3,63101.84,189305.52
310,139,259,3,87836.39,263509.17
311,139,152,8,54888.21,439105.68
312,140,234,3,51907.96,155723.88
313,141,207,6,66112.51,396675.06
314,141,69,7,68976.29,482834.03
315,141,390,6,99797.36,598784.16
316,141,335,1,80103.73,80103.73
317,142,196,8,59867.16,478937.28
318,142,448,1,76536.34,76536.34
319,142,5,1,65332.94,65332.94
320,143,151,5,91192.89,455964.45
321,144,430,4,65963.17,263852.68
322,145,420,7,571.62,4001.34
323,146,441,9,62719.84,564478.56
324,146,93,8,52548.77,420390.16
325,146,134,2,71581.26,143162.52
326,146,21,1,40757.59,40757.59
327,147,496,7,79024.26,553169.82
328,148,278,5,74907.51,374537.55
329,148,307,2,1467.46,2934.92
330,148,31,8,85195.78,681566.24
331,148,345,3,20296.33,60888.99
332,149,4,7,64914.3,454400.1
333,149,242,3,67685.33,203055.99
334,150,257,2,82738.16,165476.32
335,150,369,2,90937.85,181875.7
336,151,446,3,99844.14,299532.42
337,151,406,3,15921.7,47765.1
338,151,338,4,72195.75,288783.0
339,152,283,3,9270.0,27810.0
340,152,76,3,85298.74,255896.22
341,153,146,9,74370.07,669330.63
342,153,7,5,80186.05,400930.25
343,154,168,4,67059.38,268237.52
344,154,444,6,17097.53,102585.18
345,154,80,10,87908.32,879083.2
346,154,270,10,65627.34,656273.4
347,155,17,2,15417.96,30835.92
348,155,1,1,34752.78,34752.78
349,155,140,9,52511.63,472604.67
350,156,232,2,58073.83,116147.66
351,156,310,4,35677.02,142708.08
352,156,411,6,78961.9,473771.4
353,157,361,2,62001.17,124002.34
354,158,178,1,83648.68,83648.68
355,158,342,6,45260.55,271563.3
356,159,164,8,53935.08,431480.64
357,159,496,3,79024.26,237072.78
358,160,393,9,47279.6,425516.4
359,160,330,10,21447.98,214479.8
360,161,473,1,13652.81,13652.81
361,161,423,7,32409.06,226863.42
362,162,61,6,70335.89,422015.34
363,162,328,8,26653.48,213227.84
364,162,359,9,5855.63,52700.67
365,163,307,8,1467.46,11739.68
366,164,15,9,98841.92,889577.28
367,164,66,1,20265.34,20265.34
368,165,13,5,64910.54,324552.7
369,166,319,5,49335.13,246675.65
370,167,125,10,17778.2,177782.0
371,167,155,6,38031.22,228187.32
372,167,40,3,21333.55,64000.65
373,168,477,5,49042.18,245210.9
374,169,241,8,81211.68,649693.44
375,169,285,5,61589.58,307947.9
376,169,210,3,71363.81,214091.43
377,170,90,2,5074.25,10148.5
378,171,12,4,1231.08,4924.32
379,171,198,6,41559.12,249354.72
380,172,468,1,30825.95,30825.95
381,172,287,4,44177.72,176710.88
382,172,329,8,34638.1,277104.8
383,172,364,9,3342.84,30085.56
384,173,342,3,45260.55,135781.65
385,174,114,10,52437.52,524375.2
386,175,129,4,40088.06,160352.24
387,175,477,7,49042.18,343295.26
388,175,470,10,15743.15,157431.5
389,175,463,10,59725.5,597255.0
390,176,164,6,53935.08,323610.48
391,177,491,8,74131.29,593050.32
392,177,177,6,67198.35,403190.1
393,177,469,10,56708.83,567088.3
394,178,358,9,6847.34,61626.06
395,178,394,5,82911.08,414555.4
396,178,11,3,82518.93,247556.79
397,179,428,7,87412.53,611887.71
398,180,291,5,97576.77,487883.85
399,180,327,6,61471.42,368828.52
400,180,26,3,29731.51,89194.53
401,180,354,9,74915.6,674240.4
402,181,8,1,80606.01,80606.01
403,181,194,7,95760.47,670323.29
404,181,35,6,14167.84,85007.04
405,181,373,7,29032.84,203229.88
406,182,124,5,92474.9,462374.5
407,182,120,6,12760.31,76561.86
408,182,232,8,58073.83,464590.64
409,182,388,1,23664.64,23664.64
410,183,205,6,10454.48,62726.88
411,184,228,2,4759.44,9518.88
412,184,213,4,55391.35,221565.4
413,185,340,10,40140.99,401409.9
414,185,287,9,44177.72,397599.48
415,185,36,1,98725.56,98725.56
416,185,154,3,96266.29,288798.87
417,186,113,9,34465.03,310185.27
418,186,326,5,38253.09,191265.45
419,186,11,4,82518.93,330075.72
420,187,371,3,41514.28,124542.84
421,187,205,10,10454.48,104544.8
422,187,316,7,1159.06,8113.42
423,187,315,5,92058.72,460293.6
424,188,155,8,38031.22,304249.76
425,188,236,3,79369.42,238108.26
426,188,397,6,66767.78,400606.68
427,189,273,5,56684.69,283423.45
428,190,124,3,92474.9,277424.7
429,190,381,5,28825.35,144126.75
430,191,109,9,36652.58,329873.22
431,191,155,1,38031.22,38031.22
432,192,141,2,5779.97,11559.94
433,193,364,6,3342.84,20057.04
434,193,65,6,12214.59,73287.54
435,193,158,4,15793.49,63173.96
436,193,57,7,87716.14,614012.98
437,194,168,9,67059.38,603534.42
438,195,162,10,22386.22,223862.2
439,195,235,1,40881.3,40881.3
440,195,145,7,10696.76,74877.32
441,196,428,10,87412.53,874125.3
442,196,256,7,2147.98,15035.86
443,197,84,5,13684.9,68424.5
444,198,189,1,28510.99,28510.99
445,198,232,4,58073.83,232295.32
446,199,114,3,52437.52,157312.56
447,199,337,10,13879.93,138799.3
448,200,346,6,97947.63,587685.78
449,200,308,3,29085.31,87255.93
450,200,150,4,20707.18,82828.72
451,201,165,9,88397.98,795581.82
452,202,269,4,52492.79,209971.16
453,202,199,1,16514.96,16514.96
454,203,11,3,82518.93,247556.79
455,203,467,10,92900.99,929009.9
456,203,425,7,15836.09,110852.63
457,204,95,10,34902.07,349020.7
458,204,464,10,38463.84,384638.4
459,204,452,2,72768.17,145536.34
460,204,354,8,74915.6,599324.8
461,205,51,5,52649.71,263248.55
462,205,249,3,94751.76,284255.28
463,206,425,1,15836.09,15836.09
464,206,68,5,16457.17,82285.85
465,207,209,8,17279.63,138237.04
466,208,464,6,38463.84,230783.04
467,208,62,4,42376.71,169506.84
468,209,461,7,72496.26,507473.82
469,209,208,10,56772.42,567724.2
470,210,244,1,24745.2,24745.2
471,210,440,7,19351.31,135459.17
472,211,65,6,12214.59,73287.54
473,211,420,1,571.62,571.62
474,212,63,4,62468.38,249873.52
475,212,430,10,65963.17,659631.7
476,213,257,5,82738.16,413690.8
477,213,24,9,90699.39,816294.51
478,214,4,1,64914.3,64914.3
479,214,95,7,34902.07,244314.49
480,214,78,2,85273.87,170547.74
481,215,55,10,73540.62,735406.2
482,216,330,4,21447.98,85791.92
483,216,125,6,17778.2,106669.2
484,217,251,8,22326.7,178613.6
485,217,310,2,35677.02,71354.04
486,218,2,1,28864.4,28864.4
487,219,95,10,34902.07,349020.7
488,220,221,3,13821.19,41463.57
489,220,51,3,52649.71,157949.13
490,220,193,6,96033.36,576200.16
491,221,367,8,59287.68,474301.44
492,221,368,2,52584.25,105168.5
493,221,347,9,67482.69,607344.21
494,221,144,6,75482.6,452895.6
495,222,497,1,46763.6,46763.6
496,222,308,8,29085.31,232682.48
497,222,159,10,77479.26,774792.6
498,223,117,5,12514.21,62571.05
499,223,1,6,34752.78,208516.68
500,224,70,4,772.43,3089.72
501,224,381,2,28825.35,57650.7
502,225,334,9,43505.77,391551.93
503,225,322,2,93995.61,187991.22
504,225,240,5,71871.62,359358.1
505,225,239,6,15448.92,92693.52
506,226,149,4,96600.4,386401.6
507,226,226,8,93947.94,751583.52
508,226,376,1,23505.93,23505.93
509,226,148,2,92685.24,185370.48
510,227,484,4,82247.61,328990.44
511,227,388,10,23664.64,236646.4
512,227,181,2,7788.18,15576.36
513,228,344,8,2473.62,19788.96
514,229,220,7,36898.95,258292.65
515,229,497,6,46763.6,280581.6
516,229,216,1,89264.47,89264.47
517,229,365,6,86491.99,518951.94
518,230,338,7,72195.75,505370.25
519,230,242,2,67685.33,135370.66
520,231,14,10,68599.11,685991.1
521,231,402,3,23978.6,71935.8
522,232,421,6,73498.95,440993.7
523,233,281,2,39215.82,78431.64
524,233,29,10,74548.89,745488.9
525,233,209,1,17279.63,17279.63
526,233,340,3,40140.99,120422.97
527,234,126,2,39046.86,78093.72
528,234,36,7,98725.56,691078.92
529,235,321,8,5887.74,47101.92
530,235,281,1,39215.82,39215.82
531,235,349,7,86891.64,608241.48
532,235,475,8,8965.36,71722.88
533,236,105,3,10713.01,32139.03
534,236,172,4,91177.92,364711.68
535,236,126,8,39046.86,312374.88
536,236,70,2,772.43,1544.86
537,237,300,3,87673.25,263019.75
538,237,80,7,87908.32,615358.24
539,237,37,9,31980.15,287821.35
540,238,332,7,57355.27,401486.89
541,238,263,4,43181.15,172724.6
542,238,189,8,28510.99,228087.92
543,239,43,5,43188.03,215940.15
544,240,311,4,18687.05,74748.2
545,240,160,1,49309.82,49309.82
546,241,15,4,98841.92,395367.68
547,242,426,4,64269.94,257079.76
548,242,173,10,80380.27,803802.7
549,242,396,9,20318.4,182865.6
550,242,466,10,93059.49,930594.9
551,243,448,2,76536.34,153072.68
552,243,125,4,17778.2,71112.8
553,244,133,6,63442.04,380652.24
554,244,224,10,75842.0,758420.0
555,245,195,8,14566.7,116533.6
556,245,314,9,35924.72,323322.48
557,245,107,5,96335.54,481677.7
558,245,65,2,12214.59,24429.18
559,246,338,8,72195.75,577566.0
560,246,284,7,8463.95,59247.65
561,246,104,6,44983.28,269899.68
562,246,411,10,78961.9,789619.0
563,247,452,6,72768.17,436609.02
564,248,471,3,75407.6,226222.8
565,248,269,1,52492.79,52492.79
566,249,51,5,52649.71,263248.55
567,250,418,7,7353.22,51472.54
568,251,84,7,13684.9,95794.3
569,251,359,5,5855.63,29278.15
570,251,220,3,36898.95,110696.85
571,252,228,4,4759.44,19037.76
572,252,444,6,17097.53,102585.18
573,252,407,2,16191.0,32382.0
574,252,449,3,24451.89,73355.67
575,253,94,6,43568.37,261410.22
576,253,144,4,75482.6,301930.4
577,253,162,4,22386.22,89544.88
578,253,483,8,77083.29,616666.32
579,254,345,7,20296.33,142074.31
580,254,201,10,85213.08,852130.8
581,254,161,8,7751.64,62013.12
582,255,134,5,71581.26,357906.3
583,255,271,10,36545.84,365458.4
584,255,226,7,93947.94,657635.58
585,255,262,3,42358.06,127074.18
586,256,143,10,15069.62,150696.2
587,256,417,5,86832.35,434161.75
588,257,426,5,64269.94,321349.7
589,257,62,7,42376.71,296636.97
590,257,12,3,1231.08,3693.24
591,258,3,10,85455.22,854552.2
592,258,491,3,74131.29,222393.87
593,258,212,10,46553.41,465534.1
594,259,168,6,67059.38,402356.28
595,259,197,2,30816.77,61633.54
596,259,274,3,75619.7,226859.1
597,259,476,1,76322.28,76322.28
598,260,393,7,47279.6,330957.2
599,260,65,8,12214.59,97716.72
600,260,385,3,19185.05,57555.15
601,260,230,10,4470.52,44705.2
602,261,379,1,22448.95,22448.95
603,261,164,10,53935.08,539350.8
604,262,300,5,87673.25,438366.25
605,262,399,3,63101.84,189305.52
606,262,111,2,47576.8,95153.6
607,262,132,3,84385.91,253157.73
608,263,155,7,38031.22,266218.54
609,264,462,3,49083.5,147250.5
610,264,3,4,85455.22,341820.88
611,264,96,5,83983.79,419918.95
612,265,237,1,50432.78,50432.78
613,265,282,5,82413.92,412069.6
614,265,439,6,10571.9,63431.4
615,265,354,8,74915.6,599324.8
616,266,440,2,19351.31,38702.62
617,266,450,9,76687.97,690191.73
618,266,71,5,83605.6,418028.0
619,266,192,1,79778.66,79778.66
620,267,13,10,64910.54,649105.4
621,267,105,9,10713.01,96417.09
622,267,118,3,45976.08,137928.24
623,267,333,2,72221.14,144442.28
624,268,232,3,58073.83,174221.49
625,268,285,4,61589.58,246358.32
626,268,349,4,86891.64,347566.56
627,269,331,1,85505.45,85505.45
628,269,375,10,76703.99,767039.9
629,269,451,5,96184.35,480921.75
630,269,80,6,87908.32,527449.92
631,270,368,7,52584.25,368089.75
632,271,205,1,10454.48,10454.48
633,271,393,7,47279.6,330957.2
634,271,374,4,94722.27,378889.08
635,271,228,7,4759.44,33316.08
636,272,344,9,2473.62,22262.58
637,272,72,7,94969.88,664789.16
638,273,3,2,85455.22,170910.44
639,273,58,3,5334.4,16003.2
640,274,14,1,68599.11,68599.11
641,274,421,9,73498.95,661490.55
642,275,258,3,47848.98,143546.94
643,275,471,7,75407.6,527853.2
644,275,138,5,57278.5,286392.5
645,276,105,4,10713.01,42852.04
646,276,386,7,96986.76,678907.32
647,277,346,9,97947.63,881528.67
648,277,296,3,60833.16,182499.48
649,277,196,9,59867.16,538804.44
650,277,12,10,1231.08,12310.8
651,278,256,2,2147.98,4295.96
652,278,371,4,41514.28,166057.12
653,278,379,7,22448.95,157142.65
654,278,327,1,61471.42,61471.42
655,279,328,10,26653.48,266534.8
656,279,347,5,67482.69,337413.45
657,279,130,7,80577.28,564040.96
658,280,13,6,64910.54,389463.24
659,280,288,7,19877.28,139140.96
660,281,291,1,97576.77,97576.77
661,281,367,2,59287.68,118575.36
662,281,427,4,66059.66,264238.64
663,282,134,6,71581.26,429487.56
664,282,319,2,49335.13,98670.26
665,283,192,1,79778.66,79778.66
666,283,26,2,29731.51,59463.02
667,284,461,6,72496.26,434977.56
668,285,201,6,85213.08,511278.48
669,285,57,9,87716.14,789445.26
670,285,244,1,24745.2,24745.2
671,286,111,9,47576.8,428191.2
672,287,147,5,51336.77,256683.85
673,288,32,5,58241.15,291205.75
674,289,140,4,52511.63,210046.52
675,290,179,7,64832.84,453829.88
676,291,458,4,14271.62,57086.48
677,291,261,6,54158.96,324953.76
678,291,175,4,51632.52,206530.08
679,291,39,9,63632.65,572693.85
680,292,141,9,5779.97,52019.73
681,293,245,8,16532.35,132258.8
682,293,159,6,77479.26,464875.56
683,294,259,1,87836.39,87836.39
684,294,26,10,29731.51,297315.1
685,294,101,1,22659.3,22659.3
686,295,473,7,13652.81,95569.67
687,296,196,2,59867.16,119734.32
688,296,145,8,10696.76,85574.08
689,296,230,8,4470.52,35764.16
690,297,19,10,66222.77,662227.7
691,297,47,1,69505.71,69505.71
692,297,493,3,62492.68,187478.04
693,298,405,7,58317.16,408220.12
694,298,467,10,92900.99,929009.9
695,298,337,9,13879.93,124919.37
696,298,53,9,16905.91,152153.19
697,299,248,2,60136.07,120272.14
698,299,360,7,76617.14,536319.98
699,300,55,6,73540.62,441243.72
700,301,218,2,21669.69,43339.38
701,301,410,2,13019.83,26039.66
702,301,265,10,42836.19,428361.9
703,301,217,10,81357.92,813579.2
704,302,424,6,19392.01,116352.06
705,302,426,10,64269.94,642699.4
706,302,198,9,41559.12,374032.08
707,302,225,4,18324.95,73299.8
708,303,82,2,27547.39,55094.78
709,303,212,8,46553.41,372427.28
710,304,369,6,90937.85,545627.1
711,305,171,9,26030.76,234276.84
712,306,192,5,79778.66,398893.3
713,306,98,6,84960.13,509760.78
714,307,302,6,77111.74,462670.44
715,308,168,9,67059.38,603534.42
716,308,226,6,93947.94,563687.64
717,308,362,4,23320.92,93283.68
718,308,77,6,73984.75,443908.5
719,309,127,10,50658.96,506589.6
720,309,297,9,57703.22,519328.98
721,310,145,7,10696.76,74877.32
722,310,82,7,27547.39,192831.73
723,311,49,8,17118.51,136948.08
724,311,240,6,71871.62,431229.72
725,312,35,6,14167.84,85007.04
726,313,476,9,76322.28,686900.52
727,313,218,8,21669.69,173357.52
728,313,220,10,36898.95,368989.5
729,314,3,4,85455.22,341820.88
730,314,418,1,7353.22,7353.22
731,315,404,6,39882.93,239297.58
732,315,264,4,35376.52,141506.08
733,316,462,8,49083.5,392668.0
734,316,423,3,32409.06,97227.18
735,317,387,9,28570.4,257133.6
736,317,197,4,30816.77,123267.08
737,317,221,5,13821.19,69105.95
738,317,304,6,48456.03,290736.18
739,318,327,6,61471.42,368828.52
740,319,85,6,10819.45,64916.7
741,320,448,6,76536.34,459218.04
742,320,266,5,91053.49,455267.45
743,321,55,9,73540.62,661865.58
744,321,496,8,79024.26,632194.08
745,321,123,4,93563.17,374252.68
746,321,3,1,85455.22,85455.22
747,322,65,1,12214.59,12214.59
748,322,454,8,30383.23,243065.84
749,322,370,4,80568.42,322273.68
750,322,432,9,71925.6,647330.4
751,323,487,8,74088.37,592706.96
752,323,248,8,60136.07,481088.56
753,324,471,2,75407.6,150815.2
754,324,383,2,14094.09,28188.18
755,324,487,9,74088.37,666795.33
756,324,387,5,28570.4,142852.0
757,325,164,8,53935.08,431480.64
758,325,66,9,20265.34,182388.06
759,326,102,1,81801.78,81801.78
760,326,1,1,34752.78,34752.78
761,326,400,8,12653.08,101224.64
762,326,309,2,55677.87,111355.74
763,327,38,3,49014.29,147042.87
764,327,25,5,30369.39,151846.95
765,328,100,5,33424.04,167120.2
766,328,152,8,54888.21,439105.68
767,329,455,1,2659.29,2659.29
768,329,348,6,38416.56,230499.36
769,330,435,8,74476.01,595808.08
770,330,421,8,73498.95,587991.6
771,330,355,2,17148.15,34296.3
772,330,340,10,40140.99,401409.9
773,331,479,10,24610.35,246103.5
774,331,62,8,42376.71,339013.68
775,331,348,2,38416.56,76833.12
776,331,297,7,57703.22,403922.54
777,332,364,6,3342.84,20057.04
778,332,313,7,21074.47,147521.29
779,332,223,7,84874.19,594119.33
780,333,209,10,17279.63,172796.3
781,333,152,7,54888.21,384217.47
782,333,21,9,40757.59,366818.31
783,333,311,4,18687.05,74748.2
784,334,148,5,92685.24,463426.2
785,334,399,1,63101.84,63101.84
786,335,315,6,92058.72,552352.32
787,336,83,5,65060.23,325301.15
788,336,480,3,68631.43,205894.29
789,337,350,8,63311.7,506493.6
790,337,365,10,86491.99,864919.9
791,337,187,4,36091.16,144364.64
792,337,101,3,22659.3,67977.9
793,338,429,10,19565.86,195658.6
794,338,46,2,2282.65,4565.3
795,339,125,1,17778.2,17778.2
796,339,320,8,40089.01,320712.08
797,339,361,1,62001.17,62001.17
798,340,355,4,17148.15,68592.6
799,340,146,7,74370.07,520590.49
800,340,245,1,16532.35,16532.35
801,341,172,8,91177.92,729423.36
802,342,43,6,43188.03,259128.18
803,343,382,2,41583.94,83167.88
804,344,36,7,98725.56,691078.92
805,345,215,1,20044.98,20044.98
806,345,5,9,65332.94,587996.46
807,346,69,7,68976.29,482834.03
808,347,287,4,44177.72,176710.88
809,347,293,5,20430.88,102154.4
810,347,368,8,52584.25,420674.0
811,348,307,9,1467.46,13207.14
812,348,234,4,51907.96,207631.84
813,348,443,4,67612.01,270448.04
814,349,148,4,92685.24,370740.96
815,349,260,6,9772.4,58634.4
816,349,257,8,82738.16,661905.28
817,350,308,3,29085.31,87255.93
818,351,146,10,74370.07,743700.7
819,352,242,5,67685.33,338426.65
820,352,292,7,35636.2,249453.4
821,352,47,4,69505.71,278022.84
822,352,419,9,82032.15,738289.35
823,353,325,4,31907.3,127629.2
824,353,199,3,16514.96,49544.88
825,353,437,1,53137.57,53137.57
826,353,146,4,74370.07,297480.28
827,354,483,8,77083.29,616666.32
828,355,419,7,82032.15,574225.05
829,355,337,7,13879.93,97159.51
830,356,75,3,5482.98,16448.94
831,356,399,5,63101.84,315509.2
832,356,266,7,91053.49,637374.43
833,357,136,10,54477.9,544779.0
834,357,440,3,19351.31,58053.93
835,357,456,8,51371.51,410972.08
836,358,149,1,96600.4,96600.4
837,358,2,1,28864.4,28864.4
838,359,11,7,82518.93,577632.51
839,359,280,1,61595.52,61595.52
840,360,156,7,26791.84,187542.88
841,361,164,2,53935.08,107870.16
842,362,287,6,44177.72,265066.32
843,363,107,8,96335.54,770684.32
844,363,422,2,85754.51,171509.02
845,363,74,7,45946.75,321627.25
846,364,374,4,94722.27,378889.08
847,364,30,4,37482.4,149929.6
848,365,461,4,72496.26,289985.04
849,365,216,7,89264.47,624851.29
850,365,433,10,92876.17,928761.7
851,366,416,2,54590.24,109180.48
852,366,7,1,80186.05,80186.05
853,367,370,1,80568.42,80568.42
854,368,270,10,65627.34,656273.4
855,369,34,8,53218.93,425751.44
856,369,284,9,8463.95,76175.55
857,370,373,1,29032.84,29032.84
858,371,438,1,8254.57,8254.57
859,371,422,3,85754.51,257263.53
860,371,273,9,56684.69,510162.21
861,372,172,5,91177.92,455889.6
862,372,358,2,6847.34,13694.68
863,373,279,10,21838.59,218385.9
864,373,451,3,96184.35,288553.05
865,373,483,10,77083.29,770832.9
866,374,319,4,49335.13,197340.52
867,375,473,5,13652.81,68264.05
868,376,325,7,31907.3,223351.1
869,376,228,7,4759.44,33316.08
870,377,125,7,17778.2,124447.4
871,378,88,1,3367.21,3367.21
872,378,274,9,75619.7,680577.3
873,378,470,2,15743.15,31486.3
874,378,330,3,21447.98,64343.94
875,379,346,7,97947.63,685633.41
876,379,326,9,38253.09,344277.81
877,380,179,10,64832.84,648328.4
878,381,400,5,12653.08,63265.4
879,381,235,8,40881.3,327050.4
880,381,458,1,14271.62,14271.62
881,382,467,2,92900.99,185801.98
882,382,368,2,52584.25,105168.5
883,382,113,1,34465.03,34465.03
884,383,349,4,86891.64,347566.56
885,383,281,4,39215.82,156863.28
886,383,485,1,15008.94,15008.94
887,384,255,8,23366.47,186931.76
888,384,477,10,49042.18,490421.8
889,384,104,9,44983.28,404849.52
890,384,310,5,35677.02,178385.1
891,385,49,10,17118.51,171185.1
892,385,286,2,6217.57,12435.14
893,386,72,10,94969.88,949698.8
894,386,342,4,45260.55,181042.2
895,386,217,8,81357.92,650863.36
896,387,376,1,23505.93,23505.93
897,387,443,2,67612.01,135224.02
898,387,183,7,41059.46,287416.22
899,387,332,8,57355.27,458842.16
900,388,246,9,89134.37,802209.33
901,388,354,8,74915.6,599324.8
902,388,444,8,17097.53,136780.24
903,388,51,7,52649.71,368547.97
904,389,337,9,13879.93,124919.37
905,389,272,4,25736.46,102945.84
906,390,475,9,8965.36,80688.24
907,390,121,6,66016.44,396098.64
908,390,222,1,39980.12,39980.12
909,390,279,2,21838.59,43677.18
910,391,451,3,96184.35,288553.05
911,391,398,8,68303.51,546428.08
912,391,401,7,36362.45,254537.15
913,391,328,3,26653.48,79960.44
914,392,95,7,34902.07,244314.49
915,392,218,7,21669.69,151687.83
916,393,264,10,35376.52,353765.2
917,393,426,4,64269.94,257079.76
918,393,354,8,74915.6,599324.8
919,393,6,7,47672.67,333708.69
920,394,487,7,74088.37,518618.59
921,395,87,10,61326.65,613266.5
922,395,96,9,83983.79,755854.11
923,395,282,10,82413.92,824139.2
924,396,238,5,23384.08,116920.4
925,397,414,10,70809.28,708092.8
926,397,163,9,78732.69,708594.21
927,398,70,6,772.43,4634.58
928,399,319,8,49335.13,394681.04
929,399,245,3,16532.35,49597.05
930,399,246,7,89134.37,623940.59
931,400,499,8,2398.29,19186.32
932,400,309,7,55677.87,389745.09
933,400,429,5,19565.86,97829.3
934,401,282,4,82413.92,329655.68
935,402,492,1,52564.96,52564.96
936,402,380,6,51902.7,311416.2
937,402,273,1,56684.69,56684.69
938,403,471,5,75407.6,377038.0
939,404,396,8,20318.4,162547.2
940,405,457,7,9881.57,69170.99
941,406,248,4,60136.07,240544.28
942,406,283,10,9270.0,92700.0
943,406,299,2,29778.06,59556.12
944,407,303,6,68318.67,409912.02
945,407,491,7,74131.29,518919.03
946,408,411,9,78961.9,710657.1
947,408,48,8,10719.47,85755.76
948,408,274,2,75619.7,151239.4
949,409,431,5,25965.88,129829.4
950,410,21,6,40757.59,244545.54
951,410,29,1,74548.89,74548.89
952,410,447,1,55233.09,55233.09
953,410,334,10,43505.77,435057.7
954,411,135,10,98142.88,981428.8
955,411,139,3,28949.83,86849.49
956,412,288,6,19877.28,119263.68
957,412,428,8,87412.53,699300.24
958,412,456,1,51371.51,51371.51
959,412,252,4,79564.3,318257.2
960,413,397,3,66767.78,200303.34
961,414,10,2,25573.87,51147.74
962,414,64,3,83149.95,249449.85
963,415,325,9,31907.3,287165.7
964,415,7,7,80186.05,561302.35
965,415,33,1,88997.89,88997.89
966,416,141,1,5779.97,5779.97
967,416,88,7,3367.21,23570.47
968,416,293,10,20430.88,204308.8
969,416,387,6,28570.4,171422.4
970,417,93,4,52548.77,210195.08
971,417,83,4,65060.23,260240.92
972,418,310,9,35677.02,321093.18
973,418,108,1,56452.09,56452.09
974,418,421,7,73498.95,514492.65
975,418,61,3,70335.89,211007.67
976,419,7,8,80186.05,641488.4
977,420,11,3,82518.93,247556.79
978,420,482,5,19453.73,97268.65
979,421,464,7,38463.84,269246.88
980,421,198,3,41559.12,124677.36
981,422,360,8,76617.14,612937.12
982,422,413,6,72577.72,435466.32
983,422,294,4,55184.47,220737.88
984,423,484,5,82247.61,411238.05
985,423,406,1,15921.7,15921.7
986,423,377,6,19262.81,115576.86
987,423,326,8,38253.09,306024.72
988,424,414,5,70809.28,354046.4
989,425,201,10,85213.08,852130.8
990,425,485,6,15008.94,90053.64
991,425,340,7,40140.99,280986.93
992,426,131,9,70151.42,631362.78
993,426,26,8,29731.51,237852.08
994,426,369,4,90937.85,363751.4
995,426,195,6,14566.7,87400.2
996,427,130,4,80577.28,322309.12
997,427,482,5,19453.73,97268.65
998,427,191,6,16054.19,96325.14
999,428,144,7,75482.6,528378.2
1000,429,459,7,23682.92,165780.44
1001,429,282,6,82413.92,494483.52
1002,429,500,9,97989.39,881904.51
1003,429,275,4,48505.54,194022.16
1004,430,260,5,9772.4,48862.0
1005,430,102,9,81801.78,736216.02
1006,430,403,4,17152.36,68609.44
1007,431,336,7,80664.0,564648.0
1008,431,281,3,39215.82,117647.46
1009,431,484,7,82247.61,575733.27
1010,432,111,5,47576.8,237884.0
1011,432,223,9,84874.19,763867.71
1012,432,201,6,85213.08,511278.48
1013,432,425,4,15836.09,63344.36
1014,433,16,8,26484.12,211872.96
1015,433,441,8,62719.84,501758.72
1016,434,269,9,52492.79,472435.11
1017,434,242,10,67685.33,676853.3
1018,434,3,5,85455.22,427276.1
1019,435,82,7,27547.39,192831.73
1020,435,396,10,20318.4,203184.0
1021,436,337,5,13879.93,69399.65
1022,436,425,5,15836.09,79180.45
1023,437,447,7,55233.09,386631.63
1024,437,500,10,97989.39,979893.9
1025,438,444,6,17097.53,102585.18
1026,438,275,1,48505.54,48505.54
1027,438,17,5,15417.96,77089.8
1028,439,410,1,13019.83,13019.83
1029,439,31,10,85195.78,851957.8
1030,439,185,3,1086.94,3260.82
1031,440,206,1,32119.7,32119.7
1032,440,238,1,23384.08,23384.08
1033,440,85,8,10819.45,86555.6
1034,441,144,10,75482.6,754826.0
1035,441,89,4,92079.6,368318.4
1036,442,357,8,21451.86,171614.88
1037,443,117,3,12514.21,37542.63
1038,443,469,10,56708.83,567088.3
1039,443,379,6,22448.95,134693.7
1040,443,251,5,22326.7,111633.5
1041,444,342,1,45260.55,45260.55
1042,444,322,4,93995.61,375982.44
1043,444,497,9,46763.6,420872.4
1044,445,33,7,88997.89,622985.23
1045,446,172,6,91177.92,547067.52
1046,446,287,2,44177.72,88355.44
1047,447,20,1,65712.36,65712.36
1048,447,347,5,67482.69,337413.45
1049,447,68,6,16457.17,98743.02
1050,448,337,3,13879.93,41639.79
1051,449,160,4,49309.82,197239.28
1052,450,117,3,12514.21,37542.63
1053,450,453,8,52002.13,416017.04
1054,450,34,10,53218.93,532189.3
1055,451,396,4,20318.4,81273.6
1056,451,351,4,8371.64,33486.56
1057,451,352,8,32029.39,256235.12
1058,452,97,2,1658.66,3317.32
1059,452,41,2,76566.13,153132.26
1060,452,409,3,35874.01,107622.03
1061,453,337,10,13879.93,138799.3
1062,453,181,1,7788.18,7788.18
1063,454,445,6,50716.93,304301.58
1064,454,86,3,80325.35,240976.05
1065,454,206,8,32119.7,256957.6
1066,455,77,7,73984.75,517893.25
1067,455,283,3,9270.0,27810.0
1068,455,223,6,84874.19,509245.14
1069,456,355,1,17148.15,17148.15
1070,457,254,4,92274.02,369096.08
1071,457,115,9,89739.27,807653.43
1072,457,271,6,36545.84,219275.04
1073,458,150,2,20707.18,41414.36
1074,458,176,5,53553.98,267769.9
1075,458,489,7,34655.5,242588.5
1076,459,409,10,35874.01,358740.1
1077,460,300,4,87673.25,350693.0
1078,461,49,5,17118.51,85592.55
1079,461,41,6,76566.13,459396.78
1080,461,245,6,16532.35,99194.1
1081,462,387,8,28570.4,228563.2
1082,462,351,1,8371.64,8371.64
1083,462,113,7,34465.03,241255.21
1084,463,243,9,16544.0,148896.0
1085,463,96,2,83983.79,167967.58
1086,464,234,5,51907.96,259539.8
1087,464,103,7,80225.5,561578.5
1088,464,127,2,50658.96,101317.92
1089,464,227,3,23559.12,70677.36
1090,465,342,6,45260.55,271563.3
1091,466,192,3,79778.66,239335.98
1092,466,494,7,58508.99,409562.93
1093,466,217,5,81357.92,406789.6
1094,466,369,2,90937.85,181875.7
1095,467,386,1,96986.76,96986.76
1096,467,218,9,21669.69,195027.21
1097,468,270,8,65627.34,525018.72
1098,468,61,7,70335.89,492351.23
1099,468,262,3,42358.06,127074.18
1100,469,302,10,77111.74,771117.4
1101,470,218,10,21669.69,216696.9
1102,471,43,7,43188.03,302316.21
1103,471,309,4,55677.87,222711.48
1104,472,405,4,58317.16,233268.64
1105,473,487,8,74088.37,592706.96
1106,473,38,1,49014.29,49014.29
1107,473,224,5,75842.0,379210.0
1108,474,17,10,15417.96,154179.6
1109,474,365,10,86491.99,864919.9
1110,474,169,9,91901.43,827112.87
1111,475,470,3,15743.15,47229.45
1112,475,421,7,73498.95,514492.65
1113,476,117,3,12514.21,37542.63
1114,476,347,4,67482.69,269930.76
1115,476,412,5,73452.29,367261.45
1116,476,52,4,99615.82,398463.28
1117,477,158,9,15793.49,142141.41
1118,478,436,5,79527.83,397639.15
1119,478,480,3,68631.43,205894.29
1120,478,47,1,69505.71,69505.71
1121,479,190,4,39813.77,159255.08
1122,479,312,7,73842.67,516898.69
1123,480,188,3,78795.74,236387.22
1124,480,24,9,90699.39,816294.51
1125,480,440,3,19351.31,58053.93
1126,481,55,5,73540.62,367703.1
1127,481,127,3,50658.96,151976.88
1128,482,186,7,75718.08,530026.56
1129,482,393,8,47279.6,378236.8
1130,482,190,3,39813.77,119441.31
1131,482,227,10,23559.12,235591.2
1132,483,57,6,87716.14,526296.84
1133,484,303,5,68318.67,341593.35
1134,484,13,5,64910.54,324552.7
1135,484,384,4,45550.34,182201.36
1136,485,267,4,87738.25,350953.0
1137,486,128,10,91633.07,916330.7
1138,486,224,6,75842.0,455052.0
1139,486,453,4,52002.13,208008.52
1140,487,454,1,30383.23,30383.23
1141,488,341,8,21939.0,175512.0
1142,488,300,8,87673.25,701386.0
1143,489,348,2,38416.56,76833.12
1144,490,9,10,89600.56,896005.6
1145,490,209,2,17279.63,34559.26
1146,490,76,8,85298.74,682389.92
1147,491,200,6,19835.46,119012.76
1148,491,463,2,59725.5,119451.0
1149,492,110,2,33531.28,67062.56
1150,492,439,7,10571.9,74003.3
1151,492,83,3,65060.23,195180.69
1152,492,261,10,54158.96,541589.6
1153,493,381,1,28825.35,28825.35
1154,494,118,3,45976.08,137928.24
1155,494,420,2,571.62,1143.24
1156,494,317,10,84877.05,848770.5
1157,494,80,9,87908.32,791174.88
1158,495,204,2,95178.22,190356.44
1159,495,291,6,97576.77,585460.62
1160,496,112,8,11845.32,94762.56
1161,496,348,2,38416.56,76833.12
1162,496,236,1,79369.42,79369.42
1163,496,223,6,84874.19,509245.14
1164,497,290,8,67565.43,540523.44
1165,497,264,8,35376.52,283012.16
1166,498,227,5,23559.12,117795.6
1167,499,436,10,79527.83,795278.3
1168,499,305,2,63549.35,127098.7
1169,499,380,6,51902.7,311416.2
1170,500,29,5,74548.89,372744.45
1171,500,131,6,70151.42,420908.52
1172,501,6,3,47672.67,143018.01
1173,502,68,7,16457.17,115200.19
1174,503,287,9,44177.72,397599.48
1175,503,254,10,92274.02,922740.2
1176,504,455,4,2659.29,10637.16
1177,505,327,1,61471.42,61471.42
1178,505,178,3,83648.68,250946.04
1179,505,451,10,96184.35,961843.5
1180,506,258,7,47848.98,334942.86
1181,506,205,1,10454.48,10454.48
1182,506,232,4,58073.83,232295.32
1183,507,140,1,52511.63,52511.63
1184,508,140,8,52511.63,420093.04
1185,508,209,6,17279.63,103677.78
1186,509,321,3,5887.74,17663.22
1187,509,36,4,98725.56,394902.24
1188,509,275,7,48505.54,339538.78
1189,510,23,2,72791.71,145583.42
1190,511,426,3,64269.94,192809.82
1191,511,282,8,82413.92,659311.36
1192,512,37,6,31980.15,191880.9
1193,512,25,2,30369.39,60738.78
1194,513,126,7,39046.86,273328.02
1195,513,144,1,75482.6,75482.6
1196,514,280,5,61595.52,307977.6
1197,515,77,2,73984.75,147969.5
1198,515,2,4,28864.4,115457.6
1199,516,186,4,75718.08,302872.32
1200,516,408,3,93119.45,279358.35
1201,517,395,9,77236.92,695132.28
1202,518,351,2,8371.64,16743.28
1203,518,375,7,76703.99,536927.93
1204,519,371,7,41514.28,290599.96
1205,520,213,1,55391.35,55391.35
1206,520,431,4,25965.88,103863.52
1207,521,333,8,72221.14,577769.12
1208,522,378,10,39777.83,397778.3
1209,522,195,1,14566.7,14566.7
1210,523,384,5,45550.34,227751.7
1211,523,262,8,42358.06,338864.48
1212,523,304,7,48456.03,339192.21
1213,523,362,8,23320.92,186567.36
1214,524,24,1,90699.39,90699.39
1215,524,22,6,70952.86,425717.16
1216,525,42,2,61640.73,123281.46
1217,525,132,1,84385.91,84385.91
1218,526,468,7,30825.95,215781.65
1219,526,5,4,65332.94,261331.76
1220,526,234,5,51907.96,259539.8
1221,526,59,9,5299.39,47694.51
1222,527,447,9,55233.09,497097.81
1223,527,407,10,16191.0,161910.0
1224,527,15,6,98841.92,593051.52
1225,528,93,4,52548.77,210195.08
1226,529,4,2,64914.3,129828.6
1227,529,271,10,36545.84,365458.4
1228,529,191,2,16054.19,32108.38
1229,529,42,10,61640.73,616407.3
1230,530,409,6,35874.01,215244.06
1231,530,330,5,21447.98,107239.9
1232,530,156,6,26791.84,160751.04
1233,531,311,7,18687.05,130809.35
1234,531,242,6,67685.33,406111.98
1235,531,73,6,72494.58,434967.48
1236,531,316,7,1159.06,8113.42
1237,532,308,3,29085.31,87255.93
1238,533,220,8,36898.95,295191.6
1239,533,256,8,2147.98,17183.84
1240,533,41,2,76566.13,153132.26
1241,533,121,9,66016.44,594147.96
1242,534,385,4,19185.05,76740.2
1243,534,73,10,72494.58,724945.8
1244,534,434,6,80201.48,481208.88
1245,534,218,7,21669.69,151687.83
1246,535,69,7,68976.29,482834.03
1247,536,473,4,13652.81,54611.24
1248,536,398,1,68303.51,68303.51
1249,536,226,6,93947.94,563687.64
1250,536,279,6,21838.59,131031.54
1251,537,107,9,96335.54,867019.86
1252,537,235,9,40881.3,367931.7
1253,537,51,8,52649.71,421197.68
1254,537,101,5,22659.3,113296.5
1255,538,85,3,10819.45,32458.35
1256,539,352,5,32029.39,160146.95
1257,539,336,7,80664.0,564648.0
1258,540,155,5,38031.22,190156.1
1259,541,454,7,30383.23,212682.61
1260,541,196,4,59867.16,239468.64
1261,541,91,4,70604.53,282418.12
1262,541,254,1,92274.02,92274.02
1263,542,488,2,86940.86,173881.72
1264,542,349,8,86891.64,695133.12
1265,542,57,7,87716.14,614012.98
1266,543,351,5,8371.64,41858.2
1267,544,321,2,5887.74,11775.48
1268,544,344,6,2473.62,14841.72
1269,545,152,4,54888.21,219552.84
1270,545,262,2,42358.06,84716.12
1271,546,273,7,56684.69,396792.83
1272,546,378,5,39777.83,198889.15
1273,546,216,8,89264.47,714115.76
1274,546,107,1,96335.54,96335.54
1275,547,199,9,16514.96,148634.64
1276,547,161,10,7751.64,77516.4
1277,547,194,7,95760.47,670323.29
1278,548,475,9,8965.36,80688.24
1279,548,12,9,1231.08,11079.72
1280,548,111,4,47576.8,190307.2
1281,548,194,1,95760.47,95760.47
1282,549,143,9,15069.62,135626.58
1283,550,250,10,99281.19,992811.9
1284,550,350,4,63311.7,253246.8
1285,551,374,2,94722.27,189444.54
1286,551,117,6,12514.21,75085.26
1287,551,354,10,74915.6,749156.0
1288,551,432,3,71925.6,215776.8
1289,552,400,10,12653.08,126530.8
1290,552,489,2,34655.5,69311.0
1291,553,248,1,60136.07,60136.07
1292,553,479,7,24610.35,172272.45
1293,554,307,2,1467.46,2934.92
1294,554,115,1,89739.27,89739.27
1295,554,144,5,75482.6,377413.0
1296,555,194,3,95760.47,287281.41
1297,556,42,9,61640.73,554766.57
1298,557,88,5,3367.21,16836.05
1299,557,66,8,20265.34,162122.72
1300,557,263,2,43181.15,86362.3
1301,557,81,9,18695.51,168259.59
1302,558,11,9,82518.93,742670.37
1303,558,45,2,89254.64,178509.28
1304,559,357,7,21451.86,150163.02
1305,559,299,1,29778.06,29778.06
1306,559,396,8,20318.4,162547.2
1307,559,485,6,15008.94,90053.64
1308,560,270,9,65627.34,590646.06
1309,560,314,5,35924.72,179623.6
1310,560,374,10,94722.27,947222.7
1311,560,405,8,58317.16,466537.28
1312,561,298,10,50870.69,508706.9
1313,561,315,10,92058.72,920587.2
1314,561,230,1,4470.52,4470.52
1315,562,83,3,65060.23,195180.69
1316,562,477,2,49042.18,98084.36
1317,562,445,8,50716.93,405735.44
1318,563,57,5,87716.14,438580.7
1319,564,405,9,58317.16,524854.44
1320,564,172,2,91177.92,182355.84
1321,564,214,9,84258.4,758325.6
1322,564,183,10,41059.46,410594.6
1323,565,482,1,19453.73,19453.73
1324,566,40,6,21333.55,128001.3
1325,566,253,7,66135.05,462945.35
1326,566,109,4,36652.58,146610.32
1327,566,324,2,97662.47,195324.94
1328,567,103,10,80225.5,802255.0
1329,567,425,8,15836.09,126688.72
1330,567,49,6,17118.51,102711.06
1331,567,87,6,61326.65,367959.9
1332,568,419,7,82032.15,574225.05
1333,568,92,2,72515.47,145030.94
1334,568,382,7,41583.94,291087.58
1335,568,444,10,17097.53,170975.3
1336,569,312,8,73842.67,590741.36
1337,569,211,9,84090.95,756818.55
1338,569,112,9,11845.32,106607.88
1339,570,46,10,2282.65,22826.5
1340,571,270,10,65627.34,656273.4
1341,571,437,10,53137.57,531375.7
1342,572,201,9,85213.08,766917.72
1343,573,358,2,6847.34,13694.68
1344,573,25,4,30369.39,121477.56
1345,574,256,2,2147.98,4295.96
1346,575,253,3,66135.05,198405.15
1347,575,179,2,64832.84,129665.68
1348,575,97,7,1658.66,11610.62
1349,575,408,4,93119.45,372477.8
1350,576,216,2,89264.47,178528.94
1351,576,472,4,22597.52,90390.08
1352,577,241,10,81211.68,812116.8
1353,578,138,1,57278.5,57278.5
1354,578,297,5,57703.22,288516.1
1355,578,19,10,66222.77,662227.7
1356,579,125,8,17778.2,142225.6
1357,580,308,5,29085.31,145426.55
1358,580,183,6,41059.46,246356.76
1359,581,258,7,47848.98,334942.86
1360,581,116,4,11142.67,44570.68
1361,581,175,10,51632.52,516325.2
1362,582,79,8,36073.98,288591.84
1363,583,376,3,23505.93,70517.79
1364,583,112,3,11845.32,35535.96
1365,583,310,6,35677.02,214062.12
1366,584,55,5,73540.62,367703.1
1367,584,225,2,18324.95,36649.9
1368,584,415,10,69855.26,698552.6
1369,585,166,2,36399.38,72798.76
1370,585,286,5,6217.57,31087.85
1371,586,445,2,50716.93,101433.86
1372,586,216,3,89264.47,267793.41
1373,586,460,4,57263.47,229053.88
1374,586,92,7,72515.47,507608.29
1375,587,63,9,62468.38,562215.42
1376,588,120,6,12760.31,76561.86
1377,588,293,5,20430.88,102154.4
1378,588,307,2,1467.46,2934.92
1379,588,134,4,71581.26,286325.04
1380,589,163,6,78732.69,472396.14
1381,589,120,7,12760.31,89322.17
1382,589,49,4,17118.51,68474.04
1383,590,309,4,55677.87,222711.48
1384,591,459,8,23682.92,189463.36
1385,592,267,10,87738.25,877382.5
1386,592,339,1,25471.92,25471.92
1387,592,378,10,39777.83,397778.3
1388,592,173,7,80380.27,562661.89
1389,593,186,10,75718.08,757180.8
1390,593,452,9,72768.17,654913.53
1391,593,404,8,39882.93,319063.44
1392,594,323,1,39674.83,39674.83
1393,594,143,9,15069.62,135626.58
1394,595,360,8,76617.14,612937.12
1395,595,56,8,12754.62,102036.96
1396,596,169,2,91901.43,183802.86
1397,596,334,7,43505.77,304540.39
1398,597,261,4,54158.96,216635.84
1399,597,33,4,88997.89,355991.56
1400,597,35,10,14167.84,141678.4
1401,597,450,8,76687.97,613503.76
1402,598,479,8,24610.35,196882.8
1403,598,220,1,36898.95,36898.95
1404,599,355,4,17148.15,68592.6
1405,599,70,5,772.43,3862.15
1406,599,62,1,42376.71,42376.71
1407,599,246,3,89134.37,267403.11
1408,600,68,3,16457.17,49371.51
1409,600,334,5,43505.77,217528.85
1410,600,88,2,3367.21,6734.42
1411,601,416,1,54590.24,54590.24
1412,601,415,7,69855.26,488986.82
1413,602,95,4,34902.07,139608.28
1414,602,376,7,23505.93,164541.51
1415,603,158,2,15793.49,31586.98
1416,603,462,9,49083.5,441751.5
1417,603,8,2,80606.01,161212.02
1418,604,149,5,96600.4,483002.0
1419,604,138,9,57278.5,515506.5
1420,604,87,5,61326.65,306633.25
1421,605,343,3,36350.5,109051.5
1422,605,16,5,26484.12,132420.6
1423,606,414,6,70809.28,424855.68
1424,606,429,1,19565.86,19565.86
1425,607,225,2,18324.95,36649.9
1426,607,211,2,84090.95,168181.9
1427,607,180,9,46192.91,415736.19
1428,608,337,5,13879.93,69399.65
1429,608,34,1,53218.93,53218.93
1430,608,173,10,80380.27,803802.7
1431,608,214,10,84258.4,842584.0
1432,609,53,6,16905.91,101435.46
1433,609,159,4,77479.26,309917.04
1434,609,254,10,92274.02,922740.2
1435,610,460,4,57263.47,229053.88
1436,611,20,3,65712.36,197137.08
1437,611,164,5,53935.08,269675.4
1438,611,160,6,49309.82,295858.92
1439,611,426,2,64269.94,128539.88
1440,612,261,3,54158.96,162476.88
1441,613,441,2,62719.84,125439.68
1442,613,39,1,63632.65,63632.65
1443,613,342,4,45260.55,181042.2
1444,613,462,6,49083.5,294501.0
1445,614,164,10,53935.08,539350.8
1446,614,316,10,1159.06,11590.6
1447,614,137,3,76197.11,228591.33
1448,614,93,1,52548.77,52548.77
1449,615,124,7,92474.9,647324.3
1450,615,246,7,89134.37,623940.59
1451,616,299,10,29778.06,297780.6
1452,616,340,3,40140.99,120422.97
1453,616,480,3,68631.43,205894.29
1454,616,217,10,81357.92,813579.2
1455,617,120,7,12760.31,89322.17
1456,617,119,2,11222.69,22445.38
1457,617,276,10,48634.14,486341.4
1458,618,48,9,10719.47,96475.23
1459,618,428,4,87412.53,349650.12
1460,618,34,10,53218.93,532189.3
1461,619,428,10,87412.53,874125.3
1462,620,402,5,23978.6,119893.0
1463,620,407,3,16191.0,48573.0
1464,621,335,3,80103.73,240311.19
1465,621,324,5,97662.47,488312.35
1466,621,440,1,19351.31,19351.31
1467,622,218,4,21669.69,86678.76
1468,622,345,5,20296.33,101481.65
1469,622,91,7,70604.53,494231.71
1470,622,263,4,43181.15,172724.6
1471,623,413,9,72577.72,653199.48
1472,623,154,9,96266.29,866396.61
1473,624,488,5,86940.86,434704.3
1474,624,122,4,931.59,3726.36
1475,625,190,9,39813.77,358323.93
1476,625,53,7,16905.91,118341.37
1477,625,481,7,67338.88,471372.16
1478,625,491,10,74131.29,741312.9
1479,626,375,7,76703.99,536927.93
1480,626,20,6,65712.36,394274.16
1481,626,260,5,9772.4,48862.0
1482,627,146,9,74370.07,669330.63
1483,627,128,3,91633.07,274899.21
1484,628,484,6,82247.61,493485.66
1485,628,318,6,49487.87,296927.22
1486,628,69,1,68976.29,68976.29
1487,628,284,8,8463.95,67711.6
1488,629,105,1,10713.01,10713.01
1489,629,175,10,51632.52,516325.2
1490,629,421,6,73498.95,440993.7
1491,630,499,9,2398.29,21584.61
1492,630,389,9,22110.21,198991.89
1493,631,312,8,73842.67,590741.36
1494,631,140,1,52511.63,52511.63
1495,631,451,4,96184.35,384737.4
1496,632,414,7,70809.28,495664.96
1497,632,464,5,38463.84,192319.2
1498,632,310,6,35677.02,214062.12
1499,632,448,4,76536.34,306145.36
1500,633,308,8,29085.31,232682.48
1501,633,50,7,94872.11,664104.77
1502,633,430,6,65963.17,395779.02
1503,634,133,8,63442.04,507536.32
1504,635,411,9,78961.9,710657.1
1505,636,3,10,85455.22,854552.2
1506,636,20,10,65712.36,657123.6
1507,637,141,9,5779.97,52019.73
1508,637,70,8,772.43,6179.44
1509,637,282,4,82413.92,329655.68
1510,638,146,10,74370.07,743700.7
1511,638,379,7,22448.95,157142.65
1512,638,374,7,94722.27,663055.89
1513,639,221,10,13821.19,138211.9
1514,639,231,10,70521.76,705217.6
1515,639,302,5,77111.74,385558.7
1516,639,276,8,48634.14,389073.12
1517,640,210,2,71363.81,142727.62
1518,641,359,1,5855.63,5855.63
1519,641,437,7,53137.57,371962.99
1520,641,438,10,8254.57,82545.7
1521,641,329,1,34638.1,34638.1
1522,642,434,5,80201.48,401007.4
1523,643,465,4,35119.06,140476.24
1524,643,43,9,43188.03,388692.27
1525,643,42,5,61640.73,308203.65
1526,643,14,8,68599.11,548792.88
1527,644,173,7,80380.27,562661.89
1528,645,425,6,15836.09,95016.54
1529,645,184,1,31982.22,31982.22
1530,645,215,6,20044.98,120269.88
1531,645,222,2,39980.12,79960.24
1532,646,484,7,82247.61,575733.27
1533,646,11,8,82518.93,660151.44
1534,646,352,5,32029.39,160146.95
1535,646,50,5,94872.11,474360.55
1536,647,105,4,10713.01,42852.04
1537,647,146,6,74370.07,446220.42
1538,648,295,5,35135.48,175677.4
1539,648,265,6,42836.19,257017.14
1540,648,168,1,67059.38,67059.38
1541,648,10,6,25573.87,153443.22
1542,649,210,4,71363.81,285455.24
1543,649,439,8,10571.9,84575.2
1544,649,363,6,62834.83,377008.98
1545,649,296,5,60833.16,304165.8
1546,650,70,5,772.43,3862.15
1547,651,408,7,93119.45,651836.15
1548,651,288,2,19877.28,39754.56
1549,652,426,3,64269.94,192809.82
1550,652,360,6,76617.14,459702.84
1551,652,275,8,48505.54,388044.32
1552,652,301,2,69572.09,139144.18
1553,653,491,3,74131.29,222393.87
1554,653,18,6,80640.27,483841.62
1555,653,433,1,92876.17,92876.17
1556,654,276,8,48634.14,389073.12
1557,654,166,7,36399.38,254795.66
1558,655,387,5,28570.4,142852.0
1559,655,193,9,96033.36,864300.24
1560,656,323,7,39674.83,277723.81
1561,657,265,5,42836.19,214180.95
1562,657,332,10,57355.27,573552.7
1563,658,389,7,22110.21,154771.47
1564,658,384,9,45550.34,409953.06
1565,659,344,7,2473.62,17315.34
1566,660,166,6,36399.38,218396.28
1567,660,263,4,43181.15,172724.6
1568,661,369,2,90937.85,181875.7
1569,662,395,2,77236.92,154473.84
1570,663,225,10,18324.95,183249.5
1571,663,282,7,82413.92,576897.44
1572,664,44,10,4253.67,42536.7
1573,664,496,4,79024.26,316097.04
1574,664,413,1,72577.72,72577.72
1575,665,330,6,21447.98,128687.88
1576,665,472,3,22597.52,67792.56
1577,665,258,8,47848.98,382791.84
1578,666,180,8,46192.91,369543.28
1579,666,269,1,52492.79,52492.79
1580,666,193,4,96033.36,384133.44
1581,666,389,7,22110.21,154771.47
1582,667,213,4,55391.35,221565.4
1583,667,76,7,85298.74,597091.18
1584,667,27,4,72656.07,290624.28
1585,668,156,4,26791.84,107167.36
1586,668,349,10,86891.64,868916.4
1587,668,145,5,10696.76,53483.8
1588,669,261,4,54158.96,216635.84
1589,669,400,4,12653.08,50612.32
1590,669,307,2,1467.46,2934.92
1591,669,194,9,95760.47,861844.23
1592,670,346,3,97947.63,293842.89
1593,671,114,8,52437.52,419500.16
1594,671,190,7,39813.77,278696.39
1595,672,245,1,16532.35,16532.35
1596,673,452,8,72768.17,582145.36
1597,673,113,5,34465.03,172325.15
1598,673,430,5,65963.17,329815.85
1599,673,64,6,83149.95,498899.7
1600,674,237,7,50432.78,353029.46
1601,674,454,3,30383.23,91149.69
1602,674,220,7,36898.95,258292.65
1603,674,89,4,92079.6,368318.4
1604,675,228,1,4759.44,4759.44
1605,675,276,9,48634.14,437707.26
1606,675,161,10,7751.64,77516.4
1607,675,357,9,21451.86,193066.74
1608,676,417,8,86832.35,694658.8
1609,676,254,6,92274.02,553644.12
1610,676,136,10,54477.9,544779.0
1611,676,402,5,23978.6,119893.0
1612,677,333,5,72221.14,361105.7
1613,677,123,9,93563.17,842068.53
1614,677,482,6,19453.73,116722.38
1615,678,301,4,69572.09,278288.36
1616,678,182,8,7508.99,60071.92
1617,679,404,1,39882.93,39882.93
1618,679,130,4,80577.28,322309.12
1619,679,450,8,76687.97,613503.76
1620,679,423,7,32409.06,226863.42
1621,680,215,1,20044.98,20044.98
1622,680,286,5,6217.57,31087.85
1623,680,244,3,24745.2,74235.6
1624,680,145,1,10696.76,10696.76
1625,681,216,5,89264.47,446322.35
1626,681,240,10,71871.62,718716.2
1627,681,182,8,7508.99,60071.92
1628,681,42,6,61640.73,369844.38
1629,682,153,2,29770.68,59541.36
1630,682,46,6,2282.65,13695.9
1631,683,393,4,47279.6,189118.4
1632,683,107,1,96335.54,96335.54
1633,683,334,10,43505.77,435057.7
1634,683,398,10,68303.51,683035.1
1635,684,404,1,39882.93,39882.93
1636,685,293,5,20430.88,102154.4
1637,686,408,7,93119.45,651836.15
1638,687,204,9,95178.22,856603.98
1639,687,183,3,41059.46,123178.38
1640,687,372,4,509.19,2036.76
1641,688,370,4,80568.42,322273.68
1642,688,135,9,98142.88,883285.92
1643,688,176,6,53553.98,321323.88
1644,689,188,3,78795.74,236387.22
1645,689,126,4,39046.86,156187.44
1646,689,176,3,53553.98,160661.94
1647,689,489,7,34655.5,242588.5
1648,690,17,1,15417.96,15417.96
1649,690,324,1,97662.47,97662.47
1650,690,350,5,63311.7,316558.5
1651,690,469,8,56708.83,453670.64
1652,691,438,10,8254.57,82545.7
1653,692,36,1,98725.56,98725.56
1654,693,418,10,7353.22,73532.2
1655,693,158,6,15793.49,94760.94
1656,694,40,10,21333.55,213335.5
1657,694,41,9,76566.13,689095.17
1658,694,308,10,29085.31,290853.1
1659,694,353,10,64642.11,646421.1
1660,695,427,9,66059.66,594536.94
1661,695,161,2,7751.64,15503.28
1662,695,42,6,61640.73,369844.38
1663,695,45,9,89254.64,803291.76
1664,696,384,8,45550.34,364402.72
1665,696,493,5,62492.68,312463.4
1666,697,219,5,54575.2,272876.0
1667,697,40,8,21333.55,170668.4
1668,697,160,8,49309.82,394478.56
1669,697,374,7,94722.27,663055.89
1670,698,262,7,42358.06,296506.42
1671,699,343,8,36350.5,290804.0
1672,699,1,10,34752.78,347527.8
1673,699,144,7,75482.6,528378.2
1674,699,369,7,90937.85,636564.95
1675,700,281,10,39215.82,392158.2
1676,700,454,1,30383.23,30383.23
1677,700,76,6,85298.74,511792.44
1678,700,363,3,62834.83,188504.49
1679,701,207,10,66112.51,661125.1
1680,701,176,6,53553.98,321323.88
1681,701,308,1,29085.31,29085.31
1682,702,142,3,75143.41,225430.23
1683,703,355,1,17148.15,17148.15
1684,703,119,3,11222.69,33668.07
1685,704,255,5,23366.47,116832.35
1686,704,217,1,81357.92,81357.92
1687,705,143,4,15069.62,60278.48
1688,705,430,10,65963.17,659631.7
1689,705,247,9,26196.83,235771.47
1690,706,90,5,5074.25,25371.25
1691,706,469,1,56708.83,56708.83
1692,706,80,6,87908.32,527449.92
1693,706,35,2,14167.84,28335.68
1694,707,449,9,24451.89,220067.01
1695,707,46,7,2282.65,15978.55
1696,708,17,4,15417.96,61671.84
1697,708,158,4,15793.49,63173.96
1698,708,249,9,94751.76,852765.84
1699,708,231,10,70521.76,705217.6
1700,709,130,8,80577.28,644618.24
1701,710,86,5,80325.35,401626.75
1702,710,134,5,71581.26,357906.3
1703,710,234,3,51907.96,155723.88
1704,711,97,6,1658.66,9951.96
1705,712,145,3,10696.76,32090.28
1706,712,53,4,16905.91,67623.64
1707,712,9,9,89600.56,806405.04
1708,713,331,2,85505.45,171010.9
1709,713,116,9,11142.67,100284.03
1710,713,430,7,65963.17,461742.19
1711,713,183,7,41059.46,287416.22
1712,714,474,8,74658.85,597270.8
1713,714,444,8,17097.53,136780.24
1714,714,443,5,67612.01,338060.05
1715,715,105,2,10713.01,21426.02
1716,716,471,2,75407.6,150815.2
1717,716,188,9,78795.74,709161.66
1718,717,5,6,65332.94,391997.64
1719,717,73,9,72494.58,652451.22
1720,718,101,7,22659.3,158615.1
1721,718,137,6,76197.11,457182.66
1722,718,462,9,49083.5,441751.5
1723,719,179,4,64832.84,259331.36
1724,720,327,2,61471.42,122942.84
1725,720,86,8,80325.35,642602.8
1726,720,356,9,72913.36,656220.24
1727,721,176,10,53553.98,535539.8
1728,721,449,1,24451.89,24451.89
1729,721,319,10,49335.13,493351.3
1730,722,362,2,23320.92,46641.84
1731,722,454,3,30383.23,91149.69
1732,722,347,9,67482.69,607344.21
1733,723,170,2,38446.57,76893.14
1734,723,185,7,1086.94,7608.58
1735,723,414,8,70809.28,566474.24
1736,723,266,6,91053.49,546320.94
1737,724,111,4,47576.8,190307.2
1738,724,276,2,48634.14,97268.28
1739,725,160,10,49309.82,493098.2
1740,725,273,2,56684.69,113369.38
1741,726,375,1,76703.99,76703.99
1742,727,492,2,52564.96,105129.92
1743,727,273,5,56684.69,283423.45
1744,728,97,10,1658.66,16586.6
1745,728,133,3,63442.04,190326.12
1746,728,66,5,20265.34,101326.7
1747,728,361,3,62001.17,186003.51
1748,729,353,10,64642.11,646421.1
1749,730,295,4,35135.48,140541.92
1750,730,238,1,23384.08,23384.08
1751,730,382,10,41583.94,415839.4
1752,731,89,2,92079.6,184159.2
1753,732,80,4,87908.32,351633.28
1754,732,242,5,67685.33,338426.65
1755,732,464,2,38463.84,76927.68
1756,733,152,7,54888.21,384217.47
1757,734,101,4,22659.3,90637.2
1758,735,171,6,26030.76,156184.56
1759,736,101,2,22659.3,45318.6
1760,736,435,6,74476.01,446856.06
1761,736,28,4,65616.25,262465.0
1762,737,98,1,84960.13,84960.13
1763,738,152,8,54888.21,439105.68
1764,738,6,9,47672.67,429054.03
1765,738,231,2,70521.76,141043.52
1766,739,458,1,14271.62,14271.62
1767,740,185,6,1086.94,6521.64
1768,740,315,6,92058.72,552352.32
1769,740,282,8,82413.92,659311.36
1770,740,156,7,26791.84,187542.88
1771,741,122,6,931.59,5589.54
1772,741,384,5,45550.34,227751.7
1773,741,410,2,13019.83,26039.66
1774,741,157,9,1061.69,9555.21
1775,742,306,2,41536.38,83072.76
1776,742,303,3,68318.67,204956.01
1777,743,481,10,67338.88,673388.8
1778,743,315,5,92058.72,460293.6
1779,743,440,6,19351.31,116107.86
1780,743,464,3,38463.84,115391.52
1781,744,214,5,84258.4,421292.0
1782,745,479,10,24610.35,246103.5
1783,746,12,7,1231.08,8617.56
1784,747,470,7,15743.15,110202.05
1785,748,354,1,74915.6,74915.6
1786,748,316,9,1159.06,10431.54
1787,748,48,3,10719.47,32158.41
1788,748,9,3,89600.56,268801.68
1789,749,69,2,68976.29,137952.58
1790,749,410,7,13019.83,91138.81
1791,749,379,9,22448.95,202040.55
1792,750,214,9,84258.4,758325.6
1793,750,423,3,32409.06,97227.18
1794,751,352,8,32029.39,256235.12
1795,751,43,6,43188.03,259128.18
1796,752,88,10,3367.21,33672.1
1797,752,333,10,72221.14,722211.4
1798,752,401,7,36362.45,254537.15
1799,752,196,3,59867.16,179601.48
1800,753,271,4,36545.84,146183.36
1801,754,255,2,23366.47,46732.94
1802,754,294,1,55184.47,55184.47
1803,754,410,1,13019.83,13019.83
1804,755,292,6,35636.2,213817.2
1805,755,118,8,45976.08,367808.64
1806,755,72,3,94969.88,284909.64
1807,756,283,8,9270.0,74160.0
1808,756,322,1,93995.61,93995.61
1809,757,81,1,18695.51,18695.51
1810,757,75,1,5482.98,5482.98
1811,758,468,6,30825.95,184955.7
1812,758,433,10,92876.17,928761.7
1813,758,137,8,76197.11,609576.88
1814,758,287,3,44177.72,132533.16
1815,759,413,8,72577.72,580621.76
1816,759,98,2,84960.13,169920.26
1817,759,285,3,61589.58,184768.74
1818,760,46,3,2282.65,6847.95
1819,760,152,1,54888.21,54888.21
1820,760,172,6,91177.92,547067.52
1821,761,362,3,23320.92,69962.76
1822,762,9,5,89600.56,448002.8
1823,762,413,9,72577.72,653199.48
1824,762,195,1,14566.7,14566.7
1825,762,23,3,72791.71,218375.13
1826,763,135,7,98142.88,687000.16
1827,763,7,6,80186.05,481116.3
1828,764,454,8,30383.23,243065.84
1829,764,245,7,16532.35,115726.45
1830,764,135,10,98142.88,981428.8
1831,765,22,1,70952.86,70952.86
1832,765,368,5,52584.25,262921.25
1833,765,297,2,57703.22,115406.44
1834,766,224,5,75842.0,379210.0
1835,766,201,4,85213.08,340852.32
1836,766,494,1,58508.99,58508.99
1837,767,462,7,49083.5,343584.5
1838,768,322,7,93995.61,657969.27
1839,768,431,3,25965.88,77897.64
1840,768,182,4,7508.99,30035.96
1841,769,272,8,25736.46,205891.68
1842,769,261,7,54158.96,379112.72
1843,769,475,6,8965.36,53792.16
1844,769,262,7,42358.06,296506.42
1845,770,38,7,49014.29,343100.03
1846,770,106,1,55135.33,55135.33
1847,771,332,3,57355.27,172065.81
1848,771,66,10,20265.34,202653.4
1849,771,454,1,30383.23,30383.23
1850,771,475,2,8965.36,17930.72
1851,772,410,4,13019.83,52079.32
1852,773,5,10,65332.94,653329.4
1853,773,473,5,13652.81,68264.05
1854,773,144,8,75482.6,603860.8
1855,773,247,2,26196.83,52393.66
1856,774,110,9,33531.28,301781.52
1857,775,107,6,96335.54,578013.24
1858,776,390,5,99797.36,498986.8
1859,777,374,3,94722.27,284166.81
1860,777,126,10,39046.86,390468.6
1861,777,287,5,44177.72,220888.6
1862,778,38,2,49014.29,98028.58
1863,778,302,5,77111.74,385558.7
1864,778,365,8,86491.99,691935.92
1865,779,491,6,74131.29,444787.74
1866,780,158,3,15793.49,47380.47
1867,780,226,9,93947.94,845531.46
1868,781,302,2,77111.74,154223.48
1869,781,184,7,31982.22,223875.54
1870,782,111,10,47576.8,475768.0
1871,782,328,6,26653.48,159920.88
1872,782,29,4,74548.89,298195.56
1873,782,420,3,571.62,1714.86
1874,783,253,5,66135.05,330675.25
1875,783,5,9,65332.94,587996.46
1876,783,414,9,70809.28,637283.52
1877,783,285,7,61589.58,431127.06
1878,784,428,3,87412.53,262237.59
1879,784,410,10,13019.83,130198.3
1880,784,170,3,38446.57,115339.71
1881,784,195,6,14566.7,87400.2
1882,785,447,3,55233.09,165699.27
1883,785,454,9,30383.23,273449.07
1884,786,368,1,52584.25,52584.25
1885,786,275,2,48505.54,97011.08
1886,787,79,6,36073.98,216443.88
1887,787,126,4,39046.86,156187.44
1888,788,224,9,75842.0,682578.0
1889,789,219,5,54575.2,272876.0
1890,789,275,7,48505.54,339538.78
1891,789,373,8,29032.84,232262.72
1892,790,328,10,26653.48,266534.8
1893,790,254,7,92274.02,645918.14
1894,790,258,5,47848.98,239244.9
1895,790,10,6,25573.87,153443.22
1896,791,246,5,89134.37,445671.85
1897,791,499,5,2398.29,11991.45
1898,792,426,6,64269.94,385619.64
1899,792,295,3,35135.48,105406.44
1900,792,244,2,24745.2,49490.4
1901,793,183,4,41059.46,164237.84
1902,793,326,2,38253.09,76506.18
1903,794,166,6,36399.38,218396.28
1904,794,460,10,57263.47,572634.7
1905,794,177,3,67198.35,201595.05
1906,794,351,9,8371.64,75344.76
1907,795,141,5,5779.97,28899.85
1908,795,276,2,48634.14,97268.28
1909,795,363,2,62834.83,125669.66
1910,795,235,5,40881.3,204406.5
1911,796,351,7,8371.64,58601.48
1912,796,455,8,2659.29,21274.32
1913,796,476,6,76322.28,457933.68
1914,796,81,2,18695.51,37391.02
1915,797,405,10,58317.16,583171.6
1916,798,218,5,21669.69,108348.45
1917,798,132,10,84385.91,843859.1
1918,798,172,7,91177.92,638245.44
1919,798,115,6,89739.27,538435.62
1920,799,37,7,31980.15,223861.05
1921,799,393,5,47279.6,236398.0
1922,799,184,2,31982.22,63964.44
1923,800,226,4,93947.94,375791.76
1924,800,272,1,25736.46,25736.46
1925,800,307,1,1467.46,1467.46
1926,800,219,10,54575.2,545752.0
1927,801,180,9,46192.91,415736.19
1928,801,378,3,39777.83,119333.49
1929,802,428,2,87412.53,174825.06
1930,803,402,2,23978.6,47957.2
1931,803,99,6,7949.09,47694.54
1932,803,429,10,19565.86,195658.6
1933,803,20,8,65712.36,525698.88
1934,804,89,5,92079.6,460398.0
1935,804,473,3,13652.81,40958.43
1936,805,269,9,52492.79,472435.11
1937,805,144,4,75482.6,301930.4
1938,806,396,3,20318.4,60955.2
1939,806,340,8,40140.99,321127.92
1940,806,308,7,29085.31,203597.17
1941,807,284,9,8463.95,76175.55
1942,807,25,5,30369.39,151846.95
1943,807,291,7,97576.77,683037.39
1944,807,322,1,93995.61,93995.61
1945,808,412,9,73452.29,661070.61
1946,809,141,1,5779.97,5779.97
1947,810,101,5,22659.3,113296.5
1948,810,466,9,93059.49,837535.41
1949,811,37,6,31980.15,191880.9
1950,812,225,4,18324.95,73299.8
1951,812,383,6,14094.09,84564.54
1952,813,205,6,10454.48,62726.88
1953,813,383,6,14094.09,84564.54
1954,813,249,5,94751.76,473758.8
1955,813,54,5,23227.62,116138.1
1956,814,451,10,96184.35,961843.5
1957,814,9,3,89600.56,268801.68
1958,814,177,7,67198.35,470388.45
1959,814,126,1,39046.86,39046.86
1960,815,249,7,94751.76,663262.32
1961,815,439,3,10571.9,31715.7
1962,815,137,8,76197.11,609576.88
1963,815,477,3,49042.18,147126.54
1964,816,323,6,39674.83,238048.98
1965,817,203,5,25443.42,127217.1
1966,817,474,10,74658.85,746588.5
1967,818,55,10,73540.62,735406.2
1968,819,364,6,3342.84,20057.04
1969,819,272,7,25736.46,180155.22
1970,820,379,3,22448.95,67346.85
1971,820,321,9,5887.74,52989.66
1972,820,474,6,74658.85,447953.1
1973,820,350,1,63311.7,63311.7
1974,821,44,6,4253.67,25522.02
1975,821,451,6,96184.35,577106.1
1976,822,286,1,6217.57,6217.57
1977,822,126,8,39046.86,312374.88
1978,823,175,3,51632.52,154897.56
1979,823,448,2,76536.34,153072.68
1980,823,164,3,53935.08,161805.24
1981,823,282,7,82413.92,576897.44
1982,824,214,4,84258.4,337033.6
1983,824,134,10,71581.26,715812.6
1984,825,204,9,95178.22,856603.98
1985,825,245,5,16532.35,82661.75
1986,825,329,5,34638.1,173190.5
1987,826,2,1,28864.4,28864.4
1988,826,229,8,39115.26,312922.08
1989,826,288,6,19877.28,119263.68
1990,826,313,2,21074.47,42148.94
1991,827,311,9,18687.05,168183.45
1992,828,234,8,51907.96,415263.68
1993,829,190,10,39813.77,398137.7
1994,829,36,5,98725.56,493627.8
1995,829,79,5,36073.98,180369.9
1996,830,407,5,16191.0,80955.0
1997,831,174,2,29995.18,59990.36
1998,831,106,7,55135.33,385947.31
1999,832,318,9,49487.87,445390.83
2000,832,278,4,74907.51,299630.04
2001,832,92,9,72515.47,652639.23
2002,833,340,5,40140.99,200704.95
2003,833,293,8,20430.88,163447.04
2004,833,244,8,24745.2,197961.6
2005,834,180,10,46192.91,461929.1
2006,834,195,1,14566.7,14566.7
2007,834,400,8,12653.08,101224.64
2008,834,164,1,53935.08,53935.08
2009,835,167,10,47748.29,477482.9
2010,835,156,5,26791.84,133959.2
2011,835,372,4,509.19,2036.76
2012,836,114,9,52437.52,471937.68
2013,836,393,8,47279.6,378236.8
2014,836,222,8,39980.12,319840.96
2015,837,173,7,80380.27,562661.89
2016,838,487,1,74088.37,74088.37
2017,838,73,10,72494.58,724945.8
2018,839,394,1,82911.08,82911.08
2019,839,314,8,35924.72,287397.76
2020,839,440,7,19351.31,135459.17
2021,840,153,2,29770.68,59541.36
2022,840,443,6,67612.01,405672.06
2023,841,185,8,1086.94,8695.52
2024,841,304,8,48456.03,387648.24
2025,842,27,1,72656.07,72656.07
2026,843,64,6,83149.95,498899.7
2027,844,237,4,50432.78,201731.12
2028,844,233,5,65540.69,327703.45
2029,844,440,10,19351.31,193513.1
2030,845,124,5,92474.9,462374.5
2031,845,340,9,40140.99,361268.91
2032,845,37,8,31980.15,255841.2
2033,846,89,6,92079.6,552477.6
2034,846,181,8,7788.18,62305.44
2035,847,206,4,32119.7,128478.8
2036,847,131,6,70151.42,420908.52
2037,847,54,5,23227.62,116138.1
2038,848,159,6,77479.26,464875.56
2039,848,49,6,17118.51,102711.06
2040,848,202,8,64645.11,517160.88
2041,848,274,4,75619.7,302478.8
2042,849,78,3,85273.87,255821.61
2043,849,122,9,931.59,8384.31
2044,849,441,6,62719.84,376319.04
2045,850,179,10,64832.84,648328.4
2046,850,283,6,9270.0,55620.0
2047,850,10,8,25573.87,204590.96
2048,851,427,9,66059.66,594536.94
2049,851,250,2,99281.19,198562.38
2050,851,186,7,75718.08,530026.56
2051,852,23,9,72791.71,655125.39
2052,852,80,5,87908.32,439541.6
2053,852,404,2,39882.93,79765.86
2054,852,460,4,57263.47,229053.88
2055,853,86,5,80325.35,401626.75
2056,853,123,8,93563.17,748505.36
2057,853,110,1,33531.28,33531.28
2058,853,380,5,51902.7,259513.5
2059,854,239,2,15448.92,30897.84
2060,855,206,8,32119.7,256957.6
2061,855,414,2,70809.28,141618.56
2062,855,304,5,48456.03,242280.15
2063,856,343,4,36350.5,145402.0
2064,856,303,5,68318.67,341593.35
2065,856,251,2,22326.7,44653.4
2066,856,369,9,90937.85,818440.65
2067,857,366,6,55080.25,330481.5
2068,857,164,1,53935.08,53935.08
2069,857,293,9,20430.88,183877.92
2070,858,256,5,2147.98,10739.9
2071,858,481,6,67338.88,404033.28
2072,859,19,4,66222.77,264891.08
2073,859,63,10,62468.38,624683.8
2074,859,237,7,50432.78,353029.46
2075,859,14,2,68599.11,137198.22
2076,860,40,8,21333.55,170668.4
2077,861,316,1,1159.06,1159.06
2078,861,348,2,38416.56,76833.12
2079,861,16,8,26484.12,211872.96
2080,862,482,7,19453.73,136176.11
2081,863,294,10,55184.47,551844.7
2082,863,405,1,58317.16,58317.16
2083,863,331,8,85505.45,684043.6
2084,863,139,9,28949.83,260548.47
2085,864,359,9,5855.63,52700.67
2086,864,306,6,41536.38,249218.28
2087,864,92,6,72515.47,435092.82
2088,864,484,2,82247.61,164495.22
2089,865,463,6,59725.5,358353.0
2090,865,361,10,62001.17,620011.7
2091,865,80,4,87908.32,351633.28
2092,865,57,9,87716.14,789445.26
2093,866,228,6,4759.44,28556.64
2094,866,206,4,32119.7,128478.8
2095,866,347,7,67482.69,472378.83
2096,866,128,8,91633.07,733064.56
2097,867,189,6,28510.99,171065.94
2098,867,451,9,96184.35,865659.15
2099,868,24,3,90699.39,272098.17
2100,868,251,3,22326.7,66980.1
2101,868,30,9,37482.4,337341.6
2102,868,233,9,65540.69,589866.21
2103,869,139,2,28949.83,57899.66
2104,869,399,4,63101.84,252407.36
2105,870,411,2,78961.9,157923.8
2106,870,177,4,67198.35,268793.4
2107,871,39,5,63632.65,318163.25
2108,872,25,8,30369.39,242955.12
2109,872,310,5,35677.02,178385.1
2110,873,253,5,66135.05,330675.25
2111,873,326,10,38253.09,382530.9
2112,874,222,4,39980.12,159920.48
2113,874,208,6,56772.42,340634.52
2114,875,365,7,86491.99,605443.93
2115,875,396,8,20318.4,162547.2
2116,875,373,2,29032.84,58065.68
2117,875,291,5,97576.77,487883.85
2118,876,101,1,22659.3,22659.3
2119,877,469,8,56708.83,453670.64
2120,878,412,7,73452.29,514166.03
2121,878,187,6,36091.16,216546.96
2122,879,200,1,19835.46,19835.46
2123,879,423,9,32409.06,291681.54
2124,880,499,6,2398.29,14389.74
2125,880,436,3,79527.83,238583.49
2126,881,122,10,931.59,9315.9
2127,881,460,5,57263.47,286317.35
2128,881,374,2,94722.27,189444.54
2129,881,242,3,67685.33,203055.99
2130,882,220,2,36898.95,73797.9
2131,882,481,3,67338.88,202016.64
2132,882,299,3,29778.06,89334.18
2133,882,54,4,23227.62,92910.48
2134,883,39,3,63632.65,190897.95
2135,883,136,6,54477.9,326867.4
2136,884,413,2,72577.72,145155.44
2137,884,194,2,95760.47,191520.94
2138,885,405,3,58317.16,174951.48
2139,885,329,6,34638.1,207828.6
2140,885,280,10,61595.52,615955.2
2141,885,291,5,97576.77,487883.85
2142,886,389,5,22110.21,110551.05
2143,886,164,5,53935.08,269675.4
2144,886,232,7,58073.83,406516.81
2145,886,494,6,58508.99,351053.94
2146,887,93,6,52548.77,315292.62
2147,887,192,5,79778.66,398893.3
2148,888,474,9,74658.85,671929.65
2149,888,40,2,21333.55,42667.1
2150,888,57,9,87716.14,789445.26
2151,889,44,8,4253.67,34029.36
2152,889,110,4,33531.28,134125.12
2153,889,196,9,59867.16,538804.44
2154,890,352,6,32029.39,192176.34
2155,891,30,9,37482.4,337341.6
2156,891,106,9,55135.33,496217.97
2157,892,354,10,74915.6,749156.0
2158,893,228,7,4759.44,33316.08
2159,893,429,9,19565.86,176092.74
2160,894,400,5,12653.08,63265.4
2161,894,52,8,99615.82,796926.56
2162,894,275,2,48505.54,97011.08
2163,895,196,3,59867.16,179601.48
2164,895,344,1,2473.62,2473.62
2165,895,69,2,68976.29,137952.58
2166,896,339,4,25471.92,101887.68
2167,896,268,4,1044.21,4176.84
2168,896,125,6,17778.2,106669.2
2169,897,500,2,97989.39,195978.78
2170,897,31,2,85195.78,170391.56
2171,897,461,3,72496.26,217488.78
2172,898,87,7,61326.65,429286.55
2173,898,278,1,74907.51,74907.51
2174,898,107,4,96335.54,385342.16
2175,898,467,1,92900.99,92900.99
2176,899,450,5,76687.97,383439.85
2177,899,399,8,63101.84,504814.72
2178,899,203,8,25443.42,203547.36
2179,899,472,1,22597.52,22597.52
2180,900,216,8,89264.47,714115.76
2181,901,56,8,12754.62,102036.96
2182,901,498,7,66207.1,463449.7
2183,901,279,3,21838.59,65515.77
2184,901,122,10,931.59,9315.9
2185,902,2,8,28864.4,230915.2
2186,902,248,2,60136.07,120272.14
2187,902,216,7,89264.47,624851.29
2188,903,491,8,74131.29,593050.32
2189,903,49,3,17118.51,51355.53
2190,904,145,9,10696.76,96270.84
2191,905,288,2,19877.28,39754.56
2192,905,26,9,29731.51,267583.59
2193,905,337,7,13879.93,97159.51
2194,905,154,10,96266.29,962662.9
2195,906,23,3,72791.71,218375.13
2196,906,116,7,11142.67,77998.69
2197,907,336,7,80664.0,564648.0
2198,907,169,5,91901.43,459507.15
2199,907,408,10,93119.45,931194.5
2200,908,240,10,71871.62,718716.2
2201,908,153,2,29770.68,59541.36
2202,908,56,7,12754.62,89282.34
2203,908,302,1,77111.74,77111.74
2204,909,368,4,52584.25,210337.0
2205,909,464,10,38463.84,384638.4
2206,909,351,1,8371.64,8371.64
2207,910,402,10,23978.6,239786.0
2208,910,467,1,92900.99,92900.99
2209,910,129,10,40088.06,400880.6
2210,910,408,8,93119.45,744955.6
2211,911,118,5,45976.08,229880.4
2212,912,173,2,80380.27,160760.54
2213,912,417,10,86832.35,868323.5
2214,913,350,2,63311.7,126623.4
2215,913,28,6,65616.25,393697.5
2216,913,64,9,83149.95,748349.55
2217,913,283,10,9270.0,92700.0
2218,914,97,7,1658.66,11610.62
2219,915,297,8,57703.22,461625.76
2220,915,201,1,85213.08,85213.08
2221,916,142,6,75143.41,450860.46
2222,916,90,4,5074.25,20297.0
2223,916,61,2,70335.89,140671.78
2224,916,492,10,52564.96,525649.6
2225,917,327,7,61471.42,430299.94
2226,917,462,3,49083.5,147250.5
2227,918,488,1,86940.86,86940.86
2228,918,88,3,3367.21,10101.63
2229,918,206,3,32119.7,96359.1
2230,919,217,10,81357.92,813579.2
2231,920,282,9,82413.92,741725.28
2232,921,188,1,78795.74,78795.74
2233,921,406,3,15921.7,47765.1
2234,921,142,10,75143.41,751434.1
2235,921,264,4,35376.52,141506.08
2236,922,396,9,20318.4,182865.6
2237,922,189,4,28510.99,114043.96
2238,923,99,10,7949.09,79490.9
2239,923,350,2,63311.7,126623.4
2240,923,430,1,65963.17,65963.17
2241,924,186,6,75718.08,454308.48
2242,924,230,2,4470.52,8941.04
2243,924,123,8,93563.17,748505.36
2244,924,454,5,30383.23,151916.15
2245,925,471,10,75407.6,754076.0
2246,925,130,4,80577.28,322309.12
2247,925,194,6,95760.47,574562.82
2248,926,14,3,68599.11,205797.33
2249,927,156,1,26791.84,26791.84
2250,928,78,9,85273.87,767464.83
2251,929,97,10,1658.66,16586.6
2252,929,45,6,89254.64,535527.84
2253,930,263,10,43181.15,431811.5
2254,930,488,8,86940.86,695526.88
2255,930,326,10,38253.09,382530.9
2256,931,478,4,56336.18,225344.72
2257,932,414,10,70809.28,708092.8
2258,932,389,8,22110.21,176881.68
2259,932,442,2,41810.87,83621.74
2260,933,476,8,76322.28,610578.24
2261,933,253,1,66135.05,66135.05
2262,933,42,4,61640.73,246562.92
2263,933,439,1,10571.9,10571.9
2264,934,211,1,84090.95,84090.95
2265,934,257,10,82738.16,827381.6
2266,934,232,5,58073.83,290369.15
2267,935,67,5,97325.41,486627.05
2268,936,3,7,85455.22,598186.54
2269,936,169,5,91901.43,459507.15
2270,936,48,9,10719.47,96475.23
2271,936,494,4,58508.99,234035.96
2272,937,107,7,96335.54,674348.78
2273,937,123,9,93563.17,842068.53
2274,937,230,5,4470.52,22352.6
2275,938,388,9,23664.64,212981.76
2276,939,392,8,27017.11,216136.88
2277,939,427,7,66059.66,462417.62
2278,939,207,1,66112.51,66112.51
2279,939,235,1,40881.3,40881.3
2280,940,144,10,75482.6,754826.0
2281,940,115,8,89739.27,717914.16
2282,940,159,4,77479.26,309917.04
2283,940,167,2,47748.29,95496.58
2284,941,390,4,99797.36,399189.44
2285,941,122,3,931.59,2794.77
2286,941,23,5,72791.71,363958.55
2287,941,117,10,12514.21,125142.1
2288,942,384,8,45550.34,364402.72
2289,942,425,6,15836.09,95016.54
2290,942,370,8,80568.42,644547.36
2291,942,372,5,509.19,2545.95
2292,943,60,5,38335.25,191676.25
2293,943,400,9,12653.08,113877.72
2294,943,1,5,34752.78,173763.9
2295,944,301,5,69572.09,347860.45
2296,945,372,2,509.19,1018.38
2297,945,411,9,78961.9,710657.1
2298,945,112,2,11845.32,23690.64
2299,945,432,6,71925.6,431553.6
2300,946,11,5,82518.93,412594.65
2301,946,439,3,10571.9,31715.7
2302,946,175,8,51632.52,413060.16
2303,946,433,1,92876.17,92876.17
2304,947,305,6,63549.35,381296.1
2305,947,400,10,12653.08,126530.8
2306,947,435,5,74476.01,372380.05
2307,947,299,8,29778.06,238224.48
2308,948,426,1,64269.94,64269.94
2309,948,61,8,70335.89,562687.12
2310,948,54,10,23227.62,232276.2
2311,948,56,8,12754.62,102036.96
2312,949,158,5,15793.49,78967.45
2313,949,452,6,72768.17,436609.02
2314,949,231,7,70521.76,493652.32
2315,949,186,6,75718.08,454308.48
2316,950,77,8,73984.75,591878.0
2317,950,263,3,43181.15,129543.45
2318,950,290,3,67565.43,202696.29
2319,950,405,7,58317.16,408220.12
2320,951,152,6,54888.21,329329.26
2321,951,260,5,9772.4,48862.0
2322,952,389,4,22110.21,88440.84
2323,953,312,9,73842.67,664584.03
2324,954,490,9,45281.13,407530.17
2325,954,351,6,8371.64,50229.84
2326,954,195,7,14566.7,101966.9
2327,955,432,7,71925.6,503479.2
2328,956,371,3,41514.28,124542.84
2329,956,303,7,68318.67,478230.69
2330,956,374,2,94722.27,189444.54
2331,956,306,4,41536.38,166145.52
2332,957,477,9,49042.18,441379.62
2333,957,210,8,71363.81,570910.48
2334,958,320,8,40089.01,320712.08
2335,959,456,6,51371.51,308229.06
2336,959,234,8,51907.96,415263.68
2337,959,225,1,18324.95,18324.95
2338,959,306,4,41536.38,166145.52
2339,960,74,8,45946.75,367574.0
2340,960,193,10,96033.36,960333.6
2341,960,115,3,89739.27,269217.81
2342,960,255,8,23366.47,186931.76
2343,961,344,2,2473.62,4947.24
2344,962,485,8,15008.94,120071.52
2345,963,184,3,31982.22,95946.66
2346,963,64,9,83149.95,748349.55
2347,964,89,1,92079.6,92079.6
2348,964,96,7,83983.79,587886.53
2349,964,339,9,25471.92,229247.28
2350,964,407,3,16191.0,48573.0
2351,965,104,4,44983.28,179933.12
2352,965,84,4,13684.9,54739.6
2353,965,119,1,11222.69,11222.69
2354,966,111,10,47576.8,475768.0
2355,966,316,4,1159.06,4636.24
2356,967,144,7,75482.6,528378.2
2357,967,195,1,14566.7,14566.7
2358,967,12,7,1231.08,8617.56
2359,968,363,1,62834.83,62834.83
2360,968,117,7,12514.21,87599.47
2361,968,349,10,86891.64,868916.4
2362,969,336,6,80664.0,483984.0
2363,969,67,8,97325.41,778603.28
2364,969,98,9,84960.13,764641.17
2365,970,166,5,36399.38,181996.9
2366,970,399,2,63101.84,126203.68
2367,970,72,3,94969.88,284909.64
2368,970,307,9,1467.46,13207.14
2369,971,125,1,17778.2,17778.2
2370,971,247,1,26196.83,26196.83
2371,971,367,7,59287.68,415013.76
2372,972,130,9,80577.28,725195.52
2373,972,272,6,25736.46,154418.76
2374,972,454,5,30383.23,151916.15
2375,973,400,2,12653.08,25306.16
2376,973,485,2,15008.94,30017.88
2377,973,175,10,51632.52,516325.2
2378,973,126,9,39046.86,351421.74
2379,974,132,3,84385.91,253157.73
2380,975,180,3,46192.91,138578.73
2381,975,494,9,58508.99,526580.91
2382,975,160,1,49309.82,49309.82
2383,976,127,7,50658.96,354612.72
2384,976,499,5,2398.29,11991.45
2385,976,228,3,4759.44,14278.32
2386,977,171,8,26030.76,208246.08
2387,977,410,9,13019.83,117178.47
2388,977,16,7,26484.12,185388.84
2389,978,279,3,21838.59,65515.77
2390,978,204,1,95178.22,95178.22
2391,978,15,4,98841.92,395367.68
2392,978,348,10,38416.56,384165.6
2393,979,87,4,61326.65,245306.6
2394,979,63,2,62468.38,124936.76
2395,980,18,10,80640.27,806402.7
2396,980,462,6,49083.5,294501.0
2397,980,461,9,72496.26,652466.34
2398,980,48,7,10719.47,75036.29
2399,981,473,10,13652.81,136528.1
2400,981,107,3,96335.54,289006.62
2401,981,488,9,86940.86,782467.74
2402,981,304,8,48456.03,387648.24
2403,982,82,8,27547.39,220379.12
2404,982,471,4,75407.6,301630.4
2405,982,454,2,30383.23,60766.46
2406,982,266,5,91053.49,455267.45
2407,983,413,10,72577.72,725777.2
2408,983,159,6,77479.26,464875.56
2409,984,89,8,92079.6,736636.8
2410,984,296,10,60833.16,608331.6
2411,984,419,7,82032.15,574225.05
2412,984,58,5,5334.4,26672.0
2413,985,59,4,5299.39,21197.56
2414,985,219,4,54575.2,218300.8
2415,985,5,3,65332.94,195998.82
2416,986,242,1,67685.33,67685.33
2417,987,166,2,36399.38,72798.76
2418,988,92,9,72515.47,652639.23
2419,989,160,3,49309.82,147929.46
2420,989,174,1,29995.18,29995.18
2421,989,351,3,8371.64,25114.92
2422,989,41,3,76566.13,229698.39
2423,990,43,8,43188.03,345504.24
2424,991,153,5,29770.68,148853.4
2425,991,188,2,78795.74,157591.48
2426,991,485,7,15008.94,105062.58
2427,992,272,3,25736.46,77209.38
2428,992,256,2,2147.98,4295.96
2429,992,318,1,49487.87,49487.87
2430,993,208,8,56772.42,454179.36
2431,993,213,6,55391.35,332348.1
2432,993,68,1,16457.17,16457.17
2433,994,183,3,41059.46,123178.38
2434,995,349,5,86891.64,434458.2
2435,995,293,3,20430.88,61292.64
2436,995,230,1,4470.52,4470.52
2437,995,130,4,80577.28,322309.12
2438,996,29,6,74548.89,447293.34
2439,996,247,5,26196.83,130984.15
2440,996,274,9,75619.7,680577.3
2441,996,466,4,93059.49,372237.96
2442,997,7,6,80186.05,481116.3
2443,997,294,9,55184.47,496660.23
2444,998,73,9,72494.58,652451.22
2445,998,462,4,49083.5,196334.0
2446,998,122,7,931.59,6521.13
2447,998,353,9,64642.11,581778.99
2448,999,219,1,54575.2,54575.2
2449,1000,443,5,67612.01,338060.05
2450,1001,229,4,39115.26,156461.04
2451,1001,305,3,63549.35,190648.05
2452,1001,79,7,36073.98,252517.86
2453,1002,39,9,63632.65,572693.85
2454,1002,138,6,57278.5,343671.0
2455,1002,380,9,51902.7,467124.3
2456,1002,340,2,40140.99,80281.98
2457,1003,4,2,64914.3,129828.6
2458,1003,49,10,17118.51,171185.1
2459,1003,187,7,36091.16,252638.12
2460,1003,23,8,72791.71,582333.68
2461,1004,343,3,36350.5,109051.5
2462,1004,68,6,16457.17,98743.02
2463,1004,15,2,98841.92,197683.84
2464,1004,317,10,84877.05,848770.5
2465,1005,24,9,90699.39,816294.51
2466,1005,62,3,42376.71,127130.13
2467,1006,65,3,12214.59,36643.77
2468,1006,122,10,931.59,9315.9
2469,1006,117,8,12514.21,100113.68
2470,1007,426,5,64269.94,321349.7
2471,1008,387,10,28570.4,285704.0
2472,1008,245,6,16532.35,99194.1
2473,1009,304,2,48456.03,96912.06
2474,1009,466,6,93059.49,558356.94
2475,1010,469,2,56708.83,113417.66
2476,1010,166,2,36399.38,72798.76
2477,1010,416,7,54590.24,382131.68
2478,1011,411,8,78961.9,631695.2
2479,1011,310,2,35677.02,71354.04
2480,1012,308,1,29085.31,29085.31
2481,1012,85,8,10819.45,86555.6
2482,1012,499,6,2398.29,14389.74
2483,1013,155,5,38031.22,190156.1
2484,1013,357,3,21451.86,64355.58
2485,1013,440,5,19351.31,96756.55
2486,1013,57,9,87716.14,789445.26
2487,1014,424,3,19392.01,58176.03
2488,1014,122,7,931.59,6521.13
2489,1014,299,3,29778.06,89334.18
2490,1014,211,6,84090.95,504545.7
2491,1015,265,9,42836.19,385525.71
2492,1016,355,3,17148.15,51444.45
2493,1016,36,5,98725.56,493627.8
2494,1017,373,7,29032.84,203229.88
2495,1017,231,8,70521.76,564174.08
2496,1017,121,8,66016.44,528131.52
2497,1017,389,3,22110.21,66330.63
2498,1018,153,5,29770.68,148853.4
2499,1018,98,4,84960.13,339840.52
2500,1018,326,6,38253.09,229518.54
2501,1019,319,9,49335.13,444016.17
2502,1019,460,8,57263.47,458107.76
2503,1019,237,3,50432.78,151298.34
2504,1020,186,7,75718.08,530026.56
2505,1020,244,5,24745.2,123726.0
2506,1020,57,4,87716.14,350864.56
2507,1020,173,9,80380.27,723422.43
2508,1021,428,3,87412.53,262237.59
2509,1022,391,4,8482.2,33928.8
2510,1023,476,1,76322.28,76322.28
2511,1023,274,5,75619.7,378098.5
2512,1023,332,3,57355.27,172065.81
2513,1024,242,7,67685.33,473797.31
2514,1024,298,1,50870.69,50870.69
2515,1024,443,1,67612.01,67612.01
2516,1025,291,5,97576.77,487883.85
2517,1026,308,2,29085.31,58170.62
2518,1027,358,8,6847.34,54778.72
2519,1027,182,7,7508.99,52562.93
2520,1027,248,3,60136.07,180408.21
2521,1027,117,5,12514.21,62571.05
2522,1028,208,3,56772.42,170317.26
2523,1028,196,3,59867.16,179601.48
2524,1029,134,1,71581.26,71581.26
2525,1029,305,4,63549.35,254197.4
2526,1029,79,7,36073.98,252517.86
2527,1030,28,2,65616.25,131232.5
2528,1030,305,5,63549.35,317746.75
2529,1031,468,2,30825.95,61651.9
2530,1032,76,2,85298.74,170597.48
2531,1032,239,2,15448.92,30897.84
2532,1032,124,8,92474.9,739799.2
2533,1033,420,7,571.62,4001.34
2534,1033,94,5,43568.37,217841.85
2535,1034,133,8,63442.04,507536.32
2536,1035,216,1,89264.47,89264.47
2537,1035,293,1,20430.88,20430.88
2538,1035,497,2,46763.6,93527.2
2539,1036,65,4,12214.59,48858.36
2540,1036,471,4,75407.6,301630.4
2541,1036,313,6,21074.47,126446.82
2542,1037,230,3,4470.52,13411.56
2543,1037,411,3,78961.9,236885.7
2544,1037,157,10,1061.69,10616.9
2545,1038,428,6,87412.53,524475.18
2546,1038,407,10,16191.0,161910.0
2547,1039,351,8,8371.64,66973.12
2548,1039,213,8,55391.35,443130.8
2549,1039,467,2,92900.99,185801.98
2550,1039,356,6,72913.36,437480.16
2551,1040,442,1,41810.87,41810.87
2552,1040,305,3,63549.35,190648.05
2553,1041,221,3,13821.19,41463.57
2554,1041,394,5,82911.08,414555.4
2555,1042,374,6,94722.27,568333.62
2556,1042,400,1,12653.08,12653.08
2557,1042,121,1,66016.44,66016.44
2558,1042,207,4,66112.51,264450.04
2559,1043,310,1,35677.02,35677.02
2560,1043,289,10,51823.46,518234.6
2561,1044,361,1,62001.17,62001.17
2562,1045,154,2,96266.29,192532.58
2563,1045,432,5,71925.6,359628.0
2564,1045,233,5,65540.69,327703.45
2565,1045,209,3,17279.63,51838.89
2566,1046,258,6,47848.98,287093.88
2567,1046,251,6,22326.7,133960.2
2568,1046,128,5,91633.07,458165.35
2569,1046,432,1,71925.6,71925.6
2570,1047,91,2,70604.53,141209.06
2571,1047,329,7,34638.1,242466.7
2572,1047,128,10,91633.07,916330.7
2573,1048,307,1,1467.46,1467.46
2574,1048,74,7,45946.75,321627.25
2575,1048,371,8,41514.28,332114.24
2576,1048,362,6,23320.92,139925.52
2577,1049,485,10,15008.94,150089.4
2578,1049,293,4,20430.88,81723.52
2579,1049,116,5,11142.67,55713.35
2580,1050,351,7,8371.64,58601.48
2581,1050,295,10,35135.48,351354.8
2582,1051,142,6,75143.41,450860.46
2583,1052,379,10,22448.95,224489.5
2584,1052,399,3,63101.84,189305.52
2585,1053,90,9,5074.25,45668.25
2586,1053,263,4,43181.15,172724.6
2587,1053,241,6,81211.68,487270.08
2588,1054,102,9,81801.78,736216.02
2589,1054,128,2,91633.07,183266.14
2590,1054,424,4,19392.01,77568.04
2591,1054,409,4,35874.01,143496.04
2592,1055,479,8,24610.35,196882.8
2593,1056,142,4,75143.41,300573.64
2594,1056,175,4,51632.52,206530.08
2595,1057,93,4,52548.77,210195.08
2596,1058,159,3,77479.26,232437.78
2597,1058,52,5,99615.82,498079.1
2598,1058,433,8,92876.17,743009.36
2599,1058,92,5,72515.47,362577.35
2600,1059,325,10,31907.3,319073.0
2601,1060,98,8,84960.13,679681.04
2602,1060,366,3,55080.25,165240.75
2603,1060,420,1,571.62,571.62
2604,1061,118,1,45976.08,45976.08
2605,1061,178,6,83648.68,501892.08
2606,1062,205,1,10454.48,10454.48
2607,1063,128,3,91633.07,274899.21
2608,1063,421,6,73498.95,440993.7
2609,1064,420,1,571.62,571.62
2610,1065,363,6,62834.83,377008.98
2611,1065,46,6,2282.65,13695.9
2612,1065,188,9,78795.74,709161.66
2613,1065,485,8,15008.94,120071.52
2614,1066,412,10,73452.29,734522.9
2615,1067,325,5,31907.3,159536.5
2616,1067,358,3,6847.34,20542.02
2617,1067,27,3,72656.07,217968.21
2618,1068,485,5,15008.94,75044.7
2619,1068,175,2,51632.52,103265.04
2620,1068,202,2,64645.11,129290.22
2621,1069,191,6,16054.19,96325.14
2622,1069,417,2,86832.35,173664.7
2623,1070,165,9,88397.98,795581.82
2624,1070,120,1,12760.31,12760.31
2625,1071,395,2,77236.92,154473.84
2626,1071,265,4,42836.19,171344.76
2627,1071,39,6,63632.65,381795.9
2628,1071,301,1,69572.09,69572.09
2629,1072,367,5,59287.68,296438.4
2630,1072,381,10,28825.35,288253.5
2631,1072,115,5,89739.27,448696.35
2632,1073,316,8,1159.06,9272.48
2633,1074,171,8,26030.76,208246.08
2634,1075,184,2,31982.22,63964.44
2635,1075,255,7,23366.47,163565.29
2636,1075,487,7,74088.37,518618.59
2637,1076,89,9,92079.6,828716.4
2638,1076,491,3,74131.29,222393.87
2639,1077,210,7,71363.81,499546.67
2640,1077,126,2,39046.86,78093.72
2641,1077,9,7,89600.56,627203.92
2642,1078,433,2,92876.17,185752.34
2643,1078,437,9,53137.57,478238.13
2644,1079,457,7,9881.57,69170.99
2645,1079,486,4,68693.24,274772.96
2646,1079,367,6,59287.68,355726.08
2647,1080,5,1,65332.94,65332.94
2648,1080,448,8,76536.34,612290.72
2649,1081,482,5,19453.73,97268.65
2650,1081,38,3,49014.29,147042.87
2651,1081,161,1,7751.64,7751.64
2652,1081,22,6,70952.86,425717.16
2653,1082,257,7,82738.16,579167.12
2654,1082,415,10,69855.26,698552.6
2655,1082,184,8,31982.22,255857.76
2656,1082,342,8,45260.55,362084.4
2657,1083,157,4,1061.69,4246.76
2658,1084,355,7,17148.15,120037.05
2659,1084,494,1,58508.99,58508.99
2660,1085,382,10,41583.94,415839.4
2661,1086,56,1,12754.62,12754.62
2662,1087,470,5,15743.15,78715.75
2663,1088,376,4,23505.93,94023.72
2664,1088,50,10,94872.11,948721.1
2665,1088,435,3,74476.01,223428.03
2666,1088,26,8,29731.51,237852.08
2667,1089,276,10,48634.14,486341.4
2668,1090,20,7,65712.36,459986.52
2669,1090,144,2,75482.6,150965.2
2670,1091,481,2,67338.88,134677.76
2671,1091,125,7,17778.2,124447.4
2672,1091,285,9,61589.58,554306.22
2673,1091,268,8,1044.21,8353.68
2674,1092,46,6,2282.65,13695.9
2675,1092,271,7,36545.84,255820.88
2676,1092,419,10,82032.15,820321.5
2677,1093,180,1,46192.91,46192.91
2678,1094,172,9,91177.92,820601.28
2679,1094,205,3,10454.48,31363.44
2680,1094,389,7,22110.21,154771.47
2681,1094,286,8,6217.57,49740.56
2682,1095,269,1,52492.79,52492.79
2683,1095,18,8,80640.27,645122.16
2684,1096,366,3,55080.25,165240.75
2685,1096,250,1,99281.19,99281.19
2686,1097,345,5,20296.33,101481.65
2687,1098,80,4,87908.32,351633.28
2688,1098,324,6,97662.47,585974.82
2689,1098,99,7,7949.09,55643.63
2690,1098,235,5,40881.3,204406.5
2691,1099,239,9,15448.92,139040.28
2692,1100,373,1,29032.84,29032.84
2693,1100,371,9,41514.28,373628.52
2694,1101,26,7,29731.51,208120.57
2695,1101,394,10,82911.08,829110.8
2696,1102,488,10,86940.86,869408.6
2697,1102,453,10,52002.13,520021.3
2698,1102,267,10,87738.25,877382.5
2699,1102,390,6,99797.36,598784.16
2700,1103,329,5,34638.1,173190.5
2701,1104,146,4,74370.07,297480.28
2702,1104,312,7,73842.67,516898.69
2703,1104,281,8,39215.82,313726.56
2704,1105,134,7,71581.26,501068.82
2705,1106,135,7,98142.88,687000.16
2706,1106,289,7,51823.46,362764.22
2707,1106,19,9,66222.77,596004.93
2708,1106,484,9,82247.61,740228.49
2709,1107,231,9,70521.76,634695.84
2710,1107,191,6,16054.19,96325.14
2711,1107,36,8,98725.56,789804.48
2712,1107,445,2,50716.93,101433.86
2713,1108,218,5,21669.69,108348.45
2714,1109,221,10,13821.19,138211.9
2715,1109,24,6,90699.39,544196.34
2716,1109,180,7,46192.91,323350.37
2717,1110,156,2,26791.84,53583.68
2718,1110,128,9,91633.07,824697.63
2719,1111,470,8,15743.15,125945.2
2720,1112,302,3,77111.74,231335.22
2721,1112,478,1,56336.18,56336.18
2722,1113,69,6,68976.29,413857.74
2723,1114,220,4,36898.95,147595.8
2724,1114,170,4,38446.57,153786.28
2725,1114,389,8,22110.21,176881.68
2726,1115,247,4,26196.83,104787.32
2727,1115,407,2,16191.0,32382.0
2728,1115,124,7,92474.9,647324.3
2729,1115,10,8,25573.87,204590.96
2730,1116,56,7,12754.62,89282.34
2731,1116,304,2,48456.03,96912.06
2732,1116,401,6,36362.45,218174.7
2733,1116,83,5,65060.23,325301.15
2734,1117,345,2,20296.33,40592.66
2735,1117,79,3,36073.98,108221.94
2736,1117,7,5,80186.05,400930.25
2737,1117,437,1,53137.57,53137.57
2738,1118,489,5,34655.5,173277.5
2739,1118,192,6,79778.66,478671.96
2740,1119,13,6,64910.54,389463.24
2741,1119,337,5,13879.93,69399.65
2742,1119,30,10,37482.4,374824.0
2743,1120,260,1,9772.4,9772.4
2744,1121,291,8,97576.77,780614.16
2745,1121,434,7,80201.48,561410.36
2746,1122,122,3,931.59,2794.77
2747,1122,267,5,87738.25,438691.25
2748,1122,262,7,42358.06,296506.42
2749,1122,245,2,16532.35,33064.7
2750,1123,110,5,33531.28,167656.4
2751,1123,7,4,80186.05,320744.2
2752,1123,104,9,44983.28,404849.52
2753,1123,409,4,35874.01,143496.04
2754,1124,15,1,98841.92,98841.92
2755,1125,150,4,20707.18,82828.72
2756,1126,81,10,18695.51,186955.1
2757,1126,315,4,92058.72,368234.88
2758,1126,158,1,15793.49,15793.49
2759,1127,355,2,17148.15,34296.3
2760,1127,499,8,2398.29,19186.32
2761,1127,366,10,55080.25,550802.5
2762,1127,143,10,15069.62,150696.2
2763,1128,161,7,7751.64,54261.48
2764,1128,139,3,28949.83,86849.49
2765,1128,212,9,46553.41,418980.69
2766,1128,387,10,28570.4,285704.0
2767,1129,355,9,17148.15,154333.35
2768,1129,100,10,33424.04,334240.4
2769,1129,184,7,31982.22,223875.54
2770,1129,52,3,99615.82,298847.46
2771,1130,173,8,80380.27,643042.16
2772,1130,80,6,87908.32,527449.92
2773,1131,29,4,74548.89,298195.56
2774,1131,3,1,85455.22,85455.22
2775,1131,85,3,10819.45,32458.35
2776,1131,66,4,20265.34,81061.36
2777,1132,20,8,65712.36,525698.88
2778,1132,191,8,16054.19,128433.52
2779,1132,196,2,59867.16,119734.32
2780,1133,185,6,1086.94,6521.64
2781,1133,41,9,76566.13,689095.17
2782,1134,423,5,32409.06,162045.3
2783,1135,473,9,13652.81,122875.29
2784,1136,396,9,20318.4,182865.6
2785,1136,442,1,41810.87,41810.87
2786,1137,36,7,98725.56,691078.92
2787,1137,212,1,46553.41,46553.41
2788,1137,207,9,66112.51,595012.59
2789,1138,436,3,79527.83,238583.49
2790,1139,297,8,57703.22,461625.76
2791,1139,66,9,20265.34,182388.06
2792,1140,395,10,77236.92,772369.2
2793,1140,142,1,75143.41,75143.41
2794,1140,249,10,94751.76,947517.6
2795,1141,410,6,13019.83,78118.98
2796,1141,100,3,33424.04,100272.12
2797,1141,214,8,84258.4,674067.2
2798,1141,43,7,43188.03,302316.21
2799,1142,425,5,15836.09,79180.45
2800,1142,283,5,9270.0,46350.0
2801,1142,415,5,69855.26,349276.3
2802,1143,8,3,80606.01,241818.03
2803,1143,75,5,5482.98,27414.9
2804,1144,129,9,40088.06,360792.54
2805,1144,275,7,48505.54,339538.78
2806,1145,371,4,41514.28,166057.12
2807,1145,37,8,31980.15,255841.2
2808,1146,237,5,50432.78,252163.9
2809,1146,40,6,21333.55,128001.3
2810,1147,116,2,11142.67,22285.34
2811,1148,468,9,30825.95,277433.55
2812,1149,357,3,21451.86,64355.58
2813,1150,348,2,38416.56,76833.12
2814,1150,195,5,14566.7,72833.5
2815,1150,324,2,97662.47,195324.94
2816,1150,301,10,69572.09,695720.9
2817,1151,343,7,36350.5,254453.5
2818,1151,294,1,55184.47,55184.47
2819,1152,44,2,4253.67,8507.34
2820,1152,13,9,64910.54,584194.86
2821,1152,136,10,54477.9,544779.0
2822,1152,233,2,65540.69,131081.38
2823,1153,418,10,7353.22,73532.2
2824,1154,376,7,23505.93,164541.51
2825,1154,162,10,22386.22,223862.2
2826,1155,455,8,2659.29,21274.32
2827,1155,156,7,26791.84,187542.88
2828,1156,149,1,96600.4,96600.4
2829,1156,33,4,88997.89,355991.56
2830,1157,41,4,76566.13,306264.52
2831,1157,144,2,75482.6,150965.2
2832,1157,48,9,10719.47,96475.23
2833,1158,57,9,87716.14,789445.26
2834,1159,160,1,49309.82,49309.82
2835,1160,472,4,22597.52,90390.08
2836,1160,44,3,4253.67,12761.01
2837,1160,358,6,6847.34,41084.04
2838,1161,228,10,4759.44,47594.4
2839,1162,159,5,77479.26,387396.3
2840,1163,20,1,65712.36,65712.36
2841,1163,258,10,47848.98,478489.8
2842,1163,185,5,1086.94,5434.7
2843,1163,213,1,55391.35,55391.35
2844,1164,233,9,65540.69,589866.21
2845,1164,52,8,99615.82,796926.56
2846,1164,152,9,54888.21,493993.89
2847,1164,339,4,25471.92,101887.68
2848,1165,12,4,1231.08,4924.32
2849,1166,135,6,98142.88,588857.28
2850,1167,140,3,52511.63,157534.89
2851,1167,162,8,22386.22,179089.76
2852,1167,243,6,16544.0,99264.0
2853,1167,65,8,12214.59,97716.72
2854,1168,405,5,58317.16,291585.8
2855,1168,28,1,65616.25,65616.25
2856,1168,233,4,65540.69,262162.76
2857,1169,440,8,19351.31,154810.48
2858,1169,480,5,68631.43,343157.15
2859,1170,317,10,84877.05,848770.5
2860,1170,322,9,93995.61,845960.49
2861,1170,298,8,50870.69,406965.52
2862,1171,310,4,35677.02,142708.08
2863,1172,312,4,73842.67,295370.68
2864,1172,55,7,73540.62,514784.34
2865,1173,46,7,2282.65,15978.55
2866,1173,96,5,83983.79,419918.95
2867,1173,418,2,7353.22,14706.44
2868,1174,427,7,66059.66,462417.62
2869,1175,115,3,89739.27,269217.81
2870,1176,389,4,22110.21,88440.84
2871,1176,415,2,69855.26,139710.52
2872,1176,231,9,70521.76,634695.84
2873,1176,180,1,46192.91,46192.91
2874,1177,251,7,22326.7,156286.9
2875,1177,474,4,74658.85,298635.4
2876,1177,486,2,68693.24,137386.48
2877,1178,42,1,61640.73,61640.73
2878,1179,330,2,21447.98,42895.96
2879,1179,171,3,26030.76,78092.28
2880,1179,152,6,54888.21,329329.26
2881,1179,209,4,17279.63,69118.52
2882,1180,20,1,65712.36,65712.36
2883,1180,199,1,16514.96,16514.96
2884,1180,477,5,49042.18,245210.9
2885,1180,148,8,92685.24,741481.92
2886,1181,487,8,74088.37,592706.96
2887,1181,267,10,87738.25,877382.5
2888,1181,205,5,10454.48,52272.4
2889,1182,397,9,66767.78,600910.02
2890,1182,326,10,38253.09,382530.9
2891,1182,299,5,29778.06,148890.3
2892,1182,418,9,7353.22,66178.98
2893,1183,265,1,42836.19,42836.19
2894,1183,36,4,98725.56,394902.24
2895,1183,240,7,71871.62,503101.34
2896,1184,13,1,64910.54,64910.54
2897,1185,409,2,35874.01,71748.02
2898,1185,240,8,71871.62,574972.96
2899,1185,3,8,85455.22,683641.76
2900,1185,386,4,96986.76,387947.04
2901,1186,161,10,7751.64,77516.4
2902,1186,294,4,55184.47,220737.88
2903,1186,465,4,35119.06,140476.24
2904,1186,159,1,77479.26,77479.26
2905,1187,271,2,36545.84,73091.68
2906,1187,53,8,16905.91,135247.28
2907,1187,57,2,87716.14,175432.28
2908,1187,477,10,49042.18,490421.8
2909,1188,427,10,66059.66,660596.6
2910,1188,27,1,72656.07,72656.07
2911,1188,19,3,66222.77,198668.31
2912,1188,143,2,15069.62,30139.24
2913,1189,147,6,51336.77,308020.62
2914,1189,151,6,91192.89,547157.34
2915,1189,45,10,89254.64,892546.4
2916,1190,230,4,4470.52,17882.08
2917,1190,144,9,75482.6,679343.4
2918,1190,117,5,12514.21,62571.05
2919,1190,119,10,11222.69,112226.9
2920,1191,360,3,76617.14,229851.42
2921,1191,474,4,74658.85,298635.4
2922,1191,176,10,53553.98,535539.8
2923,1191,192,2,79778.66,159557.32
2924,1192,398,4,68303.51,273214.04
2925,1192,349,4,86891.64,347566.56
2926,1192,14,6,68599.11,411594.66
2927,1192,420,4,571.62,2286.48
2928,1193,449,1,24451.89,24451.89
2929,1194,317,10,84877.05,848770.5
2930,1194,356,10,72913.36,729133.6
2931,1194,409,3,35874.01,107622.03
2932,1195,321,7,5887.74,41214.18
2933,1195,207,2,66112.51,132225.02
2934,1195,179,10,64832.84,648328.4
2935,1195,110,8,33531.28,268250.24
2936,1196,121,10,66016.44,660164.4
2937,1196,54,5,23227.62,116138.1
2938,1196,233,7,65540.69,458784.83
2939,1196,111,3,47576.8,142730.4
2940,1197,260,3,9772.4,29317.2
2941,1197,254,4,92274.02,369096.08
2942,1197,368,9,52584.25,473258.25
2943,1198,434,6,80201.48,481208.88
2944,1198,270,4,65627.34,262509.36
2945,1198,193,10,96033.36,960333.6
2946,1199,444,7,17097.53,119682.71
2947,1199,246,9,89134.37,802209.33
2948,1200,340,2,40140.99,80281.98
2949,1200,48,4,10719.47,42877.88
2950,1200,134,5,71581.26,357906.3
2951,1200,360,10,76617.14,766171.4
2952,1201,406,8,15921.7,127373.6
2953,1201,64,10,83149.95,831499.5
2954,1202,226,1,93947.94,93947.94
2955,1202,480,6,68631.43,411788.58
2956,1202,18,6,80640.27,483841.62
2957,1202,221,9,13821.19,124390.71
2958,1203,245,4,16532.35,66129.4
2959,1204,237,2,50432.78,100865.56
2960,1204,312,2,73842.67,147685.34
2961,1204,65,7,12214.59,85502.13
2962,1205,174,7,29995.18,209966.26
2963,1205,13,10,64910.54,649105.4
2964,1206,479,6,24610.35,147662.1
2965,1206,449,5,24451.89,122259.45
2966,1207,155,10,38031.22,380312.2
2967,1207,206,9,32119.7,289077.3
2968,1207,107,10,96335.54,963355.4
2969,1207,420,8,571.62,4572.96
2970,1208,53,5,16905.91,84529.55
2971,1209,185,4,1086.94,4347.76
2972,1209,249,10,94751.76,947517.6
2973,1209,3,4,85455.22,341820.88
2974,1210,339,2,25471.92,50943.84
2975,1210,68,9,16457.17,148114.53
2976,1210,244,7,24745.2,173216.4
2977,1211,489,3,34655.5,103966.5
2978,1211,383,6,14094.09,84564.54
2979,1211,299,6,29778.06,178668.36
2980,1211,495,3,25917.91,77753.73
2981,1212,169,1,91901.43,91901.43
2982,1213,200,1,19835.46,19835.46
2983,1213,28,1,65616.25,65616.25
2984,1214,402,2,23978.6,47957.2
2985,1215,43,6,43188.03,259128.18
2986,1216,38,10,49014.29,490142.9
2987,1216,213,8,55391.35,443130.8
2988,1216,37,4,31980.15,127920.6
2989,1216,434,9,80201.48,721813.32
2990,1217,404,10,39882.93,398829.3
2991,1217,130,9,80577.28,725195.52
2992,1217,496,2,79024.26,158048.52
2993,1218,486,4,68693.24,274772.96
2994,1218,45,1,89254.64,89254.64
2995,1219,345,9,20296.33,182666.97
2996,1220,336,4,80664.0,322656.0
2997,1220,392,9,27017.11,243153.99
2998,1221,341,10,21939.0,219390.0
2999,1221,498,10,66207.1,662071.0
3000,1221,193,1,96033.36,96033.36
3001,1222,245,4,16532.35,66129.4
3002,1222,66,2,20265.34,40530.68
3003,1222,101,1,22659.3,22659.3
3004,1222,346,5,97947.63,489738.15
3005,1223,271,8,36545.84,292366.72
3006,1223,64,4,83149.95,332599.8
3007,1223,253,7,66135.05,462945.35
3008,1224,497,7,46763.6,327345.2
3009,1224,163,2,78732.69,157465.38
3010,1224,372,10,509.19,5091.9
3011,1225,65,9,12214.59,109931.31
3012,1225,37,9,31980.15,287821.35
3013,1226,450,1,76687.97,76687.97
3014,1226,72,7,94969.88,664789.16
3015,1227,385,9,19185.05,172665.45
3016,1227,42,7,61640.73,431485.11
3017,1228,63,2,62468.38,124936.76
3018,1228,247,4,26196.83,104787.32
3019,1228,197,1,30816.77,30816.77
3020,1229,98,5,84960.13,424800.65
3021,1229,212,2,46553.41,93106.82
3022,1230,312,4,73842.67,295370.68
3023,1230,123,6,93563.17,561379.02
3024,1230,217,10,81357.92,813579.2
3025,1230,260,10,9772.4,97724.0
3026,1231,212,8,46553.41,372427.28
3027,1232,141,3,5779.97,17339.91
3028,1232,8,4,80606.01,322424.04
3029,1232,429,10,19565.86,195658.6
3030,1232,125,2,17778.2,35556.4
3031,1233,338,6,72195.75,433174.5
3032,1233,92,3,72515.47,217546.41
3033,1234,454,7,30383.23,212682.61
3034,1234,455,8,2659.29,21274.32
3035,1235,90,7,5074.25,35519.75
3036,1236,237,5,50432.78,252163.9
3037,1236,299,10,29778.06,297780.6
3038,1237,433,3,92876.17,278628.51
3039,1237,441,6,62719.84,376319.04
3040,1237,85,3,10819.45,32458.35
3041,1238,390,9,99797.36,898176.24
3042,1238,132,5,84385.91,421929.55
3043,1238,133,4,63442.04,253768.16
3044,1238,155,7,38031.22,266218.54
3045,1239,260,2,9772.4,19544.8
3046,1239,58,2,5334.4,10668.8
3047,1239,447,5,55233.09,276165.45
3048,1239,498,4,66207.1,264828.4
3049,1240,24,5,90699.39,453496.95
3050,1240,219,1,54575.2,54575.2
3051,1241,165,9,88397.98,795581.82
3052,1242,246,6,89134.37,534806.22
3053,1242,44,6,4253.67,25522.02
3054,1242,431,10,25965.88,259658.8
3055,1242,171,1,26030.76,26030.76
3056,1243,358,8,6847.34,54778.72
3057,1243,456,9,51371.51,462343.59
3058,1243,86,8,80325.35,642602.8
3059,1243,400,10,12653.08,126530.8
3060,1244,88,6,3367.21,20203.26
3061,1245,353,3,64642.11,193926.33
3062,1246,366,5,55080.25,275401.25
3063,1247,489,2,34655.5,69311.0
3064,1247,121,7,66016.44,462115.08
3065,1247,240,3,71871.62,215614.86
3066,1247,87,7,61326.65,429286.55
3067,1248,372,4,509.19,2036.76
3068,1248,12,6,1231.08,7386.48
3069,1248,111,9,47576.8,428191.2
3070,1248,75,5,5482.98,27414.9
3071,1249,275,1,48505.54,48505.54
3072,1250,319,6,49335.13,296010.78
3073,1250,164,10,53935.08,539350.8
3074,1251,240,8,71871.62,574972.96
3075,1251,395,10,77236.92,772369.2
3076,1251,117,4,12514.21,50056.84
3077,1251,370,10,80568.42,805684.2
3078,1252,251,6,22326.7,133960.2
3079,1252,437,6,53137.57,318825.42
3080,1252,297,2,57703.22,115406.44
3081,1253,131,8,70151.42,561211.36
3082,1253,369,5,90937.85,454689.25
3083,1254,38,2,49014.29,98028.58
3084,1255,346,8,97947.63,783581.04
3085,1255,111,1,47576.8,47576.8
3086,1255,201,4,85213.08,340852.32
3087,1255,494,9,58508.99,526580.91
3088,1256,76,8,85298.74,682389.92
3089,1256,493,7,62492.68,437448.76
3090,1256,182,2,7508.99,15017.98
3091,1256,202,2,64645.11,129290.22
3092,1257,187,9,36091.16,324820.44
3093,1257,486,5,68693.24,343466.2
3094,1258,106,1,55135.33,55135.33
3095,1258,107,1,96335.54,96335.54
3096,1259,186,7,75718.08,530026.56
3097,1260,17,9,15417.96,138761.64
3098,1260,381,3,28825.35,86476.05
3099,1261,322,9,93995.61,845960.49
3100,1261,130,3,80577.28,241731.84
3101,1262,115,3,89739.27,269217.81
3102,1262,493,2,62492.68,124985.36
3103,1262,466,1,93059.49,93059.49
3104,1262,430,8,65963.17,527705.36
3105,1263,43,8,43188.03,345504.24
3106,1263,88,4,3367.21,13468.84
3107,1264,181,9,7788.18,70093.62
3108,1264,391,6,8482.2,50893.2
3109,1264,471,3,75407.6,226222.8
3110,1264,149,3,96600.4,289801.2
3111,1265,242,3,67685.33,203055.99
3112,1266,33,10,88997.89,889978.9
3113,1267,433,3,92876.17,278628.51
3114,1267,12,9,1231.08,11079.72
3115,1267,282,8,82413.92,659311.36
3116,1267,152,5,54888.21,274441.05
3117,1268,224,3,75842.0,227526.0
3118,1269,314,4,35924.72,143698.88
3119,1269,358,7,6847.34,47931.38
3120,1269,221,6,13821.19,82927.14
3121,1269,391,2,8482.2,16964.4
3122,1270,320,6,40089.01,240534.06
3123,1270,375,6,76703.99,460223.94
3124,1271,47,1,69505.71,69505.71
3125,1271,351,1,8371.64,8371.64
3126,1271,364,6,3342.84,20057.04
3127,1272,17,9,15417.96,138761.64
3128,1273,317,5,84877.05,424385.25
3129,1274,364,3,3342.84,10028.52
3130,1274,66,4,20265.34,81061.36
3131,1274,220,1,36898.95,36898.95
3132,1275,108,7,56452.09,395164.63
3133,1276,232,3,58073.83,174221.49
3134,1277,124,1,92474.9,92474.9
3135,1277,165,3,88397.98,265193.94
3136,1278,2,4,28864.4,115457.6
3137,1278,362,5,23320.92,116604.6
3138,1279,450,5,76687.97,383439.85
3139,1279,420,4,571.62,2286.48
3140,1280,170,2,38446.57,76893.14
3141,1280,414,7,70809.28,495664.96
3142,1280,105,10,10713.01,107130.1
3143,1280,295,3,35135.48,105406.44
3144,1281,443,10,67612.01,676120.1
3145,1282,447,7,55233.09,386631.63
3146,1283,114,7,52437.52,367062.64
3147,1283,64,10,83149.95,831499.5
3148,1283,217,7,81357.92,569505.44
3149,1283,431,9,25965.88,233692.92
3150,1284,373,4,29032.84,116131.36
3151,1284,347,4,67482.69,269930.76
3152,1284,157,1,1061.69,1061.69
3153,1284,5,5,65332.94,326664.7
3154,1285,143,2,15069.62,30139.24
3155,1285,466,1,93059.49,93059.49
3156,1285,130,7,80577.28,564040.96
3157,1286,224,7,75842.0,530894.0
3158,1287,298,1,50870.69,50870.69
3159,1287,238,9,23384.08,210456.72
3160,1287,3,5,85455.22,427276.1
3161,1288,404,9,39882.93,358946.37
3162,1288,377,1,19262.81,19262.81
3163,1288,170,2,38446.57,76893.14
3164,1289,374,8,94722.27,757778.16
3165,1289,336,7,80664.0,564648.0
3166,1289,49,5,17118.51,85592.55
3167,1290,298,7,50870.69,356094.83
3168,1290,485,3,15008.94,45026.82
3169,1291,301,3,69572.09,208716.27
3170,1292,50,1,94872.11,94872.11
3171,1292,61,6,70335.89,422015.34
3172,1292,184,1,31982.22,31982.22
3173,1293,316,2,1159.06,2318.12
3174,1293,294,4,55184.47,220737.88
3175,1293,362,2,23320.92,46641.84
3176,1293,213,6,55391.35,332348.1
3177,1294,363,6,62834.83,377008.98
3178,1294,170,3,38446.57,115339.71
3179,1295,357,3,21451.86,64355.58
3180,1295,84,9,13684.9,123164.1
3181,1296,167,9,47748.29,429734.61
3182,1297,234,8,51907.96,415263.68
3183,1297,332,5,57355.27,286776.35
3184,1298,180,5,46192.91,230964.55
3185,1298,472,1,22597.52,22597.52
3186,1299,255,6,23366.47,140198.82
3187,1299,208,4,56772.42,227089.68
3188,1299,90,10,5074.25,50742.5
3189,1300,24,2,90699.39,181398.78
3190,1300,396,2,20318.4,40636.8
3191,1300,55,6,73540.62,441243.72
3192,1301,419,6,82032.15,492192.9
3193,1301,167,9,47748.29,429734.61
3194,1302,428,9,87412.53,786712.77
3195,1302,93,9,52548.77,472938.93
3196,1302,238,9,23384.08,210456.72
3197,1302,229,3,39115.26,117345.78
3198,1303,21,5,40757.59,203787.95
3199,1303,114,9,52437.52,471937.68
3200,1303,43,10,43188.03,431880.3
3201,1303,228,1,4759.44,4759.44
3202,1304,11,6,82518.93,495113.58
3203,1304,131,9,70151.42,631362.78
3204,1305,362,10,23320.92,233209.2
3205,1306,61,2,70335.89,140671.78
3206,1306,429,5,19565.86,97829.3
3207,1306,279,3,21838.59,65515.77
3208,1306,222,3,39980.12,119940.36
3209,1307,189,6,28510.99,171065.94
3210,1307,491,5,74131.29,370656.45
3211,1308,306,1,41536.38,41536.38
3212,1308,451,6,96184.35,577106.1
3213,1308,93,6,52548.77,315292.62
3214,1309,227,10,23559.12,235591.2
3215,1309,165,10,88397.98,883979.8
3216,1309,228,2,4759.44,9518.88
3217,1309,254,2,92274.02,184548.04
3218,1310,403,10,17152.36,171523.6
3219,1310,230,9,4470.52,40234.68
3220,1311,10,5,25573.87,127869.35
3221,1311,363,6,62834.83,377008.98
3222,1312,211,5,84090.95,420454.75
3223,1312,498,6,66207.1,397242.6
3224,1312,74,2,45946.75,91893.5
3225,1312,227,2,23559.12,47118.24
3226,1313,1,6,34752.78,208516.68
3227,1313,282,9,82413.92,741725.28
3228,1313,292,10,35636.2,356362.0
3229,1313,457,8,9881.57,79052.56
3230,1314,409,2,35874.01,71748.02
3231,1315,338,3,72195.75,216587.25
3232,1315,476,3,76322.28,228966.84
3233,1315,494,2,58508.99,117017.98
3234,1316,104,9,44983.28,404849.52
3235,1316,195,10,14566.7,145667.0
3236,1317,32,4,58241.15,232964.6
3237,1317,4,5,64914.3,324571.5
3238,1317,469,8,56708.83,453670.64
3239,1317,264,7,35376.52,247635.64
3240,1318,67,9,97325.41,875928.69
3241,1319,4,8,64914.3,519314.4
3242,1319,352,5,32029.39,160146.95
3243,1320,463,4,59725.5,238902.0
3244,1320,55,10,73540.62,735406.2
3245,1320,380,10,51902.7,519027.0
3246,1320,60,8,38335.25,306682.0
3247,1321,239,6,15448.92,92693.52
3248,1321,54,7,23227.62,162593.34
3249,1322,468,4,30825.95,123303.8
3250,1323,267,8,87738.25,701906.0
3251,1323,347,9,67482.69,607344.21
3252,1324,452,9,72768.17,654913.53
3253,1324,425,6,15836.09,95016.54
3254,1324,75,9,5482.98,49346.82
3255,1325,263,5,43181.15,215905.75
3256,1325,334,4,43505.77,174023.08
3257,1325,54,10,23227.62,232276.2
3258,1325,280,8,61595.52,492764.16
3259,1326,357,10,21451.86,214518.6
3260,1326,125,1,17778.2,17778.2
3261,1326,27,1,72656.07,72656.07
3262,1326,365,8,86491.99,691935.92
3263,1327,255,5,23366.47,116832.35
3264,1327,301,10,69572.09,695720.9
3265,1328,401,8,36362.45,290899.6
3266,1328,142,5,75143.41,375717.05
3267,1328,161,5,7751.64,38758.2
3268,1329,57,1,87716.14,87716.14
3269,1329,436,8,79527.83,636222.64
3270,1329,494,7,58508.99,409562.93
3271,1330,381,3,28825.35,86476.05
3272,1330,219,7,54575.2,382026.4
3273,1331,146,5,74370.07,371850.35
3274,1331,335,8,80103.73,640829.84
3275,1331,119,6,11222.69,67336.14
3276,1332,353,7,64642.11,452494.77
3277,1333,480,5,68631.43,343157.15
3278,1334,175,9,51632.52,464692.68
3279,1334,297,4,57703.22,230812.88
3280,1335,489,10,34655.5,346555.0
3281,1335,321,1,5887.74,5887.74
3282,1335,327,8,61471.42,491771.36
3283,1336,187,8,36091.16,288729.28
3284,1336,260,9,9772.4,87951.6
3285,1336,438,4,8254.57,33018.28
3286,1336,161,8,7751.64,62013.12
3287,1337,214,9,84258.4,758325.6
3288,1337,341,2,21939.0,43878.0
3289,1337,409,7,35874.01,251118.07
3290,1338,270,5,65627.34,328136.7
3291,1338,159,1,77479.26,77479.26
3292,1338,422,8,85754.51,686036.08
3293,1338,112,4,11845.32,47381.28
3294,1339,227,2,23559.12,47118.24
3295,1340,239,4,15448.92,61795.68
3296,1340,491,6,74131.29,444787.74
3297,1340,199,1,16514.96,16514.96
3298,1340,49,1,17118.51,17118.51
3299,1341,261,10,54158.96,541589.6
3300,1341,274,3,75619.7,226859.1
3301,1341,112,3,11845.32,35535.96
3302,1341,199,4,16514.96,66059.84
3303,1342,367,9,59287.68,533589.12
3304,1342,365,6,86491.99,518951.94
3305,1343,7,4,80186.05,320744.2
3306,1343,121,7,66016.44,462115.08
3307,1343,463,10,59725.5,597255.0
3308,1344,67,6,97325.41,583952.46
3309,1344,489,1,34655.5,34655.5
3310,1344,284,3,8463.95,25391.85
3311,1345,45,3,89254.64,267763.92
3312,1345,392,7,27017.11,189119.77
3313,1346,101,4,22659.3,90637.2
3314,1346,82,6,27547.39,165284.34
3315,1346,235,6,40881.3,245287.8
3316,1347,146,10,74370.07,743700.7
3317,1348,80,1,87908.32,87908.32
3318,1348,135,4,98142.88,392571.52
3319,1348,305,3,63549.35,190648.05
3320,1348,354,3,74915.6,224746.8
3321,1349,138,8,57278.5,458228.0
3322,1349,247,2,26196.83,52393.66
3323,1350,218,6,21669.69,130018.14
3324,1350,406,1,15921.7,15921.7
3325,1350,314,10,35924.72,359247.2
3326,1351,364,6,3342.84,20057.04
3327,1351,183,6,41059.46,246356.76
3328,1352,356,3,72913.36,218740.08
3329,1352,232,1,58073.83,58073.83
3330,1352,22,1,70952.86,70952.86
3331,1353,59,4,5299.39,21197.56
3332,1353,241,7,81211.68,568481.76
3333,1353,129,5,40088.06,200440.3
3334,1353,38,5,49014.29,245071.45
3335,1354,289,8,51823.46,414587.68
3336,1354,141,7,5779.97,40459.79
3337,1354,410,2,13019.83,26039.66
3338,1355,56,10,12754.62,127546.2
3339,1355,283,4,9270.0,37080.0
3340,1356,490,3,45281.13,135843.39
3341,1357,347,1,67482.69,67482.69
3342,1357,375,7,76703.99,536927.93
3343,1357,387,6,28570.4,171422.4
3344,1357,403,1,17152.36,17152.36
3345,1358,377,3,19262.81,57788.43
3346,1358,208,3,56772.42,170317.26
3347,1358,53,3,16905.91,50717.73
3348,1358,464,9,38463.84,346174.56
3349,1359,336,1,80664.0,80664.0
3350,1359,364,6,3342.84,20057.04
3351,1360,152,6,54888.21,329329.26
3352,1360,146,4,74370.07,297480.28
3353,1360,215,1,20044.98,20044.98
3354,1360,286,5,6217.57,31087.85
3355,1361,190,6,39813.77,238882.62
3356,1361,166,10,36399.38,363993.8
3357,1361,416,6,54590.24,327541.44
3358,1362,65,7,12214.59,85502.13
3359,1363,362,7,23320.92,163246.44
3360,1363,171,1,26030.76,26030.76
3361,1364,256,10,2147.98,21479.8
3362,1364,250,5,99281.19,496405.95
3363,1364,394,4,82911.08,331644.32
3364,1364,276,4,48634.14,194536.56
3365,1365,250,4,99281.19,397124.76
3366,1365,210,10,71363.81,713638.1
3367,1366,135,7,98142.88,687000.16
3368,1367,15,9,98841.92,889577.28
3369,1368,356,4,72913.36,291653.44
3370,1368,380,7,51902.7,363318.9
3371,1369,370,3,80568.42,241705.26
3372,1369,339,7,25471.92,178303.44
3373,1369,420,10,571.62,5716.2
3374,1369,428,1,87412.53,87412.53
3375,1370,485,3,15008.94,45026.82
3376,1370,352,3,32029.39,96088.17
3377,1371,289,8,51823.46,414587.68
3378,1372,486,1,68693.24,68693.24
3379,1372,173,7,80380.27,562661.89
3380,1372,347,2,67482.69,134965.38
3381,1373,396,8,20318.4,162547.2
3382,1373,311,1,18687.05,18687.05
3383,1373,20,2,65712.36,131424.72
3384,1373,222,6,39980.12,239880.72
3385,1374,89,1,92079.6,92079.6
3386,1375,107,10,96335.54,963355.4
3387,1376,130,10,80577.28,805772.8
3388,1376,159,1,77479.26,77479.26
3389,1377,224,3,75842.0,227526.0
3390,1377,307,2,1467.46,2934.92
3391,1377,244,7,24745.2,173216.4
3392,1377,458,3,14271.62,42814.86
3393,1378,283,4,9270.0,37080.0
3394,1379,387,4,28570.4,114281.6
3395,1379,352,10,32029.39,320293.9
3396,1380,380,10,51902.7,519027.0
3397,1381,296,7,60833.16,425832.12
3398,1381,471,10,75407.6,754076.0
3399,1382,58,6,5334.4,32006.4
3400,1382,2,4,28864.4,115457.6
3401,1383,246,2,89134.37,178268.74
3402,1384,89,7,92079.6,644557.2
3403,1384,471,1,75407.6,75407.6
3404,1385,460,9,57263.47,515371.23
3405,1386,453,9,52002.13,468019.17
3406,1386,75,4,5482.98,21931.92
3407,1387,228,8,4759.44,38075.52
3408,1387,384,1,45550.34,45550.34
3409,1387,144,6,75482.6,452895.6
3410,1387,94,5,43568.37,217841.85
3411,1388,252,9,79564.3,716078.7
3412,1388,377,8,19262.81,154102.48
3413,1388,278,3,74907.51,224722.53
3414,1389,32,4,58241.15,232964.6
3415,1389,205,3,10454.48,31363.44
3416,1390,355,9,17148.15,154333.35
3417,1390,339,1,25471.92,25471.92
3418,1391,86,7,80325.35,562277.45
3419,1392,462,5,49083.5,245417.5
3420,1393,213,6,55391.35,332348.1
3421,1393,361,9,62001.17,558010.53
3422,1393,215,10,20044.98,200449.8
3423,1394,71,5,83605.6,418028.0
3424,1394,380,8,51902.7,415221.6
3425,1394,452,7,72768.17,509377.19
3426,1395,433,10,92876.17,928761.7
3427,1396,420,7,571.62,4001.34
3428,1396,355,5,17148.15,85740.75
3429,1396,421,8,73498.95,587991.6
3430,1396,10,3,25573.87,76721.61
3431,1397,470,3,15743.15,47229.45
3432,1397,419,6,82032.15,492192.9
3433,1397,176,8,53553.98,428431.84
3434,1398,232,8,58073.83,464590.64
3435,1398,282,5,82413.92,412069.6
3436,1399,254,5,92274.02,461370.1
3437,1399,281,1,39215.82,39215.82
3438,1399,464,8,38463.84,307710.72
3439,1399,275,1,48505.54,48505.54
3440,1400,214,8,84258.4,674067.2
3441,1400,163,8,78732.69,629861.52
3442,1400,246,1,89134.37,89134.37
3443,1401,45,9,89254.64,803291.76
3444,1401,73,9,72494.58,652451.22
3445,1401,464,10,38463.84,384638.4
3446,1401,315,8,92058.72,736469.76
3447,1402,280,3,61595.52,184786.56
3448,1402,157,7,1061.69,7431.83
3449,1403,408,10,93119.45,931194.5
3450,1404,263,3,43181.15,129543.45
3451,1404,408,7,93119.45,651836.15
3452,1405,363,7,62834.83,439843.81
3453,1406,62,1,42376.71,42376.71
3454,1406,225,6,18324.95,109949.7
3455,1406,14,4,68599.11,274396.44
3456,1407,39,7,63632.65,445428.55
3457,1407,331,1,85505.45,85505.45
3458,1407,265,6,42836.19,257017.14
3459,1407,483,7,77083.29,539583.03
3460,1408,278,4,74907.51,299630.04
3461,1408,264,2,35376.52,70753.04
3462,1408,6,7,47672.67,333708.69
3463,1408,407,7,16191.0,113337.0
3464,1409,242,10,67685.33,676853.3
3465,1409,497,6,46763.6,280581.6
3466,1409,446,2,99844.14,199688.28
3467,1410,239,9,15448.92,139040.28
3468,1410,299,4,29778.06,119112.24
3469,1411,451,3,96184.35,288553.05
3470,1412,69,6,68976.29,413857.74
3471,1412,286,4,6217.57,24870.28
3472,1412,351,6,8371.64,50229.84
3473,1413,43,1,43188.03,43188.03
3474,1413,430,2,65963.17,131926.34
3475,1413,205,10,10454.48,104544.8
3476,1414,316,9,1159.06,10431.54
3477,1415,285,8,61589.58,492716.64
3478,1415,11,1,82518.93,82518.93
3479,1415,268,2,1044.21,2088.42
3480,1416,1,7,34752.78,243269.46
3481,1416,355,8,17148.15,137185.2
3482,1416,264,2,35376.52,70753.04
3483,1416,400,6,12653.08,75918.48
3484,1417,21,8,40757.59,326060.72
3485,1417,246,2,89134.37,178268.74
3486,1418,242,5,67685.33,338426.65
3487,1419,146,4,74370.07,297480.28
3488,1420,218,9,21669.69,195027.21
3489,1420,500,10,97989.39,979893.9
3490,1421,375,7,76703.99,536927.93
3491,1421,227,8,23559.12,188472.96
3492,1421,306,3,41536.38,124609.14
3493,1422,212,1,46553.41,46553.41
3494,1422,43,6,43188.03,259128.18
3495,1422,343,2,36350.5,72701.0
3496,1423,18,10,80640.27,806402.7
3497,1424,27,8,72656.07,581248.56
3498,1425,418,2,7353.22,14706.44
3499,1426,285,3,61589.58,184768.74
3500,1426,378,1,39777.83,39777.83
3501,1426,186,6,75718.08,454308.48
3502,1426,15,1,98841.92,98841.92
3503,1427,179,5,64832.84,324164.2
3504,1427,341,10,21939.0,219390.0
3505,1428,84,4,13684.9,54739.6
3506,1428,352,10,32029.39,320293.9
3507,1428,391,3,8482.2,25446.6
3508,1428,477,1,49042.18,49042.18
3509,1429,7,3,80186.05,240558.15
3510,1430,187,10,36091.16,360911.6
3511,1430,464,8,38463.84,307710.72
3512,1430,320,5,40089.01,200445.05
3513,1430,405,8,58317.16,466537.28
3514,1431,328,10,26653.48,266534.8
3515,1431,118,7,45976.08,321832.56
3516,1431,445,6,50716.93,304301.58
3517,1432,384,3,45550.34,136651.02
3518,1432,159,6,77479.26,464875.56
3519,1432,131,3,70151.42,210454.26
3520,1432,426,7,64269.94,449889.58
3521,1433,343,1,36350.5,36350.5
3522,1433,333,5,72221.14,361105.7
3523,1433,85,2,10819.45,21638.9
3524,1434,146,4,74370.07,297480.28
3525,1434,58,8,5334.4,42675.2
3526,1434,179,5,64832.84,324164.2
3527,1434,399,1,63101.84,63101.84
3528,1435,48,4,10719.47,42877.88
3529,1435,462,4,49083.5,196334.0
3530,1435,460,8,57263.47,458107.76
3531,1436,445,7,50716.93,355018.51
3532,1436,228,7,4759.44,33316.08
3533,1437,195,7,14566.7,101966.9
3534,1437,274,1,75619.7,75619.7
3535,1437,59,9,5299.39,47694.51
3536,1437,381,6,28825.35,172952.1
3537,1438,255,8,23366.47,186931.76
3538,1438,393,5,47279.6,236398.0
3539,1438,46,10,2282.65,22826.5
3540,1439,410,6,13019.83,78118.98
3541,1440,316,9,1159.06,10431.54
3542,1440,371,9,41514.28,373628.52
3543,1440,201,2,85213.08,170426.16
3544,1441,140,1,52511.63,52511.63
3545,1441,302,9,77111.74,694005.66
3546,1441,314,1,35924.72,35924.72
3547,1442,490,6,45281.13,271686.78
3548,1442,420,9,571.62,5144.58
3549,1443,88,6,3367.21,20203.26
3550,1443,146,8,74370.07,594960.56
3551,1443,377,5,19262.81,96314.05
3552,1443,24,5,90699.39,453496.95
3553,1444,14,10,68599.11,685991.1
3554,1444,290,9,67565.43,608088.87
3555,1444,317,7,84877.05,594139.35
3556,1445,94,6,43568.37,261410.22
3557,1445,133,4,63442.04,253768.16
3558,1446,75,10,5482.98,54829.8
3559,1446,499,2,2398.29,4796.58
3560,1446,226,2,93947.94,187895.88
3561,1447,47,1,69505.71,69505.71
3562,1448,410,2,13019.83,26039.66
3563,1448,355,9,17148.15,154333.35
3564,1448,442,5,41810.87,209054.35
3565,1449,347,10,67482.69,674826.9
3566,1449,218,9,21669.69,195027.21
3567,1449,460,6,57263.47,343580.82
3568,1449,262,10,42358.06,423580.6
3569,1450,420,2,571.62,1143.24
3570,1450,85,4,10819.45,43277.8
3571,1451,424,2,19392.01,38784.02
3572,1451,296,9,60833.16,547498.44
3573,1451,211,4,84090.95,336363.8
3574,1452,420,8,571.62,4572.96
3575,1453,334,9,43505.77,391551.93
3576,1453,141,1,5779.97,5779.97
3577,1454,453,3,52002.13,156006.39
3578,1455,337,7,13879.93,97159.51
3579,1455,440,5,19351.31,96756.55
3580,1456,178,8,83648.68,669189.44
3581,1456,316,3,1159.06,3477.18
3582,1457,172,6,91177.92,547067.52
3583,1458,280,10,61595.52,615955.2
3584,1458,424,9,19392.01,174528.09
3585,1458,84,8,13684.9,109479.2
3586,1459,368,10,52584.25,525842.5
3587,1460,496,5,79024.26,395121.3
3588,1460,33,8,88997.89,711983.12
3589,1461,312,5,73842.67,369213.35
3590,1461,374,8,94722.27,757778.16
3591,1461,277,5,77532.35,387661.75
3592,1462,3,4,85455.22,341820.88
3593,1462,151,8,91192.89,729543.12
3594,1462,90,2,5074.25,10148.5
3595,1462,299,8,29778.06,238224.48
3596,1463,350,3,63311.7,189935.1
3597,1463,243,2,16544.0,33088.0
3598,1463,407,5,16191.0,80955.0
3599,1464,41,6,76566.13,459396.78
3600,1464,235,9,40881.3,367931.7
3601,1464,94,1,43568.37,43568.37
3602,1464,256,5,2147.98,10739.9
3603,1465,410,3,13019.83,39059.49
3604,1465,74,7,45946.75,321627.25
3605,1465,319,8,49335.13,394681.04
3606,1466,318,10,49487.87,494878.7
3607,1466,471,8,75407.6,603260.8
3608,1466,258,10,47848.98,478489.8
3609,1466,266,9,91053.49,819481.41
3610,1467,482,5,19453.73,97268.65
3611,1467,241,6,81211.68,487270.08
3612,1467,170,9,38446.57,346019.13
3613,1467,151,5,91192.89,455964.45
3614,1468,389,4,22110.21,88440.84
3615,1468,151,5,91192.89,455964.45
3616,1468,495,1,25917.91,25917.91
3617,1468,36,2,98725.56,197451.12
3618,1469,370,10,80568.42,805684.2
3619,1469,480,4,68631.43,274525.72
3620,1470,456,6,51371.51,308229.06
3621,1470,470,10,15743.15,157431.5
3622,1470,2,7,28864.4,202050.8
3623,1470,354,3,74915.6,224746.8
3624,1471,171,10,26030.76,260307.6
3625,1471,340,4,40140.99,160563.96
3626,1471,33,5,88997.89,444989.45
3627,1471,358,7,6847.34,47931.38
3628,1472,265,1,42836.19,42836.19
3629,1472,309,2,55677.87,111355.74
3630,1473,431,9,25965.88,233692.92
3631,1473,143,5,15069.62,75348.1
3632,1474,246,7,89134.37,623940.59
3633,1474,310,6,35677.02,214062.12
3634,1474,125,7,17778.2,124447.4
3635,1475,472,2,22597.52,45195.04
3636,1476,210,7,71363.81,499546.67
3637,1476,284,3,8463.95,25391.85
3638,1476,412,3,73452.29,220356.87
3639,1477,445,1,50716.93,50716.93
3640,1477,459,8,23682.92,189463.36
3641,1478,337,7,13879.93,97159.51
3642,1479,315,1,92058.72,92058.72
3643,1479,130,6,80577.28,483463.68
3644,1479,266,4,91053.49,364213.96
3645,1480,194,1,95760.47,95760.47
3646,1481,362,8,23320.92,186567.36
3647,1481,67,5,97325.41,486627.05
3648,1482,128,4,91633.07,366532.28
3649,1482,28,8,65616.25,524930.0
3650,1483,414,8,70809.28,566474.24
3651,1483,454,2,30383.23,60766.46
3652,1484,326,5,38253.09,191265.45
3653,1484,333,8,72221.14,577769.12
3654,1484,83,6,65060.23,390361.38
3655,1484,146,7,74370.07,520590.49
3656,1485,442,2,41810.87,83621.74
3657,1485,33,3,88997.89,266993.67
3658,1486,108,9,56452.09,508068.81
3659,1487,252,9,79564.3,716078.7
3660,1488,286,8,6217.57,49740.56
3661,1488,463,9,59725.5,537529.5
3662,1489,464,7,38463.84,269246.88
3663,1490,40,5,21333.55,106667.75
3664,1490,164,6,53935.08,323610.48
3665,1490,357,10,21451.86,214518.6
3666,1490,452,9,72768.17,654913.53
3667,1491,263,4,43181.15,172724.6
3668,1491,206,6,32119.7,192718.2
3669,1491,193,7,96033.36,672233.52
3670,1492,363,2,62834.83,125669.66
3671,1492,427,9,66059.66,594536.94
3672,1492,152,1,54888.21,54888.21
3673,1493,322,9,93995.61,845960.49
3674,1493,438,9,8254.57,74291.13
3675,1494,174,2,29995.18,59990.36
3676,1494,72,3,94969.88,284909.64
3677,1495,222,6,39980.12,239880.72
3678,1495,300,10,87673.25,876732.5
3679,1495,22,5,70952.86,354764.3
3680,1495,467,7,92900.99,650306.93
3681,1496,90,3,5074.25,15222.75
3682,1496,275,9,48505.54,436549.86
3683,1496,257,5,82738.16,413690.8
3684,1497,453,1,52002.13,52002.13
3685,1497,19,4,66222.77,264891.08
3686,1497,169,2,91901.43,183802.86
3687,1497,79,4,36073.98,144295.92
3688,1498,418,9,7353.22,66178.98
3689,1498,316,9,1159.06,10431.54
3690,1499,47,3,69505.71,208517.13
3691,1499,406,4,15921.7,63686.8
3692,1499,376,3,23505.93,70517.79
3693,1499,387,1,28570.4,28570.4
3694,1500,445,7,50716.93,355018.51
3695,1500,222,9,39980.12,359821.08
3696,1501,151,8,91192.89,729543.12
3697,1501,65,9,12214.59,109931.31
3698,1501,404,7,39882.93,279180.51
3699,1501,227,3,23559.12,70677.36
3700,1502,484,6,82247.61,493485.66
3701,1502,278,3,74907.51,224722.53
3702,1502,360,8,76617.14,612937.12
3703,1502,340,3,40140.99,120422.97
3704,1503,379,4,22448.95,89795.8
3705,1503,194,3,95760.47,287281.41
3706,1503,15,1,98841.92,98841.92
3707,1503,370,9,80568.42,725115.78
3708,1504,230,5,4470.52,22352.6
3709,1504,288,8,19877.28,159018.24
3710,1504,116,2,11142.67,22285.34
3711,1504,426,1,64269.94,64269.94
3712,1505,94,4,43568.37,174273.48
3713,1505,341,5,21939.0,109695.0
3714,1505,275,6,48505.54,291033.24
3715,1505,117,6,12514.21,75085.26
3716,1506,125,3,17778.2,53334.6
3717,1506,176,4,53553.98,214215.92
3718,1506,457,3,9881.57,29644.71
3719,1506,218,8,21669.69,173357.52
3720,1507,330,1,21447.98,21447.98
3721,1507,366,5,55080.25,275401.25
3722,1507,393,6,47279.6,283677.6
3723,1507,19,4,66222.77,264891.08
3724,1508,272,10,25736.46,257364.6
3725,1508,183,8,41059.46,328475.68
3726,1508,362,4,23320.92,93283.68
3727,1509,483,3,77083.29,231249.87
3728,1510,113,3,34465.03,103395.09
3729,1510,382,3,41583.94,124751.82
3730,1510,326,9,38253.09,344277.81
3731,1510,343,6,36350.5,218103.0
3732,1511,473,3,13652.81,40958.43
3733,1511,467,5,92900.99,464504.95
3734,1511,12,1,1231.08,1231.08
3735,1511,160,3,49309.82,147929.46
3736,1512,176,7,53553.98,374877.86
3737,1512,173,9,80380.27,723422.43
3738,1512,149,10,96600.4,966004.0
3739,1513,297,8,57703.22,461625.76
3740,1513,408,8,93119.45,744955.6
3741,1514,151,2,91192.89,182385.78
3742,1515,213,8,55391.35,443130.8
3743,1516,185,10,1086.94,10869.4
3744,1517,327,7,61471.42,430299.94
3745,1517,402,8,23978.6,191828.8
3746,1517,443,4,67612.01,270448.04
3747,1517,147,9,51336.77,462030.93
3748,1518,431,7,25965.88,181761.16
3749,1518,403,10,17152.36,171523.6
3750,1518,448,1,76536.34,76536.34
3751,1518,176,5,53553.98,267769.9
3752,1519,264,5,35376.52,176882.6
3753,1519,344,7,2473.62,17315.34
3754,1519,475,8,8965.36,71722.88
3755,1520,107,3,96335.54,289006.62
3756,1520,96,10,83983.79,839837.9
3757,1521,494,3,58508.99,175526.97
3758,1522,279,6,21838.59,131031.54
3759,1522,309,9,55677.87,501100.83
3760,1522,170,8,38446.57,307572.56
3761,1523,15,7,98841.92,691893.44
3762,1523,6,3,47672.67,143018.01
3763,1523,338,4,72195.75,288783.0
3764,1523,435,10,74476.01,744760.1
3765,1524,482,10,19453.73,194537.3
3766,1524,161,5,7751.64,38758.2
3767,1524,299,3,29778.06,89334.18
3768,1525,141,1,5779.97,5779.97
3769,1525,17,9,15417.96,138761.64
3770,1525,250,10,99281.19,992811.9
3771,1525,212,6,46553.41,279320.46
3772,1526,31,3,85195.78,255587.34
3773,1526,44,1,4253.67,4253.67
3774,1527,441,4,62719.84,250879.36
3775,1527,490,10,45281.13,452811.3
3776,1528,356,2,72913.36,145826.72
3777,1529,370,9,80568.42,725115.78
3778,1529,485,8,15008.94,120071.52
3779,1530,444,7,17097.53,119682.71
3780,1531,279,4,21838.59,87354.36
3781,1531,115,6,89739.27,538435.62
3782,1532,282,9,82413.92,741725.28
3783,1532,320,2,40089.01,80178.02
3784,1532,28,1,65616.25,65616.25
3785,1532,165,9,88397.98,795581.82
3786,1533,485,2,15008.94,30017.88
3787,1534,420,8,571.62,4572.96
3788,1534,112,5,11845.32,59226.6
3789,1534,106,4,55135.33,220541.32
3790,1535,207,3,66112.51,198337.53
3791,1535,235,8,40881.3,327050.4
3792,1535,11,8,82518.93,660151.44
3793,1536,262,8,42358.06,338864.48
3794,1536,393,2,47279.6,94559.2
3795,1537,475,10,8965.36,89653.6
3796,1537,196,7,59867.16,419070.12
3797,1537,188,10,78795.74,787957.4
3798,1538,237,10,50432.78,504327.8
3799,1538,357,5,21451.86,107259.3
3800,1538,470,6,15743.15,94458.9
3801,1539,175,10,51632.52,516325.2
3802,1539,291,6,97576.77,585460.62
3803,1539,176,6,53553.98,321323.88
3804,1539,314,1,35924.72,35924.72
3805,1540,166,4,36399.38,145597.52
3806,1540,460,7,57263.47,400844.29
3807,1540,333,3,72221.14,216663.42
3808,1541,227,2,23559.12,47118.24
3809,1542,264,5,35376.52,176882.6
3810,1542,187,2,36091.16,72182.32
3811,1542,449,9,24451.89,220067.01
3812,1543,320,3,40089.01,120267.03
3813,1543,177,6,67198.35,403190.1
3814,1544,379,6,22448.95,134693.7
3815,1544,437,3,53137.57,159412.71
3816,1545,483,8,77083.29,616666.32
3817,1546,397,2,66767.78,133535.56
3818,1546,389,7,22110.21,154771.47
3819,1547,50,10,94872.11,948721.1
3820,1547,448,3,76536.34,229609.02
3821,1547,35,2,14167.84,28335.68
3822,1548,427,8,66059.66,528477.28
3823,1548,465,5,35119.06,175595.3
3824,1548,192,5,79778.66,398893.3
3825,1549,77,4,73984.75,295939.0
3826,1549,31,1,85195.78,85195.78
3827,1549,412,3,73452.29,220356.87
3828,1550,323,5,39674.83,198374.15
3829,1550,198,8,41559.12,332472.96
3830,1550,392,4,27017.11,108068.44
3831,1550,319,1,49335.13,49335.13
3832,1551,154,1,96266.29,96266.29
3833,1551,487,4,74088.37,296353.48
3834,1552,350,3,63311.7,189935.1
3835,1552,440,2,19351.31,38702.62
3836,1552,124,3,92474.9,277424.7
3837,1553,450,3,76687.97,230063.91
3838,1553,147,10,51336.77,513367.7
3839,1553,5,4,65332.94,261331.76
3840,1554,120,1,12760.31,12760.31
3841,1554,149,10,96600.4,966004.0
3842,1554,330,5,21447.98,107239.9
3843,1554,428,2,87412.53,174825.06
3844,1555,409,2,35874.01,71748.02
3845,1555,367,9,59287.68,533589.12
3846,1556,186,3,75718.08,227154.24
3847,1557,245,10,16532.35,165323.5
3848,1557,293,10,20430.88,204308.8
3849,1557,163,1,78732.69,78732.69
3850,1558,145,8,10696.76,85574.08
3851,1559,46,4,2282.65,9130.6
3852,1559,70,3,772.43,2317.29
3853,1559,410,6,13019.83,78118.98
3854,1560,209,9,17279.63,155516.67
3855,1560,5,10,65332.94,653329.4
3856,1560,45,2,89254.64,178509.28
3857,1561,105,5,10713.01,53565.05
3858,1562,135,9,98142.88,883285.92
3859,1562,411,6,78961.9,473771.4
3860,1563,36,10,98725.56,987255.6
3861,1563,104,7,44983.28,314882.96
3862,1563,110,3,33531.28,100593.84
3863,1563,308,8,29085.31,232682.48
3864,1564,280,8,61595.52,492764.16
3865,1564,213,4,55391.35,221565.4
3866,1564,45,5,89254.64,446273.2
3867,1564,96,3,83983.79,251951.37
3868,1565,394,2,82911.08,165822.16
3869,1566,14,3,68599.11,205797.33
3870,1566,396,10,20318.4,203184.0
3871,1567,453,4,52002.13,208008.52
3872,1568,115,1,89739.27,89739.27
3873,1569,149,10,96600.4,966004.0
3874,1570,287,10,44177.72,441777.2
3875,1570,18,9,80640.27,725762.43
3876,1570,84,10,13684.9,136849.0
3877,1571,285,9,61589.58,554306.22
3878,1572,297,7,57703.22,403922.54
3879,1573,155,4,38031.22,152124.88
3880,1573,415,2,69855.26,139710.52
3881,1573,185,10,1086.94,10869.4
3882,1573,81,2,18695.51,37391.02
3883,1574,263,3,43181.15,129543.45
3884,1575,344,4,2473.62,9894.48
3885,1576,165,9,88397.98,795581.82
3886,1576,201,4,85213.08,340852.32
3887,1577,227,3,23559.12,70677.36
3888,1578,390,7,99797.36,698581.52
3889,1578,221,8,13821.19,110569.52
3890,1579,154,2,96266.29,192532.58
3891,1580,44,4,4253.67,17014.68
3892,1580,6,9,47672.67,429054.03
3893,1580,440,10,19351.31,193513.1
3894,1580,336,2,80664.0,161328.0
3895,1581,455,9,2659.29,23933.61
3896,1582,149,1,96600.4,96600.4
3897,1582,19,2,66222.77,132445.54
3898,1582,165,4,88397.98,353591.92
3899,1582,417,4,86832.35,347329.4
3900,1583,12,4,1231.08,4924.32
3901,1583,391,5,8482.2,42411.0
3902,1584,304,1,48456.03,48456.03
3903,1584,189,8,28510.99,228087.92
3904,1584,221,2,13821.19,27642.38
3905,1585,458,7,14271.62,99901.34
3906,1585,266,6,91053.49,546320.94
3907,1585,244,1,24745.2,24745.2
3908,1586,233,3,65540.69,196622.07
3909,1586,178,6,83648.68,501892.08
3910,1586,385,8,19185.05,153480.4
3911,1586,361,3,62001.17,186003.51
3912,1587,39,7,63632.65,445428.55
3913,1587,423,4,32409.06,129636.24
3914,1588,202,1,64645.11,64645.11
3915,1589,340,9,40140.99,361268.91
3916,1589,255,2,23366.47,46732.94
3917,1590,334,1,43505.77,43505.77
3918,1591,395,8,77236.92,617895.36
3919,1591,456,1,51371.51,51371.51
3920,1591,354,4,74915.6,299662.4
3921,1592,441,7,62719.84,439038.88
3922,1592,396,7,20318.4,142228.8
3923,1592,106,8,55135.33,441082.64
3924,1592,31,1,85195.78,85195.78
3925,1593,177,10,67198.35,671983.5
3926,1594,207,7,66112.51,462787.57
3927,1594,468,7,30825.95,215781.65
3928,1594,306,10,41536.38,415363.8
3929,1595,441,3,62719.84,188159.52
3930,1595,367,4,59287.68,237150.72
3931,1596,354,1,74915.6,74915.6
3932,1596,237,1,50432.78,50432.78
3933,1597,56,9,12754.62,114791.58
3934,1597,381,1,28825.35,28825.35
3935,1597,349,1,86891.64,86891.64
3936,1597,163,10,78732.69,787326.9
3937,1598,444,1,17097.53,17097.53
3938,1598,468,9,30825.95,277433.55
3939,1598,34,7,53218.93,372532.51
3940,1598,141,4,5779.97,23119.88
3941,1599,94,5,43568.37,217841.85
3942,1599,111,4,47576.8,190307.2
3943,1600,410,7,13019.83,91138.81
3944,1601,456,8,51371.51,410972.08
3945,1601,274,5,75619.7,378098.5
3946,1601,399,5,63101.84,315509.2
3947,1602,320,3,40089.01,120267.03
3948,1602,449,4,24451.89,97807.56
3949,1603,172,10,91177.92,911779.2
3950,1603,308,8,29085.31,232682.48
3951,1603,375,3,76703.99,230111.97
3952,1603,3,3,85455.22,256365.66
3953,1604,468,3,30825.95,92477.85
3954,1604,278,6,74907.51,449445.06
3955,1604,430,9,65963.17,593668.53
3956,1605,381,6,28825.35,172952.1
3957,1605,141,2,5779.97,11559.94
3958,1605,183,4,41059.46,164237.84
3959,1606,458,10,14271.62,142716.2
3960,1607,401,5,36362.45,181812.25
3961,1607,13,9,64910.54,584194.86
3962,1607,494,3,58508.99,175526.97
3963,1607,110,4,33531.28,134125.12
3964,1608,254,4,92274.02,369096.08
3965,1608,278,9,74907.51,674167.59
3966,1608,288,8,19877.28,159018.24
3967,1608,466,4,93059.49,372237.96
3968,1609,450,4,76687.97,306751.88
3969,1609,289,3,51823.46,155470.38
3970,1609,431,4,25965.88,103863.52
3971,1609,326,9,38253.09,344277.81
3972,1610,17,5,15417.96,77089.8
3973,1611,211,8,84090.95,672727.6
3974,1611,131,6,70151.42,420908.52
3975,1612,212,5,46553.41,232767.05
3976,1612,216,9,89264.47,803380.23
3977,1612,461,7,72496.26,507473.82
3978,1613,484,7,82247.61,575733.27
3979,1613,365,4,86491.99,345967.96
3980,1613,137,8,76197.11,609576.88
3981,1613,51,2,52649.71,105299.42
3982,1614,20,4,65712.36,262849.44
3983,1614,205,2,10454.48,20908.96
3984,1615,171,10,26030.76,260307.6
3985,1615,177,8,67198.35,537586.8
3986,1615,456,8,51371.51,410972.08
3987,1615,87,7,61326.65,429286.55
3988,1616,63,5,62468.38,312341.9
3989,1617,263,9,43181.15,388630.35
3990,1617,155,2,38031.22,76062.44
3991,1617,3,2,85455.22,170910.44
3992,1618,130,6,80577.28,483463.68
3993,1618,410,8,13019.83,104158.64
3994,1618,41,3,76566.13,229698.39
3995,1619,362,5,23320.92,116604.6
3996,1620,360,2,76617.14,153234.28
3997,1620,195,2,14566.7,29133.4
3998,1621,276,5,48634.14,243170.7
3999,1621,196,7,59867.16,419070.12
4000,1621,61,1,70335.89,70335.89
4001,1621,53,4,16905.91,67623.64
4002,1622,39,3,63632.65,190897.95
4003,1622,46,7,2282.65,15978.55
4004,1622,265,1,42836.19,42836.19
4005,1622,312,6,73842.67,443056.02
4006,1623,174,5,29995.18,149975.9
4007,1623,364,7,3342.84,23399.88
4008,1623,323,6,39674.83,238048.98
4009,1624,90,9,5074.25,45668.25
4010,1624,380,4,51902.7,207610.8
4011,1624,204,7,95178.22,666247.54
4012,1625,474,4,74658.85,298635.4
4013,1625,435,8,74476.01,595808.08
4014,1625,483,8,77083.29,616666.32
4015,1626,137,1,76197.11,76197.11
4016,1627,149,5,96600.4,483002.0
4017,1627,450,6,76687.97,460127.82
4018,1628,174,6,29995.18,179971.08
4019,1628,434,7,80201.48,561410.36
4020,1628,291,7,97576.77,683037.39
4021,1629,5,4,65332.94,261331.76
4022,1630,436,2,79527.83,159055.66
4023,1631,308,7,29085.31,203597.17
4024,1632,78,3,85273.87,255821.61
4025,1632,255,4,23366.47,93465.88
4026,1633,410,5,13019.83,65099.15
4027,1633,301,3,69572.09,208716.27
4028,1633,242,2,67685.33,135370.66
4029,1633,465,8,35119.06,280952.48
4030,1634,200,9,19835.46,178519.14
4031,1634,409,4,35874.01,143496.04
4032,1635,337,1,13879.93,13879.93
4033,1635,403,10,17152.36,171523.6
4034,1635,448,6,76536.34,459218.04
4035,1636,11,5,82518.93,412594.65
4036,1636,405,1,58317.16,58317.16
4037,1636,300,10,87673.25,876732.5
4038,1636,100,10,33424.04,334240.4
4039,1637,209,6,17279.63,103677.78
4040,1638,279,2,21838.59,43677.18
4041,1639,97,7,1658.66,11610.62
4042,1640,439,1,10571.9,10571.9
4043,1640,457,4,9881.57,39526.28
4044,1640,386,5,96986.76,484933.8
4045,1641,288,8,19877.28,159018.24
4046,1641,140,8,52511.63,420093.04
4047,1641,97,1,1658.66,1658.66
4048,1642,354,7,74915.6,524409.2
4049,1643,415,10,69855.26,698552.6
4050,1643,250,6,99281.19,595687.14
4051,1644,449,5,24451.89,122259.45
4052,1644,364,3,3342.84,10028.52
4053,1644,64,10,83149.95,831499.5
4054,1645,131,7,70151.42,491059.94
4055,1645,146,7,74370.07,520590.49
4056,1645,314,10,35924.72,359247.2
4057,1646,151,2,91192.89,182385.78
4058,1646,71,8,83605.6,668844.8
4059,1646,428,6,87412.53,524475.18
4060,1647,67,9,97325.41,875928.69
4061,1647,244,1,24745.2,24745.2
4062,1647,176,1,53553.98,53553.98
4063,1647,87,2,61326.65,122653.3
4064,1648,496,2,79024.26,158048.52
4065,1648,477,8,49042.18,392337.44
4066,1648,381,4,28825.35,115301.4
4067,1648,456,5,51371.51,256857.55
4068,1649,237,5,50432.78,252163.9
4069,1649,297,6,57703.22,346219.32
4070,1649,340,10,40140.99,401409.9
4071,1650,120,2,12760.31,25520.62
4072,1650,161,7,7751.64,54261.48
4073,1651,283,3,9270.0,27810.0
4074,1651,117,7,12514.21,87599.47
4075,1652,466,10,93059.49,930594.9
4076,1652,375,8,76703.99,613631.92
4077,1652,264,2,35376.52,70753.04
4078,1653,28,2,65616.25,131232.5
4079,1654,7,2,80186.05,160372.1
4080,1654,239,3,15448.92,46346.76
4081,1654,285,10,61589.58,615895.8
4082,1654,495,5,25917.91,129589.55
4083,1655,230,2,4470.52,8941.04
4084,1655,208,4,56772.42,227089.68
4085,1655,488,1,86940.86,86940.86
4086,1656,448,10,76536.34,765363.4
4087,1656,399,5,63101.84,315509.2
4088,1656,485,9,15008.94,135080.46
4089,1657,47,5,69505.71,347528.55
4090,1657,358,3,6847.34,20542.02
4091,1657,472,4,22597.52,90390.08
4092,1658,366,3,55080.25,165240.75
4093,1658,180,9,46192.91,415736.19
4094,1658,397,4,66767.78,267071.12
4095,1659,248,9,60136.07,541224.63
4096,1659,87,8,61326.65,490613.2
4097,1660,441,8,62719.84,501758.72
4098,1660,208,10,56772.42,567724.2
4099,1660,338,9,72195.75,649761.75
4100,1661,338,4,72195.75,288783.0
4101,1662,471,3,75407.6,226222.8
4102,1663,454,8,30383.23,243065.84
4103,1663,167,8,47748.29,381986.32
4104,1663,194,2,95760.47,191520.94
4105,1663,141,2,5779.97,11559.94
4106,1664,266,2,91053.49,182106.98
4107,1664,287,9,44177.72,397599.48
4108,1664,67,8,97325.41,778603.28
4109,1665,346,9,97947.63,881528.67
4110,1666,38,1,49014.29,49014.29
4111,1666,478,8,56336.18,450689.44
4112,1666,370,10,80568.42,805684.2
4113,1667,60,7,38335.25,268346.75
4114,1668,39,5,63632.65,318163.25
4115,1669,132,2,84385.91,168771.82
4116,1669,131,2,70151.42,140302.84
4117,1669,196,10,59867.16,598671.6
4118,1669,365,9,86491.99,778427.91
4119,1670,31,10,85195.78,851957.8
4120,1670,389,8,22110.21,176881.68
4121,1671,410,5,13019.83,65099.15
4122,1671,156,8,26791.84,214334.72
4123,1671,89,4,92079.6,368318.4
4124,1672,497,4,46763.6,187054.4
4125,1672,364,8,3342.84,26742.72
4126,1672,95,8,34902.07,279216.56
4127,1673,287,8,44177.72,353421.76
4128,1673,346,8,97947.63,783581.04
4129,1673,430,1,65963.17,65963.17
4130,1674,241,9,81211.68,730905.12
4131,1675,324,3,97662.47,292987.41
4132,1676,125,2,17778.2,35556.4
4133,1676,89,3,92079.6,276238.8
4134,1676,172,2,91177.92,182355.84
4135,1677,282,3,82413.92,247241.76
4136,1678,208,10,56772.42,567724.2
4137,1678,248,10,60136.07,601360.7
4138,1679,315,7,92058.72,644411.04
4139,1680,211,9,84090.95,756818.55
4140,1680,373,7,29032.84,203229.88
4141,1680,10,6,25573.87,153443.22
4142,1680,76,4,85298.74,341194.96
4143,1681,425,6,15836.09,95016.54
4144,1681,293,8,20430.88,163447.04
4145,1682,210,5,71363.81,356819.05
4146,1683,389,3,22110.21,66330.63
4147,1683,423,2,32409.06,64818.12
4148,1683,343,1,36350.5,36350.5
4149,1683,272,1,25736.46,25736.46
4150,1684,350,8,63311.7,506493.6
4151,1684,382,1,41583.94,41583.94
4152,1685,229,1,39115.26,39115.26
4153,1686,250,1,99281.19,99281.19
4154,1686,267,9,87738.25,789644.25
4155,1687,471,7,75407.6,527853.2
4156,1687,366,10,55080.25,550802.5
4157,1687,361,4,62001.17,248004.68
4158,1687,392,3,27017.11,81051.33
4159,1688,256,1,2147.98,2147.98
4160,1689,140,5,52511.63,262558.15
4161,1689,259,10,87836.39,878363.9
4162,1690,345,7,20296.33,142074.31
4163,1690,356,8,72913.36,583306.88
4164,1691,277,7,77532.35,542726.45
4165,1691,226,3,93947.94,281843.82
4166,1691,443,10,67612.01,676120.1
4167,1692,178,5,83648.68,418243.4
4168,1692,31,5,85195.78,425978.9
4169,1692,437,6,53137.57,318825.42
4170,1692,244,7,24745.2,173216.4
4171,1693,227,8,23559.12,188472.96
4172,1693,69,7,68976.29,482834.03
4173,1693,219,6,54575.2,327451.2
4174,1694,46,9,2282.65,20543.85
4175,1694,396,3,20318.4,60955.2
4176,1694,307,9,1467.46,13207.14
4177,1695,229,10,39115.26,391152.6
4178,1696,256,6,2147.98,12887.88
4179,1696,245,1,16532.35,16532.35
4180,1696,296,1,60833.16,60833.16
4181,1697,158,3,15793.49,47380.47
4182,1697,171,3,26030.76,78092.28
4183,1698,96,7,83983.79,587886.53
4184,1699,204,4,95178.22,380712.88
4185,1699,314,1,35924.72,35924.72
4186,1700,65,7,12214.59,85502.13
4187,1700,433,5,92876.17,464380.85
4188,1701,88,6,3367.21,20203.26
4189,1701,488,8,86940.86,695526.88
4190,1701,475,4,8965.36,35861.44
4191,1702,6,1,47672.67,47672.67
4192,1702,314,8,35924.72,287397.76
4193,1703,398,7,68303.51,478124.57
4194,1703,390,4,99797.36,399189.44
4195,1703,21,6,40757.59,244545.54
4196,1704,222,9,39980.12,359821.08
4197,1705,76,5,85298.74,426493.7
4198,1705,332,8,57355.27,458842.16
4199,1705,77,7,73984.75,517893.25
4200,1706,189,9,28510.99,256598.91
4201,1706,63,4,62468.38,249873.52
4202,1706,65,8,12214.59,97716.72
4203,1706,176,10,53553.98,535539.8
4204,1707,32,6,58241.15,349446.9
4205,1708,205,7,10454.48,73181.36
4206,1708,371,10,41514.28,415142.8
4207,1709,100,8,33424.04,267392.32
4208,1709,70,7,772.43,5407.01
4209,1710,112,3,11845.32,35535.96
4210,1710,133,3,63442.04,190326.12
4211,1711,357,9,21451.86,193066.74
4212,1711,205,4,10454.48,41817.92
4213,1711,82,8,27547.39,220379.12
4214,1712,459,4,23682.92,94731.68
4215,1712,403,8,17152.36,137218.88
4216,1713,96,10,83983.79,839837.9
4217,1713,173,4,80380.27,321521.08
4218,1714,19,4,66222.77,264891.08
4219,1715,368,1,52584.25,52584.25
4220,1715,242,1,67685.33,67685.33
4221,1716,73,5,72494.58,362472.9
4222,1716,336,1,80664.0,80664.0
4223,1716,107,4,96335.54,385342.16
4224,1717,6,4,47672.67,190690.68
4225,1717,137,4,76197.11,304788.44
4226,1717,102,2,81801.78,163603.56
4227,1717,98,9,84960.13,764641.17
4228,1718,274,6,75619.7,453718.2
4229,1718,144,7,75482.6,528378.2
4230,1719,66,6,20265.34,121592.04
4231,1720,457,1,9881.57,9881.57
4232,1720,281,5,39215.82,196079.1
4233,1720,321,8,5887.74,47101.92
4234,1720,473,4,13652.81,54611.24
4235,1721,52,6,99615.82,597694.92
4236,1721,304,2,48456.03,96912.06
4237,1721,269,8,52492.79,419942.32
4238,1721,411,7,78961.9,552733.3
4239,1722,277,7,77532.35,542726.45
4240,1722,9,5,89600.56,448002.8
4241,1722,458,6,14271.62,85629.72
4242,1722,335,6,80103.73,480622.38
4243,1723,155,3,38031.22,114093.66
4244,1723,373,2,29032.84,58065.68
4245,1723,426,6,64269.94,385619.64
4246,1724,341,4,21939.0,87756.0
4247,1724,357,8,21451.86,171614.88
4248,1724,277,10,77532.35,775323.5
4249,1724,406,3,15921.7,47765.1
4250,1725,149,3,96600.4,289801.2
4251,1725,16,8,26484.12,211872.96
4252,1725,166,4,36399.38,145597.52
4253,1725,106,10,55135.33,551353.3
4254,1726,268,4,1044.21,4176.84
4255,1726,272,5,25736.46,128682.3
4256,1726,186,3,75718.08,227154.24
4257,1726,316,9,1159.06,10431.54
4258,1727,326,10,38253.09,382530.9
4259,1727,412,1,73452.29,73452.29
4260,1728,309,10,55677.87,556778.7
4261,1728,234,10,51907.96,519079.6
4262,1729,468,9,30825.95,277433.55
4263,1729,470,4,15743.15,62972.6
4264,1729,347,4,67482.69,269930.76
4265,1729,345,2,20296.33,40592.66
4266,1730,12,2,1231.08,2462.16
4267,1730,122,10,931.59,9315.9
4268,1730,85,9,10819.45,97375.05
4269,1731,388,7,23664.64,165652.48
4270,1731,298,6,50870.69,305224.14
4271,1731,423,6,32409.06,194454.36
4272,1732,349,1,86891.64,86891.64
4273,1733,170,7,38446.57,269125.99
4274,1733,6,7,47672.67,333708.69
4275,1734,449,9,24451.89,220067.01
4276,1734,467,7,92900.99,650306.93
4277,1734,378,1,39777.83,39777.83
4278,1734,333,7,72221.14,505547.98
4279,1735,115,8,89739.27,717914.16
4280,1735,153,2,29770.68,59541.36
4281,1735,254,5,92274.02,461370.1
4282,1735,214,10,84258.4,842584.0
4283,1736,127,6,50658.96,303953.76
4284,1736,73,10,72494.58,724945.8
4285,1736,287,2,44177.72,88355.44
4286,1736,299,1,29778.06,29778.06
4287,1737,271,3,36545.84,109637.52
4288,1737,172,5,91177.92,455889.6
4289,1738,439,7,10571.9,74003.3
4290,1738,241,3,81211.68,243635.04
4291,1739,53,6,16905.91,101435.46
4292,1739,167,10,47748.29,477482.9
4293,1740,124,5,92474.9,462374.5
4294,1740,465,4,35119.06,140476.24
4295,1740,347,10,67482.69,674826.9
4296,1740,227,7,23559.12,164913.84
4297,1741,306,5,41536.38,207681.9
4298,1741,310,10,35677.02,356770.2
4299,1742,470,1,15743.15,15743.15
4300,1742,306,4,41536.38,166145.52
4301,1742,148,9,92685.24,834167.16
4302,1743,165,5,88397.98,441989.9
4303,1743,404,7,39882.93,279180.51
4304,1743,381,6,28825.35,172952.1
4305,1744,399,4,63101.84,252407.36
4306,1744,340,2,40140.99,80281.98
4307,1744,335,8,80103.73,640829.84
4308,1744,189,1,28510.99,28510.99
4309,1745,112,2,11845.32,23690.64
4310,1745,17,1,15417.96,15417.96
4311,1745,28,3,65616.25,196848.75
4312,1745,77,8,73984.75,591878.0
4313,1746,195,7,14566.7,101966.9
4314,1746,344,4,2473.62,9894.48
4315,1747,180,7,46192.91,323350.37
4316,1747,377,8,19262.81,154102.48
4317,1748,369,3,90937.85,272813.55
4318,1748,361,3,62001.17,186003.51
4319,1749,146,9,74370.07,669330.63
4320,1749,471,8,75407.6,603260.8
4321,1750,289,2,51823.46,103646.92
4322,1750,110,7,33531.28,234718.96
4323,1750,307,7,1467.46,10272.22
4324,1751,409,2,35874.01,71748.02
4325,1752,18,10,80640.27,806402.7
4326,1753,155,9,38031.22,342280.98
4327,1754,203,1,25443.42,25443.42
4328,1754,369,8,90937.85,727502.8
4329,1754,497,4,46763.6,187054.4
4330,1754,373,3,29032.84,87098.52
4331,1755,159,8,77479.26,619834.08
4332,1755,156,9,26791.84,241126.56
4333,1755,474,10,74658.85,746588.5
4334,1755,387,4,28570.4,114281.6
4335,1756,264,5,35376.52,176882.6
4336,1756,183,2,41059.46,82118.92
4337,1756,315,8,92058.72,736469.76
4338,1756,186,7,75718.08,530026.56
4339,1757,403,10,17152.36,171523.6
4340,1758,307,4,1467.46,5869.84
4341,1759,50,6,94872.11,569232.66
4342,1759,471,9,75407.6,678668.4
4343,1759,213,2,55391.35,110782.7
4344,1759,150,1,20707.18,20707.18
4345,1760,180,4,46192.91,184771.64
4346,1760,385,5,19185.05,95925.25
4347,1760,252,7,79564.3,556950.1
4348,1761,493,5,62492.68,312463.4
4349,1761,295,8,35135.48,281083.84
4350,1761,428,4,87412.53,349650.12
4351,1761,154,4,96266.29,385065.16
4352,1762,394,6,82911.08,497466.48
4353,1762,282,3,82413.92,247241.76
4354,1762,452,9,72768.17,654913.53
4355,1762,30,10,37482.4,374824.0
4356,1763,338,6,72195.75,433174.5
4357,1764,224,9,75842.0,682578.0
4358,1764,177,4,67198.35,268793.4
4359,1764,471,8,75407.6,603260.8
4360,1764,45,9,89254.64,803291.76
4361,1765,379,2,22448.95,44897.9
4362,1765,231,10,70521.76,705217.6
4363,1765,227,9,23559.12,212032.08
4364,1766,228,4,4759.44,19037.76
4365,1766,141,5,5779.97,28899.85
4366,1767,23,7,72791.71,509541.97
4367,1767,311,9,18687.05,168183.45
4368,1767,420,6,571.62,3429.72
4369,1768,258,7,47848.98,334942.86
4370,1768,21,3,40757.59,122272.77
4371,1769,30,1,37482.4,37482.4
4372,1769,77,9,73984.75,665862.75
4373,1769,123,10,93563.17,935631.7
4374,1770,144,3,75482.6,226447.8
4375,1770,202,5,64645.11,323225.55
4376,1770,411,4,78961.9,315847.6
4377,1770,312,5,73842.67,369213.35
4378,1771,184,9,31982.22,287839.98
4379,1771,129,7,40088.06,280616.42
4380,1772,91,2,70604.53,141209.06
4381,1772,58,6,5334.4,32006.4
4382,1772,96,7,83983.79,587886.53
4383,1773,422,4,85754.51,343018.04
4384,1774,33,1,88997.89,88997.89
4385,1774,3,4,85455.22,341820.88
4386,1774,267,6,87738.25,526429.5
4387,1774,280,5,61595.52,307977.6
4388,1775,319,1,49335.13,49335.13
4389,1775,149,5,96600.4,483002.0
4390,1775,196,10,59867.16,598671.6
4391,1775,219,1,54575.2,54575.2
4392,1776,245,5,16532.35,82661.75
4393,1776,207,8,66112.51,528900.08
4394,1777,236,10,79369.42,793694.2
4395,1777,221,2,13821.19,27642.38
4396,1777,377,2,19262.81,38525.62
4397,1778,42,6,61640.73,369844.38
4398,1778,96,1,83983.79,83983.79
4399,1778,91,4,70604.53,282418.12
4400,1778,60,10,38335.25,383352.5
4401,1779,358,7,6847.34,47931.38
4402,1779,161,9,7751.64,69764.76
4403,1779,180,2,46192.91,92385.82
4404,1779,283,10,9270.0,92700.0
4405,1780,22,5,70952.86,354764.3
4406,1781,161,9,7751.64,69764.76
4407,1782,111,3,47576.8,142730.4
4408,1782,191,9,16054.19,144487.71
4409,1783,366,1,55080.25,55080.25
4410,1783,367,2,59287.68,118575.36
4411,1783,339,4,25471.92,101887.68
4412,1783,206,9,32119.7,289077.3
4413,1784,162,1,22386.22,22386.22
4414,1784,384,3,45550.34,136651.02
4415,1784,1,10,34752.78,347527.8
4416,1785,403,4,17152.36,68609.44
4417,1785,438,9,8254.57,74291.13
4418,1785,247,1,26196.83,26196.83
4419,1786,449,1,24451.89,24451.89
4420,1787,95,5,34902.07,174510.35
4421,1788,439,9,10571.9,95147.1
4422,1788,239,2,15448.92,30897.84
4423,1788,49,6,17118.51,102711.06
4424,1789,198,2,41559.12,83118.24
4425,1790,312,10,73842.67,738426.7
4426,1790,291,2,97576.77,195153.54
4427,1790,395,4,77236.92,308947.68
4428,1791,321,1,5887.74,5887.74
4429,1791,402,6,23978.6,143871.6
4430,1791,371,6,41514.28,249085.68
4431,1791,192,2,79778.66,159557.32
4432,1792,344,10,2473.62,24736.2
4433,1793,427,10,66059.66,660596.6
4434,1793,476,7,76322.28,534255.96
4435,1794,42,8,61640.73,493125.84
4436,1794,257,2,82738.16,165476.32
4437,1794,222,8,39980.12,319840.96
4438,1794,408,1,93119.45,93119.45
4439,1795,329,5,34638.1,173190.5
4440,1796,306,4,41536.38,166145.52
4441,1796,436,3,79527.83,238583.49
4442,1797,9,2,89600.56,179201.12
4443,1797,252,10,79564.3,795643.0
4444,1797,471,7,75407.6,527853.2
4445,1798,79,10,36073.98,360739.8
4446,1799,107,3,96335.54,289006.62
4447,1799,417,2,86832.35,173664.7
4448,1800,144,6,75482.6,452895.6
4449,1800,296,3,60833.16,182499.48
4450,1801,22,5,70952.86,354764.3
4451,1801,289,1,51823.46,51823.46
4452,1802,484,4,82247.61,328990.44
4453,1803,447,8,55233.09,441864.72
4454,1803,347,8,67482.69,539861.52
4455,1803,38,6,49014.29,294085.74
4456,1803,480,9,68631.43,617682.87
4457,1804,198,8,41559.12,332472.96
4458,1804,80,5,87908.32,439541.6
4459,1804,367,9,59287.68,533589.12
4460,1805,199,7,16514.96,115604.72
4461,1806,35,3,14167.84,42503.52
4462,1807,404,1,39882.93,39882.93
4463,1807,500,4,97989.39,391957.56
4464,1807,380,1,51902.7,51902.7
4465,1807,68,7,16457.17,115200.19
4466,1808,483,6,77083.29,462499.74
4467,1808,38,8,49014.29,392114.32
4468,1808,220,2,36898.95,73797.9
4469,1809,57,9,87716.14,789445.26
4470,1809,61,7,70335.89,492351.23
4471,1810,426,2,64269.94,128539.88
4472,1811,461,2,72496.26,144992.52
4473,1812,443,4,67612.01,270448.04
4474,1812,343,10,36350.5,363505.0
4475,1813,101,3,22659.3,67977.9
4476,1813,31,6,85195.78,511174.68
4477,1814,299,9,29778.06,268002.54
4478,1814,448,8,76536.34,612290.72
4479,1814,382,10,41583.94,415839.4
4480,1815,31,3,85195.78,255587.34
4481,1815,220,4,36898.95,147595.8
4482,1816,405,5,58317.16,291585.8
4483,1817,308,9,29085.31,261767.79
4484,1817,221,10,13821.19,138211.9
4485,1817,285,2,61589.58,123179.16
4486,1818,452,10,72768.17,727681.7
4487,1819,325,7,31907.3,223351.1
4488,1819,56,9,12754.62,114791.58
4489,1819,293,1,20430.88,20430.88
4490,1819,391,5,8482.2,42411.0
4491,1820,16,2,26484.12,52968.24
4492,1820,177,2,67198.35,134396.7
4493,1820,84,3,13684.9,41054.7
4494,1821,432,4,71925.6,287702.4
4495,1822,4,5,64914.3,324571.5
4496,1822,266,2,91053.49,182106.98
4497,1822,63,9,62468.38,562215.42
4498,1822,208,1,56772.42,56772.42
4499,1823,131,7,70151.42,491059.94
4500,1823,383,1,14094.09,14094.09
4501,1823,408,9,93119.45,838075.05
4502,1824,355,10,17148.15,171481.5
4503,1825,465,9,35119.06,316071.54
4504,1825,53,4,16905.91,67623.64
4505,1825,132,5,84385.91,421929.55
4506,1825,20,7,65712.36,459986.52
4507,1826,135,6,98142.88,588857.28
4508,1826,144,1,75482.6,75482.6
4509,1826,290,7,67565.43,472958.01
4510,1827,303,6,68318.67,409912.02
4511,1828,212,3,46553.41,139660.23
4512,1829,135,10,98142.88,981428.8
4513,1829,175,9,51632.52,464692.68
4514,1829,204,4,95178.22,380712.88
4515,1829,222,10,39980.12,399801.2
4516,1830,293,8,20430.88,163447.04
4517,1830,335,5,80103.73,400518.65
4518,1830,21,3,40757.59,122272.77
4519,1831,41,10,76566.13,765661.3
4520,1831,157,1,1061.69,1061.69
4521,1831,74,5,45946.75,229733.75
4522,1832,233,8,65540.69,524325.52
4523,1832,477,7,49042.18,343295.26
4524,1832,441,3,62719.84,188159.52
4525,1833,435,9,74476.01,670284.09
4526,1833,98,5,84960.13,424800.65
4527,1833,346,8,97947.63,783581.04
4528,1834,386,10,96986.76,969867.6
4529,1834,200,6,19835.46,119012.76
4530,1834,310,4,35677.02,142708.08
4531,1834,44,1,4253.67,4253.67
4532,1835,201,5,85213.08,426065.4
4533,1836,72,2,94969.88,189939.76
4534,1836,269,8,52492.79,419942.32
4535,1836,323,5,39674.83,198374.15
4536,1836,206,7,32119.7,224837.9
4537,1837,299,3,29778.06,89334.18
4538,1837,465,7,35119.06,245833.42
4539,1837,8,3,80606.01,241818.03
4540,1838,491,7,74131.29,518919.03
4541,1838,199,7,16514.96,115604.72
4542,1838,44,3,4253.67,12761.01
4543,1838,62,9,42376.71,381390.39
4544,1839,223,5,84874.19,424370.95
4545,1839,5,10,65332.94,653329.4
4546,1839,394,9,82911.08,746199.72
4547,1839,98,3,84960.13,254880.39
4548,1840,414,9,70809.28,637283.52
4549,1840,482,10,19453.73,194537.3
4550,1840,205,7,10454.48,73181.36
4551,1841,334,6,43505.77,261034.62
4552,1841,24,7,90699.39,634895.73
4553,1841,64,3,83149.95,249449.85
4554,1841,203,8,25443.42,203547.36
4555,1842,421,3,73498.95,220496.85
4556,1842,351,2,8371.64,16743.28
4557,1842,152,6,54888.21,329329.26
4558,1842,23,8,72791.71,582333.68
4559,1843,106,3,55135.33,165405.99
4560,1843,45,6,89254.64,535527.84
4561,1844,141,4,5779.97,23119.88
4562,1844,92,6,72515.47,435092.82
4563,1845,175,7,51632.52,361427.64
4564,1845,424,1,19392.01,19392.01
4565,1846,267,6,87738.25,526429.5
4566,1847,308,2,29085.31,58170.62
4567,1847,200,8,19835.46,158683.68
4568,1847,450,3,76687.97,230063.91
4569,1848,186,1,75718.08,75718.08
4570,1849,396,6,20318.4,121910.4
4571,1849,77,4,73984.75,295939.0
4572,1849,5,6,65332.94,391997.64
4573,1850,393,4,47279.6,189118.4
4574,1850,45,2,89254.64,178509.28
4575,1851,191,1,16054.19,16054.19
4576,1851,471,6,75407.6,452445.6
4577,1851,212,10,46553.41,465534.1
4578,1852,148,3,92685.24,278055.72
4579,1852,340,4,40140.99,160563.96
4580,1853,65,2,12214.59,24429.18
4581,1853,372,1,509.19,509.19
4582,1854,453,3,52002.13,156006.39
4583,1855,470,4,15743.15,62972.6
4584,1855,133,2,63442.04,126884.08
4585,1855,456,5,51371.51,256857.55
4586,1856,144,1,75482.6,75482.6
4587,1857,263,4,43181.15,172724.6
4588,1857,114,8,52437.52,419500.16
4589,1857,136,8,54477.9,435823.2
4590,1857,356,10,72913.36,729133.6
4591,1858,353,5,64642.11,323210.55
4592,1858,448,1,76536.34,76536.34
4593,1859,50,2,94872.11,189744.22
4594,1859,476,7,76322.28,534255.96
4595,1860,117,4,12514.21,50056.84
4596,1860,48,8,10719.47,85755.76
4597,1861,258,2,47848.98,95697.96
4598,1862,492,1,52564.96,52564.96
4599,1863,78,7,85273.87,596917.09
4600,1863,442,6,41810.87,250865.22
4601,1863,160,8,49309.82,394478.56
4602,1863,84,9,13684.9,123164.1
4603,1864,416,6,54590.24,327541.44
4604,1864,112,9,11845.32,106607.88
4605,1864,348,8,38416.56,307332.48
4606,1864,171,8,26030.76,208246.08
4607,1865,398,6,68303.51,409821.06
4608,1865,484,3,82247.61,246742.83
4609,1865,446,7,99844.14,698908.98
4610,1866,393,5,47279.6,236398.0
4611,1866,360,9,76617.14,689554.26
4612,1867,101,8,22659.3,181274.4
4613,1867,384,3,45550.34,136651.02
4614,1868,160,3,49309.82,147929.46
4615,1868,152,3,54888.21,164664.63
4616,1868,383,6,14094.09,84564.54
4617,1869,168,2,67059.38,134118.76
4618,1869,60,8,38335.25,306682.0
4619,1870,284,6,8463.95,50783.7
4620,1870,13,1,64910.54,64910.54
4621,1871,129,6,40088.06,240528.36
4622,1871,173,4,80380.27,321521.08
4623,1872,262,8,42358.06,338864.48
4624,1872,493,3,62492.68,187478.04
4625,1873,135,8,98142.88,785143.04
4626,1874,243,7,16544.0,115808.0
4627,1874,223,1,84874.19,84874.19
4628,1874,195,9,14566.7,131100.3
4629,1874,469,3,56708.83,170126.49
4630,1875,154,9,96266.29,866396.61
4631,1875,165,8,88397.98,707183.84
4632,1875,362,2,23320.92,46641.84
4633,1875,357,3,21451.86,64355.58
4634,1876,321,8,5887.74,47101.92
4635,1877,107,4,96335.54,385342.16
4636,1877,37,7,31980.15,223861.05
4637,1877,351,9,8371.64,75344.76
4638,1878,310,6,35677.02,214062.12
4639,1878,98,3,84960.13,254880.39
4640,1878,53,7,16905.91,118341.37
4641,1879,49,1,17118.51,17118.51
4642,1879,337,8,13879.93,111039.44
4643,1880,365,2,86491.99,172983.98
4644,1880,461,5,72496.26,362481.3
4645,1880,482,5,19453.73,97268.65
4646,1881,2,2,28864.4,57728.8
4647,1881,326,1,38253.09,38253.09
4648,1882,42,6,61640.73,369844.38
4649,1882,143,3,15069.62,45208.86
4650,1882,473,10,13652.81,136528.1
4651,1882,147,10,51336.77,513367.7
4652,1883,477,8,49042.18,392337.44
4653,1883,157,5,1061.69,5308.45
4654,1883,181,5,7788.18,38940.9
4655,1883,363,4,62834.83,251339.32
4656,1884,36,10,98725.56,987255.6
4657,1884,305,8,63549.35,508394.8
4658,1885,416,2,54590.24,109180.48
4659,1886,117,5,12514.21,62571.05
4660,1886,420,10,571.62,5716.2
4661,1886,125,8,17778.2,142225.6
4662,1887,319,10,49335.13,493351.3
4663,1887,222,8,39980.12,319840.96
4664,1888,48,1,10719.47,10719.47
4665,1889,383,4,14094.09,56376.36
4666,1890,116,10,11142.67,111426.7
4667,1890,151,10,91192.89,911928.9
4668,1890,155,8,38031.22,304249.76
4669,1891,379,6,22448.95,134693.7
4670,1891,365,9,86491.99,778427.91
4671,1891,278,7,74907.51,524352.57
4672,1892,376,9,23505.93,211553.37
4673,1893,429,8,19565.86,156526.88
4674,1894,28,3,65616.25,196848.75
4675,1894,486,2,68693.24,137386.48
4676,1894,364,6,3342.84,20057.04
4677,1894,477,10,49042.18,490421.8
4678,1895,256,5,2147.98,10739.9
4679,1895,311,4,18687.05,74748.2
4680,1896,224,3,75842.0,227526.0
4681,1896,471,8,75407.6,603260.8
4682,1896,113,5,34465.03,172325.15
4683,1896,264,10,35376.52,353765.2
4684,1897,488,4,86940.86,347763.44
4685,1898,61,3,70335.89,211007.67
4686,1898,83,3,65060.23,195180.69
4687,1899,446,6,99844.14,599064.84
4688,1899,309,5,55677.87,278389.35
4689,1900,476,8,76322.28,610578.24
4690,1901,149,8,96600.4,772803.2
4691,1902,352,5,32029.39,160146.95
4692,1902,61,9,70335.89,633023.01
4693,1903,409,9,35874.01,322866.09
4694,1903,203,8,25443.42,203547.36
4695,1904,236,8,79369.42,634955.36
4696,1904,242,5,67685.33,338426.65
4697,1904,371,1,41514.28,41514.28
4698,1905,10,7,25573.87,179017.09
4699,1905,114,6,52437.52,314625.12
4700,1905,207,7,66112.51,462787.57
4701,1905,198,1,41559.12,41559.12
4702,1906,345,8,20296.33,162370.64
4703,1907,493,9,62492.68,562434.12
4704,1907,368,3,52584.25,157752.75
4705,1907,72,2,94969.88,189939.76
4706,1907,83,3,65060.23,195180.69
4707,1908,62,4,42376.71,169506.84
4708,1908,298,9,50870.69,457836.21
4709,1909,443,8,67612.01,540896.08
4710,1909,491,9,74131.29,667181.61
4711,1909,276,5,48634.14,243170.7
4712,1909,85,8,10819.45,86555.6
4713,1910,219,4,54575.2,218300.8
4714,1910,134,10,71581.26,715812.6
4715,1911,102,1,81801.78,81801.78
4716,1911,436,5,79527.83,397639.15
4717,1912,330,7,21447.98,150135.86
4718,1912,301,10,69572.09,695720.9
4719,1912,430,3,65963.17,197889.51
4720,1913,461,7,72496.26,507473.82
4721,1914,338,5,72195.75,360978.75
4722,1914,495,9,25917.91,233261.19
4723,1914,204,6,95178.22,571069.32
4724,1914,17,4,15417.96,61671.84
4725,1915,94,4,43568.37,174273.48
4726,1916,335,4,80103.73,320414.92
4727,1916,469,6,56708.83,340252.98
4728,1916,136,9,54477.9,490301.1
4729,1917,297,2,57703.22,115406.44
4730,1917,450,2,76687.97,153375.94
4731,1917,288,9,19877.28,178895.52
4732,1918,441,6,62719.84,376319.04
4733,1918,409,2,35874.01,71748.02
4734,1918,222,3,39980.12,119940.36
4735,1919,93,7,52548.77,367841.39
4736,1919,61,4,70335.89,281343.56
4737,1919,15,8,98841.92,790735.36
4738,1920,243,1,16544.0,16544.0
4739,1921,287,4,44177.72,176710.88
4740,1921,364,7,3342.84,23399.88
4741,1921,372,5,509.19,2545.95
4742,1922,43,7,43188.03,302316.21
4743,1923,297,6,57703.22,346219.32
4744,1923,180,9,46192.91,415736.19
4745,1923,474,6,74658.85,447953.1
4746,1924,86,4,80325.35,321301.4
4747,1924,38,8,49014.29,392114.32
4748,1924,319,10,49335.13,493351.3
4749,1925,472,4,22597.52,90390.08
4750,1925,54,7,23227.62,162593.34
4751,1926,466,7,93059.49,651416.43
4752,1926,353,6,64642.11,387852.66
4753,1927,91,7,70604.53,494231.71
4754,1927,251,9,22326.7,200940.3
4755,1927,205,8,10454.48,83635.84
4756,1927,237,8,50432.78,403462.24
4757,1928,188,9,78795.74,709161.66
4758,1928,291,7,97576.77,683037.39
4759,1928,108,2,56452.09,112904.18
4760,1928,185,4,1086.94,4347.76
4761,1929,46,10,2282.65,22826.5
4762,1929,249,2,94751.76,189503.52
4763,1929,132,10,84385.91,843859.1
4764,1930,113,9,34465.03,310185.27
4765,1930,397,1,66767.78,66767.78
4766,1930,417,9,86832.35,781491.15
4767,1931,92,8,72515.47,580123.76
4768,1931,222,3,39980.12,119940.36
4769,1931,403,4,17152.36,68609.44
4770,1932,312,1,73842.67,73842.67
4771,1932,311,8,18687.05,149496.4
4772,1933,59,1,5299.39,5299.39
4773,1933,187,2,36091.16,72182.32
4774,1933,444,2,17097.53,34195.06
4775,1933,15,2,98841.92,197683.84
4776,1934,313,6,21074.47,126446.82
4777,1934,55,5,73540.62,367703.1
4778,1935,158,5,15793.49,78967.45
4779,1936,384,7,45550.34,318852.38
4780,1936,102,5,81801.78,409008.9
4781,1937,317,5,84877.05,424385.25
4782,1937,81,10,18695.51,186955.1
4783,1937,389,10,22110.21,221102.1
4784,1937,39,1,63632.65,63632.65
4785,1938,2,9,28864.4,259779.6
4786,1939,50,5,94872.11,474360.55
4787,1939,410,8,13019.83,104158.64
4788,1939,479,10,24610.35,246103.5
4789,1939,197,1,30816.77,30816.77
4790,1940,430,10,65963.17,659631.7
4791,1940,322,10,93995.61,939956.1
4792,1940,410,2,13019.83,26039.66
4793,1941,464,9,38463.84,346174.56
4794,1941,247,1,26196.83,26196.83
4795,1941,115,7,89739.27,628174.89
4796,1942,314,8,35924.72,287397.76
4797,1942,481,4,67338.88,269355.52
4798,1942,294,7,55184.47,386291.29
4799,1942,196,8,59867.16,478937.28
4800,1943,19,7,66222.77,463559.39
4801,1943,300,2,87673.25,175346.5
4802,1944,411,3,78961.9,236885.7
4803,1945,235,7,40881.3,286169.1
4804,1945,93,5,52548.77,262743.85
4805,1946,346,1,97947.63,97947.63
4806,1946,89,6,92079.6,552477.6
4807,1947,291,5,97576.77,487883.85
4808,1947,290,6,67565.43,405392.58
4809,1947,225,10,18324.95,183249.5
4810,1947,82,8,27547.39,220379.12
4811,1948,341,6,21939.0,131634.0
4812,1949,469,10,56708.83,567088.3
4813,1949,350,4,63311.7,253246.8
4814,1949,228,3,4759.44,14278.32
4815,1950,240,6,71871.62,431229.72
4816,1950,4,5,64914.3,324571.5
4817,1950,61,10,70335.89,703358.9
4818,1950,60,2,38335.25,76670.5
4819,1951,347,3,67482.69,202448.07
4820,1951,256,7,2147.98,15035.86
4821,1951,106,1,55135.33,55135.33
4822,1951,321,10,5887.74,58877.4
4823,1952,261,9,54158.96,487430.64
4824,1952,175,9,51632.52,464692.68
4825,1952,209,7,17279.63,120957.41
4826,1952,283,2,9270.0,18540.0
4827,1953,476,9,76322.28,686900.52
4828,1954,345,4,20296.33,81185.32
4829,1954,310,6,35677.02,214062.12
4830,1954,243,9,16544.0,148896.0
4831,1955,496,10,79024.26,790242.6
4832,1955,246,5,89134.37,445671.85
4833,1955,442,4,41810.87,167243.48
4834,1955,425,4,15836.09,63344.36
4835,1956,141,1,5779.97,5779.97
4836,1956,140,3,52511.63,157534.89
4837,1956,453,7,52002.13,364014.91
4838,1956,255,4,23366.47,93465.88
4839,1957,251,8,22326.7,178613.6
4840,1957,203,7,25443.42,178103.94
4841,1958,305,5,63549.35,317746.75
4842,1958,202,6,64645.11,387870.66
4843,1958,414,9,70809.28,637283.52
4844,1959,336,10,80664.0,806640.0
4845,1959,380,5,51902.7,259513.5
4846,1959,199,10,16514.96,165149.6
4847,1959,198,5,41559.12,207795.6
4848,1960,382,4,41583.94,166335.76
4849,1960,41,5,76566.13,382830.65
4850,1960,179,8,64832.84,518662.72
4851,1960,182,5,7508.99,37544.95
4852,1961,332,3,57355.27,172065.81
4853,1961,19,5,66222.77,331113.85
4854,1961,368,1,52584.25,52584.25
4855,1962,124,3,92474.9,277424.7
4856,1962,227,10,23559.12,235591.2
4857,1962,254,1,92274.02,92274.02
4858,1963,348,9,38416.56,345749.04
4859,1963,426,10,64269.94,642699.4
4860,1963,383,7,14094.09,98658.63
4861,1964,450,10,76687.97,766879.7
4862,1964,117,5,12514.21,62571.05
4863,1964,329,6,34638.1,207828.6
4864,1965,122,8,931.59,7452.72
4865,1966,144,1,75482.6,75482.6
4866,1966,284,8,8463.95,67711.6
4867,1966,444,9,17097.53,153877.77
4868,1967,192,4,79778.66,319114.64
4869,1968,102,9,81801.78,736216.02
4870,1968,374,6,94722.27,568333.62
4871,1969,298,10,50870.69,508706.9
4872,1969,97,2,1658.66,3317.32
4873,1969,96,4,83983.79,335935.16
4874,1969,370,7,80568.42,563978.94
4875,1970,156,1,26791.84,26791.84
4876,1970,500,5,97989.39,489946.95
4877,1970,380,1,51902.7,51902.7
4878,1970,269,8,52492.79,419942.32
4879,1971,235,1,40881.3,40881.3
4880,1971,108,5,56452.09,282260.45
4881,1972,181,1,7788.18,7788.18
4882,1973,112,5,11845.32,59226.6
4883,1973,91,1,70604.53,70604.53
4884,1973,416,6,54590.24,327541.44
4885,1973,362,2,23320.92,46641.84
4886,1974,411,3,78961.9,236885.7
4887,1975,185,9,1086.94,9782.46
4888,1975,265,8,42836.19,342689.52
4889,1975,118,10,45976.08,459760.8
4890,1975,446,7,99844.14,698908.98
4891,1976,104,5,44983.28,224916.4
4892,1976,457,7,9881.57,69170.99
4893,1977,144,7,75482.6,528378.2
4894,1977,332,7,57355.27,401486.89
4895,1977,219,1,54575.2,54575.2
4896,1977,137,4,76197.11,304788.44
4897,1978,436,3,79527.83,238583.49
4898,1978,439,8,10571.9,84575.2
4899,1979,421,10,73498.95,734989.5
4900,1979,402,10,23978.6,239786.0
4901,1980,136,3,54477.9,163433.7
4902,1980,58,1,5334.4,5334.4
4903,1980,172,10,91177.92,911779.2
4904,1980,305,5,63549.35,317746.75
4905,1981,28,2,65616.25,131232.5
4906,1982,92,8,72515.47,580123.76
4907,1983,23,2,72791.71,145583.42
4908,1983,248,10,60136.07,601360.7
4909,1983,412,6,73452.29,440713.74
4910,1983,274,2,75619.7,151239.4
4911,1984,154,8,96266.29,770130.32
4912,1984,266,8,91053.49,728427.92
4913,1984,135,10,98142.88,981428.8
4914,1984,304,8,48456.03,387648.24
4915,1985,266,4,91053.49,364213.96
4916,1985,101,1,22659.3,22659.3
4917,1986,45,6,89254.64,535527.84
4918,1986,135,8,98142.88,785143.04
4919,1986,129,6,40088.06,240528.36
4920,1986,111,5,47576.8,237884.0
4921,1987,271,6,36545.84,219275.04
4922,1987,303,1,68318.67,68318.67
4923,1987,108,6,56452.09,338712.54
4924,1987,438,3,8254.57,24763.71
4925,1988,17,1,15417.96,15417.96
4926,1988,96,7,83983.79,587886.53
4927,1988,390,9,99797.36,898176.24
4928,1988,240,8,71871.62,574972.96
4929,1989,222,1,39980.12,39980.12
4930,1989,388,8,23664.64,189317.12
4931,1989,241,2,81211.68,162423.36
4932,1990,483,3,77083.29,231249.87
4933,1991,123,7,93563.17,654942.19
4934,1991,453,2,52002.13,104004.26
4935,1992,292,3,35636.2,106908.6
4936,1992,57,4,87716.14,350864.56
4937,1993,237,10,50432.78,504327.8
4938,1993,130,9,80577.28,725195.52
4939,1993,187,5,36091.16,180455.8
4940,1993,307,2,1467.46,2934.92
4941,1994,466,4,93059.49,372237.96
4942,1994,468,8,30825.95,246607.6
4943,1995,479,6,24610.35,147662.1
4944,1995,257,9,82738.16,744643.44
4945,1995,229,1,39115.26,39115.26
4946,1995,5,8,65332.94,522663.52
4947,1996,389,1,22110.21,22110.21
4948,1997,433,1,92876.17,92876.17
4949,1997,329,7,34638.1,242466.7
4950,1997,187,5,36091.16,180455.8
4951,1997,61,1,70335.89,70335.89
4952,1998,19,4,66222.77,264891.08
4953,1998,495,9,25917.91,233261.19
4954,1998,233,5,65540.69,327703.45
4955,1998,271,8,36545.84,292366.72
4956,1999,263,1,43181.15,43181.15
4957,1999,497,4,46763.6,187054.4
4958,1999,101,5,22659.3,113296.5
4959,2000,237,6,50432.78,302596.68
4960,2000,110,5,33531.28,167656.4
4961,2000,222,1,39980.12,39980.12
4962,2001,450,3,76687.97,230063.91
4963,2001,135,8,98142.88,785143.04
4964,2001,318,3,49487.87,148463.61
4965,2002,315,1,92058.72,92058.72
4966,2003,61,8,70335.89,562687.12
4967,2003,444,9,17097.53,153877.77
4968,2004,406,7,15921.7,111451.9
4969,2004,340,5,40140.99,200704.95
4970,2005,379,2,22448.95,44897.9
4971,2005,486,7,68693.24,480852.68
4972,2006,382,10,41583.94,415839.4
4973,2006,266,9,91053.49,819481.41
4974,2006,167,5,47748.29,238741.45
4975,2006,383,5,14094.09,70470.45
4976,2007,456,9,51371.51,462343.59
4977,2007,22,10,70952.86,709528.6
4978,2007,283,6,9270.0,55620.0
4979,2008,13,3,64910.54,194731.62
4980,2008,103,1,80225.5,80225.5
4981,2009,321,1,5887.74,5887.74
4982,2009,455,6,2659.29,15955.74
4983,2009,191,3,16054.19,48162.57
4984,2009,224,7,75842.0,530894.0
4985,2010,64,6,83149.95,498899.7
4986,2011,106,1,55135.33,55135.33
4987,2011,427,3,66059.66,198178.98
4988,2012,196,10,59867.16,598671.6
4989,2012,101,3,22659.3,67977.9
4990,2012,113,4,34465.03,137860.12
4991,2012,11,6,82518.93,495113.58
4992,2013,181,4,7788.18,31152.72
4993,2013,136,1,54477.9,54477.9
4994,2013,497,8,46763.6,374108.8
4995,2013,2,10,28864.4,288644.0
4996,2014,412,6,73452.29,440713.74
4997,2015,413,1,72577.72,72577.72
4998,2015,407,3,16191.0,48573.0
4999,2015,431,8,25965.88,207727.04
5000,2016,474,1,74658.85,74658.85
5001,2016,84,2,13684.9,27369.8
5002,2017,444,10,17097.53,170975.3
5003,2017,500,6,97989.39,587936.34
5004,2018,48,6,10719.47,64316.82
5005,2018,286,1,6217.57,6217.57
5006,2019,150,3,20707.18,62121.54
5007,2020,41,9,76566.13,689095.17
5008,2020,341,3,21939.0,65817.0
5009,2021,389,7,22110.21,154771.47
5010,2022,414,1,70809.28,70809.28
5011,2022,466,5,93059.49,465297.45
5012,2023,401,1,36362.45,36362.45
5013,2024,466,1,93059.49,93059.49
5014,2024,496,6,79024.26,474145.56
5015,2025,272,8,25736.46,205891.68
5016,2025,148,4,92685.24,370740.96
5017,2025,363,9,62834.83,565513.47
5018,2026,228,8,4759.44,38075.52
5019,2026,388,10,23664.64,236646.4
5020,2026,423,8,32409.06,259272.48
5021,2027,301,9,69572.09,626148.81
5022,2027,416,3,54590.24,163770.72
5023,2028,426,6,64269.94,385619.64
5024,2028,367,4,59287.68,237150.72
5025,2028,169,9,91901.43,827112.87
5026,2029,192,2,79778.66,159557.32
5027,2030,249,4,94751.76,379007.04
5028,2030,75,9,5482.98,49346.82
5029,2031,224,5,75842.0,379210.0
5030,2031,478,3,56336.18,169008.54
5031,2032,445,9,50716.93,456452.37
5032,2032,490,6,45281.13,271686.78
5033,2032,51,3,52649.71,157949.13
5034,2033,187,7,36091.16,252638.12
5035,2033,332,9,57355.27,516197.43
5036,2033,240,9,71871.62,646844.58
5037,2034,173,6,80380.27,482281.62
5038,2035,125,1,17778.2,17778.2
5039,2036,295,7,35135.48,245948.36
5040,2037,433,9,92876.17,835885.53
5041,2037,156,8,26791.84,214334.72
5042,2037,135,7,98142.88,687000.16
5043,2038,346,6,97947.63,587685.78
5044,2039,423,5,32409.06,162045.3
5045,2040,300,6,87673.25,526039.5
5046,2040,379,1,22448.95,22448.95
5047,2040,59,9,5299.39,47694.51
5048,2041,336,5,80664.0,403320.0
5049,2041,131,7,70151.42,491059.94
5050,2042,22,6,70952.86,425717.16
5051,2042,122,1,931.59,931.59
5052,2042,470,8,15743.15,125945.2
5053,2043,305,6,63549.35,381296.1
5054,2043,477,10,49042.18,490421.8
5055,2043,185,4,1086.94,4347.76
5056,2043,178,6,83648.68,501892.08
5057,2044,261,1,54158.96,54158.96
5058,2044,262,9,42358.06,381222.54
5059,2044,40,3,21333.55,64000.65
5060,2045,229,6,39115.26,234691.56
5061,2045,225,5,18324.95,91624.75
5062,2046,394,8,82911.08,663288.64
5063,2046,429,8,19565.86,156526.88
5064,2046,232,5,58073.83,290369.15
5065,2046,322,6,93995.61,563973.66
5066,2047,190,2,39813.77,79627.54
5067,2047,146,3,74370.07,223110.21
5068,2048,264,3,35376.52,106129.56
5069,2048,230,5,4470.52,22352.6
5070,2049,248,8,60136.07,481088.56
5071,2049,306,10,41536.38,415363.8
5072,2050,9,8,89600.56,716804.48
5073,2051,364,5,3342.84,16714.2
5074,2052,458,5,14271.62,71358.1
5075,2052,187,9,36091.16,324820.44
5076,2052,308,5,29085.31,145426.55
5077,2053,237,2,50432.78,100865.56
5078,2053,459,7,23682.92,165780.44
5079,2053,136,7,54477.9,381345.3
5080,2053,473,3,13652.81,40958.43
5081,2054,348,6,38416.56,230499.36
5082,2054,289,7,51823.46,362764.22
5083,2055,61,10,70335.89,703358.9
5084,2055,79,4,36073.98,144295.92
5085,2055,169,6,91901.43,551408.58
5086,2055,187,1,36091.16,36091.16
5087,2056,398,7,68303.51,478124.57
5088,2056,231,8,70521.76,564174.08
5089,2057,320,1,40089.01,40089.01
5090,2057,376,7,23505.93,164541.51
5091,2057,406,5,15921.7,79608.5
5092,2058,401,3,36362.45,109087.35
5093,2059,252,8,79564.3,636514.4
5094,2059,76,7,85298.74,597091.18
5095,2060,102,5,81801.78,409008.9
5096,2060,413,6,72577.72,435466.32
5097,2060,33,2,88997.89,177995.78
5098,2061,142,8,75143.41,601147.28
5099,2061,53,1,16905.91,16905.91
5100,2062,174,5,29995.18,149975.9
5101,2063,173,5,80380.27,401901.35
5102,2063,285,6,61589.58,369537.48
5103,2063,124,6,92474.9,554849.4
5104,2064,455,7,2659.29,18615.03
5105,2064,426,3,64269.94,192809.82
5106,2064,187,2,36091.16,72182.32
5107,2065,286,4,6217.57,24870.28
5108,2065,490,4,45281.13,181124.52
5109,2065,497,6,46763.6,280581.6
5110,2065,340,8,40140.99,321127.92
5111,2066,213,10,55391.35,553913.5
5112,2066,261,6,54158.96,324953.76
5113,2066,28,1,65616.25,65616.25
5114,2066,287,5,44177.72,220888.6
5115,2067,16,9,26484.12,238357.08
5116,2068,389,4,22110.21,88440.84
5117,2068,368,2,52584.25,105168.5
5118,2068,27,8,72656.07,581248.56
5119,2068,151,2,91192.89,182385.78
5120,2069,467,8,92900.99,743207.92
5121,2069,169,9,91901.43,827112.87
5122,2069,349,6,86891.64,521349.84
5123,2070,48,10,10719.47,107194.7
5124,2070,321,8,5887.74,47101.92
5125,2071,115,9,89739.27,807653.43
5126,2071,201,7,85213.08,596491.56
5127,2072,399,10,63101.84,631018.4
5128,2073,446,7,99844.14,698908.98
5129,2073,36,1,98725.56,98725.56
5130,2074,331,2,85505.45,171010.9
5131,2074,348,1,38416.56,38416.56
5132,2074,13,6,64910.54,389463.24
5133,2075,405,4,58317.16,233268.64
5134,2075,391,10,8482.2,84822.0
5135,2075,283,2,9270.0,18540.0
5136,2076,56,6,12754.62,76527.72
5137,2077,89,3,92079.6,276238.8
5138,2077,23,7,72791.71,509541.97
5139,2078,25,4,30369.39,121477.56
5140,2078,17,4,15417.96,61671.84
5141,2078,313,4,21074.47,84297.88
5142,2079,125,3,17778.2,53334.6
5143,2079,256,1,2147.98,2147.98
5144,2079,301,4,69572.09,278288.36
5145,2079,22,9,70952.86,638575.74
5146,2080,266,2,91053.49,182106.98
5147,2080,87,9,61326.65,551939.85
5148,2080,484,9,82247.61,740228.49
5149,2080,336,10,80664.0,806640.0
5150,2081,271,5,36545.84,182729.2
5151,2081,153,8,29770.68,238165.44
5152,2082,386,7,96986.76,678907.32
5153,2083,222,5,39980.12,199900.6
5154,2083,207,3,66112.51,198337.53
5155,2083,128,1,91633.07,91633.07
5156,2083,383,9,14094.09,126846.81
5157,2084,154,2,96266.29,192532.58
5158,2084,263,3,43181.15,129543.45
5159,2085,96,7,83983.79,587886.53
5160,2085,381,7,28825.35,201777.45
5161,2085,393,5,47279.6,236398.0
5162,2086,143,7,15069.62,105487.34
5163,2086,77,5,73984.75,369923.75
5164,2086,373,5,29032.84,145164.2
5165,2086,418,1,7353.22,7353.22
5166,2087,238,4,23384.08,93536.32
5167,2087,332,3,57355.27,172065.81
5168,2087,287,8,44177.72,353421.76
5169,2088,209,6,17279.63,103677.78
5170,2088,123,9,93563.17,842068.53
5171,2088,227,2,23559.12,47118.24
5172,2088,305,9,63549.35,571944.15
5173,2089,228,5,4759.44,23797.2
5174,2089,423,10,32409.06,324090.6
5175,2089,438,10,8254.57,82545.7
5176,2089,155,3,38031.22,114093.66
5177,2090,199,2,16514.96,33029.92
5178,2090,270,5,65627.34,328136.7
5179,2090,229,5,39115.26,195576.3
5180,2091,418,10,7353.22,73532.2
5181,2091,313,10,21074.47,210744.7
5182,2091,112,6,11845.32,71071.92
5183,2091,407,4,16191.0,64764.0
5184,2092,415,6,69855.26,419131.56
5185,2093,414,5,70809.28,354046.4
5186,2093,224,3,75842.0,227526.0
5187,2093,207,4,66112.51,264450.04
5188,2094,6,7,47672.67,333708.69
5189,2094,483,10,77083.29,770832.9
5190,2094,79,1,36073.98,36073.98
5191,2095,138,7,57278.5,400949.5
5192,2095,393,7,47279.6,330957.2
5193,2095,490,7,45281.13,316967.91
5194,2095,302,9,77111.74,694005.66
5195,2096,491,2,74131.29,148262.58
5196,2097,430,10,65963.17,659631.7
5197,2097,72,3,94969.88,284909.64
5198,2098,341,3,21939.0,65817.0
5199,2098,396,5,20318.4,101592.0
5200,2099,287,1,44177.72,44177.72
5201,2099,252,4,79564.3,318257.2
5202,2099,71,8,83605.6,668844.8
5203,2099,96,4,83983.79,335935.16
5204,2100,249,9,94751.76,852765.84
5205,2100,362,5,23320.92,116604.6
5206,2101,199,2,16514.96,33029.92
5207,2102,264,8,35376.52,283012.16
5208,2102,212,5,46553.41,232767.05
5209,2103,254,1,92274.02,92274.02
5210,2103,257,5,82738.16,413690.8
5211,2103,126,6,39046.86,234281.16
5212,2104,300,6,87673.25,526039.5
5213,2104,198,8,41559.12,332472.96
5214,2104,352,7,32029.39,224205.73
5215,2105,423,9,32409.06,291681.54
5216,2105,411,7,78961.9,552733.3
5217,2105,236,9,79369.42,714324.78
5218,2106,28,6,65616.25,393697.5
5219,2107,35,3,14167.84,42503.52
5220,2107,436,7,79527.83,556694.81
5221,2107,377,8,19262.81,154102.48
5222,2108,134,10,71581.26,715812.6
5223,2108,328,5,26653.48,133267.4
5224,2108,131,4,70151.42,280605.68
5225,2108,482,7,19453.73,136176.11
5226,2109,85,1,10819.45,10819.45
5227,2109,240,6,71871.62,431229.72
5228,2110,55,6,73540.62,441243.72
5229,2110,131,4,70151.42,280605.68
5230,2110,493,5,62492.68,312463.4
5231,2110,223,5,84874.19,424370.95
5232,2111,22,5,70952.86,354764.3
5233,2111,32,3,58241.15,174723.45
5234,2112,351,9,8371.64,75344.76
5235,2113,227,2,23559.12,47118.24
5236,2113,129,6,40088.06,240528.36
5237,2113,234,3,51907.96,155723.88
5238,2113,367,1,59287.68,59287.68
5239,2114,167,10,47748.29,477482.9
5240,2114,43,2,43188.03,86376.06
5241,2115,344,1,2473.62,2473.62
5242,2115,484,6,82247.61,493485.66
5243,2115,337,7,13879.93,97159.51
5244,2116,322,4,93995.61,375982.44
5245,2116,52,6,99615.82,597694.92
5246,2116,121,9,66016.44,594147.96
5247,2117,26,5,29731.51,148657.55
5248,2117,279,4,21838.59,87354.36
5249,2117,45,3,89254.64,267763.92
5250,2118,364,9,3342.84,30085.56
5251,2118,289,8,51823.46,414587.68
5252,2119,211,8,84090.95,672727.6
5253,2119,364,10,3342.84,33428.4
5254,2119,105,1,10713.01,10713.01
5255,2119,96,5,83983.79,419918.95
5256,2120,107,9,96335.54,867019.86
5257,2120,105,2,10713.01,21426.02
5258,2121,206,1,32119.7,32119.7
5259,2122,378,8,39777.83,318222.64
5260,2123,20,6,65712.36,394274.16
5261,2124,65,2,12214.59,24429.18
5262,2124,309,9,55677.87,501100.83
5263,2125,179,5,64832.84,324164.2
5264,2125,236,10,79369.42,793694.2
5265,2125,461,7,72496.26,507473.82
5266,2126,317,6,84877.05,509262.3
5267,2126,307,3,1467.46,4402.38
5268,2126,11,8,82518.93,660151.44
5269,2127,361,3,62001.17,186003.51
5270,2128,316,2,1159.06,2318.12
5271,2128,318,2,49487.87,98975.74
5272,2128,220,5,36898.95,184494.75
5273,2129,163,9,78732.69,708594.21
5274,2129,463,4,59725.5,238902.0
5275,2130,160,1,49309.82,49309.82
5276,2131,246,6,89134.37,534806.22
5277,2131,375,2,76703.99,153407.98
5278,2131,460,4,57263.47,229053.88
5279,2131,380,1,51902.7,51902.7
5280,2132,40,3,21333.55,64000.65
5281,2132,6,3,47672.67,143018.01
5282,2132,305,2,63549.35,127098.7
5283,2132,385,7,19185.05,134295.35
5284,2133,148,4,92685.24,370740.96
5285,2133,174,8,29995.18,239961.44
5286,2133,412,2,73452.29,146904.58
5287,2133,480,5,68631.43,343157.15
5288,2134,123,1,93563.17,93563.17
5289,2134,495,5,25917.91,129589.55
5290,2134,428,4,87412.53,349650.12
5291,2134,80,2,87908.32,175816.64
5292,2135,228,4,4759.44,19037.76
5293,2135,145,2,10696.76,21393.52
5294,2136,212,7,46553.41,325873.87
5295,2136,218,6,21669.69,130018.14
5296,2137,439,4,10571.9,42287.6
5297,2137,23,7,72791.71,509541.97
5298,2137,90,2,5074.25,10148.5
5299,2137,114,7,52437.52,367062.64
5300,2138,174,7,29995.18,209966.26
5301,2138,262,3,42358.06,127074.18
5302,2138,12,5,1231.08,6155.4
5303,2139,167,7,47748.29,334238.03
5304,2139,170,8,38446.57,307572.56
5305,2139,174,3,29995.18,89985.54
5306,2139,77,1,73984.75,73984.75
5307,2140,208,8,56772.42,454179.36
5308,2140,323,1,39674.83,39674.83
5309,2141,233,6,65540.69,393244.14
5310,2141,371,2,41514.28,83028.56
5311,2142,4,6,64914.3,389485.8
5312,2143,282,10,82413.92,824139.2
5313,2143,250,1,99281.19,99281.19
5314,2143,22,6,70952.86,425717.16
5315,2143,219,8,54575.2,436601.6
5316,2144,396,2,20318.4,40636.8
5317,2145,43,9,43188.03,388692.27
5318,2145,358,2,6847.34,13694.68
5319,2146,233,4,65540.69,262162.76
5320,2146,446,3,99844.14,299532.42
5321,2146,353,4,64642.11,258568.44
5322,2146,307,6,1467.46,8804.76
5323,2147,295,4,35135.48,140541.92
5324,2147,412,4,73452.29,293809.16
5325,2148,323,6,39674.83,238048.98
5326,2149,272,10,25736.46,257364.6
5327,2149,145,6,10696.76,64180.56
5328,2149,376,2,23505.93,47011.86
5329,2150,170,8,38446.57,307572.56
5330,2150,243,10,16544.0,165440.0
5331,2150,419,5,82032.15,410160.75
5332,2150,29,4,74548.89,298195.56
5333,2151,441,9,62719.84,564478.56
5334,2151,56,4,12754.62,51018.48
5335,2152,76,5,85298.74,426493.7
5336,2153,203,5,25443.42,127217.1
5337,2153,350,7,63311.7,443181.9
5338,2154,322,6,93995.61,563973.66
5339,2154,476,2,76322.28,152644.56
5340,2154,351,10,8371.64,83716.4
5341,2155,74,1,45946.75,45946.75
5342,2156,36,2,98725.56,197451.12
5343,2156,439,6,10571.9,63431.4
5344,2156,397,5,66767.78,333838.9
5345,2157,399,6,63101.84,378611.04
5346,2158,26,10,29731.51,297315.1
5347,2159,98,7,84960.13,594720.91
5348,2159,146,6,74370.07,446220.42
5349,2160,115,4,89739.27,358957.08
5350,2160,214,4,84258.4,337033.6
5351,2161,162,8,22386.22,179089.76
5352,2162,359,8,5855.63,46845.04
5353,2162,155,1,38031.22,38031.22
5354,2162,100,1,33424.04,33424.04
5355,2163,62,5,42376.71,211883.55
5356,2163,208,4,56772.42,227089.68
5357,2163,395,8,77236.92,617895.36
5358,2164,17,2,15417.96,30835.92
5359,2164,328,8,26653.48,213227.84
5360,2164,332,1,57355.27,57355.27
5361,2164,76,5,85298.74,426493.7
5362,2165,32,6,58241.15,349446.9
5363,2165,57,10,87716.14,877161.4
5364,2165,420,3,571.62,1714.86
5365,2165,95,9,34902.07,314118.63
5366,2166,442,10,41810.87,418108.7
5367,2166,109,8,36652.58,293220.64
5368,2167,230,9,4470.52,40234.68
5369,2168,195,8,14566.7,116533.6
5370,2168,271,7,36545.84,255820.88
5371,2168,56,10,12754.62,127546.2
5372,2169,192,2,79778.66,159557.32
5373,2169,19,8,66222.77,529782.16
5374,2169,182,4,7508.99,30035.96
5375,2169,310,10,35677.02,356770.2
5376,2170,16,2,26484.12,52968.24
5377,2170,391,1,8482.2,8482.2
5378,2171,370,10,80568.42,805684.2
5379,2171,186,2,75718.08,151436.16
5380,2171,457,7,9881.57,69170.99
5381,2172,127,2,50658.96,101317.92
5382,2172,368,8,52584.25,420674.0
5383,2173,456,5,51371.51,256857.55
5384,2173,193,8,96033.36,768266.88
5385,2174,266,10,91053.49,910534.9
5386,2175,371,7,41514.28,290599.96
5387,2175,154,6,96266.29,577597.74
5388,2175,23,5,72791.71,363958.55
5389,2176,424,6,19392.01,116352.06
5390,2176,77,10,73984.75,739847.5
5391,2176,379,4,22448.95,89795.8
5392,2177,240,8,71871.62,574972.96
5393,2177,11,7,82518.93,577632.51
5394,2177,340,6,40140.99,240845.94
5395,2178,296,5,60833.16,304165.8
5396,2179,93,9,52548.77,472938.93
5397,2179,446,6,99844.14,599064.84
5398,2179,7,7,80186.05,561302.35
5399,2179,241,3,81211.68,243635.04
5400,2180,231,10,70521.76,705217.6
5401,2180,57,3,87716.14,263148.42
5402,2181,14,7,68599.11,480193.77
5403,2181,390,2,99797.36,199594.72
5404,2181,66,2,20265.34,40530.68
5405,2181,478,9,56336.18,507025.62
5406,2182,263,2,43181.15,86362.3
5407,2182,441,1,62719.84,62719.84
5408,2182,443,10,67612.01,676120.1
5409,2182,11,4,82518.93,330075.72
5410,2183,430,2,65963.17,131926.34
5411,2183,2,10,28864.4,288644.0
5412,2183,301,5,69572.09,347860.45
5413,2183,333,10,72221.14,722211.4
5414,2184,418,9,7353.22,66178.98
5415,2185,335,8,80103.73,640829.84
5416,2186,26,4,29731.51,118926.04
5417,2187,256,7,2147.98,15035.86
5418,2187,354,3,74915.6,224746.8
5419,2188,177,9,67198.35,604785.15
5420,2189,239,8,15448.92,123591.36
5421,2189,422,1,85754.51,85754.51
5422,2189,252,2,79564.3,159128.6
5423,2189,436,5,79527.83,397639.15
5424,2190,69,3,68976.29,206928.87
5425,2190,358,2,6847.34,13694.68
5426,2190,198,2,41559.12,83118.24
5427,2190,260,10,9772.4,97724.0
5428,2191,219,10,54575.2,545752.0
5429,2191,332,7,57355.27,401486.89
5430,2191,336,5,80664.0,403320.0
5431,2192,15,4,98841.92,395367.68
5432,2192,494,6,58508.99,351053.94
5433,2192,252,10,79564.3,795643.0
5434,2192,231,6,70521.76,423130.56
5435,2193,357,2,21451.86,42903.72
5436,2193,409,10,35874.01,358740.1
5437,2193,289,3,51823.46,155470.38
5438,2193,352,3,32029.39,96088.17
5439,2194,182,2,7508.99,15017.98
5440,2195,189,4,28510.99,114043.96
5441,2195,206,10,32119.7,321197.0
5442,2196,409,10,35874.01,358740.1
5443,2196,145,3,10696.76,32090.28
5444,2196,375,6,76703.99,460223.94
5445,2196,272,1,25736.46,25736.46
5446,2197,254,6,92274.02,553644.12
5447,2198,218,8,21669.69,173357.52
5448,2199,451,9,96184.35,865659.15
5449,2199,415,7,69855.26,488986.82
5450,2199,370,8,80568.42,644547.36
5451,2200,186,2,75718.08,151436.16
5452,2200,278,9,74907.51,674167.59
5453,2201,375,8,76703.99,613631.92
5454,2201,58,8,5334.4,42675.2
5455,2202,261,5,54158.96,270794.8
5456,2202,231,8,70521.76,564174.08
5457,2202,484,8,82247.61,657980.88
5458,2203,192,10,79778.66,797786.6
5459,2203,443,10,67612.01,676120.1
5460,2204,336,4,80664.0,322656.0
5461,2204,282,9,82413.92,741725.28
5462,2204,158,4,15793.49,63173.96
5463,2205,198,10,41559.12,415591.2
5464,2205,310,8,35677.02,285416.16
5465,2205,297,2,57703.22,115406.44
5466,2206,180,1,46192.91,46192.91
5467,2206,75,2,5482.98,10965.96
5468,2207,32,7,58241.15,407688.05
5469,2207,357,5,21451.86,107259.3
5470,2208,328,7,26653.48,186574.36
5471,2208,296,8,60833.16,486665.28
5472,2208,64,2,83149.95,166299.9
5473,2208,77,10,73984.75,739847.5
5474,2209,292,7,35636.2,249453.4
5475,2210,108,4,56452.09,225808.36
5476,2210,190,1,39813.77,39813.77
5477,2211,322,4,93995.61,375982.44
5478,2211,40,9,21333.55,192001.95
5479,2212,286,7,6217.57,43522.99
5480,2212,111,9,47576.8,428191.2
5481,2212,21,3,40757.59,122272.77
5482,2212,165,9,88397.98,795581.82
5483,2213,192,6,79778.66,478671.96
5484,2213,119,3,11222.69,33668.07
5485,2213,121,7,66016.44,462115.08
5486,2213,169,3,91901.43,275704.29
5487,2214,70,10,772.43,7724.3
5488,2215,398,8,68303.51,546428.08
5489,2215,282,5,82413.92,412069.6
5490,2215,490,8,45281.13,362249.04
5491,2216,59,3,5299.39,15898.17
5492,2217,207,10,66112.51,661125.1
5493,2217,303,4,68318.67,273274.68
5494,2218,382,8,41583.94,332671.52
5495,2218,189,4,28510.99,114043.96
5496,2218,63,10,62468.38,624683.8
5497,2219,410,3,13019.83,39059.49
5498,2219,66,10,20265.34,202653.4
5499,2220,43,8,43188.03,345504.24
5500,2220,226,9,93947.94,845531.46
5501,2221,172,4,91177.92,364711.68
5502,2221,464,10,38463.84,384638.4
5503,2221,478,5,56336.18,281680.9
5504,2221,5,8,65332.94,522663.52
5505,2222,429,1,19565.86,19565.86
5506,2222,389,6,22110.21,132661.26
5507,2222,330,6,21447.98,128687.88
5508,2223,355,8,17148.15,137185.2
5509,2223,339,10,25471.92,254719.2
5510,2223,254,2,92274.02,184548.04
5511,2223,372,8,509.19,4073.52
5512,2224,105,3,10713.01,32139.03
5513,2224,38,5,49014.29,245071.45
5514,2224,469,4,56708.83,226835.32
5515,2225,329,6,34638.1,207828.6
5516,2225,164,4,53935.08,215740.32
5517,2225,106,9,55135.33,496217.97
5518,2226,36,6,98725.56,592353.36
5519,2227,181,3,7788.18,23364.54
5520,2227,17,8,15417.96,123343.68
5521,2227,439,3,10571.9,31715.7
5522,2227,301,1,69572.09,69572.09
5523,2228,264,4,35376.52,141506.08
5524,2228,18,7,80640.27,564481.89
5525,2228,376,10,23505.93,235059.3
5526,2229,231,7,70521.76,493652.32
5527,2229,330,3,21447.98,64343.94
5528,2229,181,10,7788.18,77881.8
5529,2230,101,2,22659.3,45318.6
5530,2230,103,7,80225.5,561578.5
5531,2230,296,9,60833.16,547498.44
5532,2231,456,1,51371.51,51371.51
5533,2231,424,9,19392.01,174528.09
5534,2231,405,9,58317.16,524854.44
5535,2231,236,6,79369.42,476216.52
5536,2232,9,5,89600.56,448002.8
5537,2232,205,4,10454.48,41817.92
5538,2232,294,10,55184.47,551844.7
5539,2233,137,1,76197.11,76197.11
5540,2233,411,2,78961.9,157923.8
5541,2233,55,1,73540.62,73540.62
5542,2234,75,10,5482.98,54829.8
5543,2234,440,8,19351.31,154810.48
5544,2234,250,5,99281.19,496405.95
5545,2235,179,10,64832.84,648328.4
5546,2235,143,3,15069.62,45208.86
5547,2236,472,1,22597.52,22597.52
5548,2237,436,9,79527.83,715750.47
5549,2238,259,9,87836.39,790527.51
5550,2239,313,2,21074.47,42148.94
5551,2239,458,4,14271.62,57086.48
5552,2239,481,3,67338.88,202016.64
5553,2239,319,10,49335.13,493351.3
5554,2240,190,6,39813.77,238882.62
5555,2240,230,4,4470.52,17882.08
5556,2241,408,2,93119.45,186238.9
5557,2241,258,2,47848.98,95697.96
5558,2241,455,2,2659.29,5318.58
5559,2242,367,4,59287.68,237150.72
5560,2242,256,5,2147.98,10739.9
5561,2242,20,8,65712.36,525698.88
5562,2243,203,2,25443.42,50886.84
5563,2243,28,7,65616.25,459313.75
5564,2243,330,5,21447.98,107239.9
5565,2244,197,5,30816.77,154083.85
5566,2244,96,6,83983.79,503902.74
5567,2245,146,1,74370.07,74370.07
5568,2245,214,3,84258.4,252775.2
5569,2245,84,2,13684.9,27369.8
5570,2246,175,5,51632.52,258162.6
5571,2246,364,7,3342.84,23399.88
5572,2247,74,4,45946.75,183787.0
5573,2247,340,10,40140.99,401409.9
5574,2248,3,2,85455.22,170910.44
5575,2248,251,8,22326.7,178613.6
5576,2248,429,4,19565.86,78263.44
5577,2249,118,7,45976.08,321832.56
5578,2249,142,1,75143.41,75143.41
5579,2249,198,10,41559.12,415591.2
5580,2250,427,8,66059.66,528477.28
5581,2250,475,1,8965.36,8965.36
5582,2250,133,1,63442.04,63442.04
5583,2251,26,10,29731.51,297315.1
5584,2251,408,9,93119.45,838075.05
5585,2251,406,2,15921.7,31843.4
5586,2251,128,1,91633.07,91633.07
5587,2252,296,7,60833.16,425832.12
5588,2252,397,4,66767.78,267071.12
5589,2252,184,6,31982.22,191893.32
5590,2252,56,3,12754.62,38263.86
5591,2253,133,2,63442.04,126884.08
5592,2254,1,3,34752.78,104258.34
5593,2254,468,3,30825.95,92477.85
5594,2255,325,6,31907.3,191443.8
5595,2255,55,7,73540.62,514784.34
5596,2255,250,2,99281.19,198562.38
5597,2256,264,6,35376.52,212259.12
5598,2256,22,7,70952.86,496670.02
5599,2256,464,5,38463.84,192319.2
5600,2256,311,2,18687.05,37374.1
5601,2257,139,4,28949.83,115799.32
5602,2257,63,4,62468.38,249873.52
5603,2257,99,7,7949.09,55643.63
5604,2258,185,3,1086.94,3260.82
5605,2258,375,9,76703.99,690335.91
5606,2258,412,6,73452.29,440713.74
5607,2258,7,10,80186.05,801860.5
5608,2259,169,7,91901.43,643310.01
5609,2260,283,10,9270.0,92700.0
5610,2260,60,2,38335.25,76670.5
5611,2260,225,6,18324.95,109949.7
5612,2261,281,6,39215.82,235294.92
5613,2261,88,3,3367.21,10101.63
5614,2261,290,5,67565.43,337827.15
5615,2261,31,10,85195.78,851957.8
5616,2262,88,10,3367.21,33672.1
5617,2262,44,2,4253.67,8507.34
5618,2263,334,5,43505.77,217528.85
5619,2264,293,10,20430.88,204308.8
5620,2264,299,5,29778.06,148890.3
5621,2265,149,2,96600.4,193200.8
5622,2266,4,4,64914.3,259657.2
5623,2266,385,9,19185.05,172665.45
5624,2266,44,6,4253.67,25522.02
5625,2267,462,10,49083.5,490835.0
5626,2267,296,2,60833.16,121666.32
5627,2267,298,5,50870.69,254353.45
5628,2267,98,3,84960.13,254880.39
5629,2268,165,2,88397.98,176795.96
5630,2268,79,3,36073.98,108221.94
5631,2268,3,1,85455.22,85455.22
5632,2268,464,2,38463.84,76927.68
5633,2269,155,1,38031.22,38031.22
5634,2269,456,10,51371.51,513715.1
5635,2269,22,9,70952.86,638575.74
5636,2269,78,5,85273.87,426369.35
5637,2270,224,9,75842.0,682578.0
5638,2270,317,9,84877.05,763893.45
5639,2270,258,7,47848.98,334942.86
5640,2271,187,2,36091.16,72182.32
5641,2271,320,9,40089.01,360801.09
5642,2271,153,3,29770.68,89312.04
5643,2271,279,8,21838.59,174708.72
5644,2272,482,10,19453.73,194537.3
5645,2272,410,2,13019.83,26039.66
5646,2273,339,8,25471.92,203775.36
5647,2273,198,6,41559.12,249354.72
5648,2274,468,7,30825.95,215781.65
5649,2275,490,10,45281.13,452811.3
5650,2275,140,2,52511.63,105023.26
5651,2275,356,6,72913.36,437480.16
5652,2276,408,2,93119.45,186238.9
5653,2276,77,9,73984.75,665862.75
5654,2277,457,2,9881.57,19763.14
5655,2278,98,1,84960.13,84960.13
5656,2279,452,2,72768.17,145536.34
5657,2279,71,6,83605.6,501633.6
5658,2279,112,7,11845.32,82917.24
5659,2280,455,4,2659.29,10637.16
5660,2280,494,5,58508.99,292544.95
5661,2281,279,1,21838.59,21838.59
5662,2281,129,3,40088.06,120264.18
5663,2282,452,5,72768.17,363840.85
5664,2282,372,7,509.19,3564.33
5665,2283,483,8,77083.29,616666.32
5666,2283,202,2,64645.11,129290.22
5667,2284,400,1,12653.08,12653.08
5668,2284,81,3,18695.51,56086.53
5669,2285,127,5,50658.96,253294.8
5670,2285,480,3,68631.43,205894.29
5671,2285,428,4,87412.53,349650.12
5672,2286,226,8,93947.94,751583.52
5673,2286,410,8,13019.83,104158.64
5674,2286,21,7,40757.59,285303.13
5675,2286,417,1,86832.35,86832.35
5676,2287,396,4,20318.4,81273.6
5677,2287,69,10,68976.29,689762.9
5678,2287,317,9,84877.05,763893.45
5679,2288,328,7,26653.48,186574.36
5680,2288,362,7,23320.92,163246.44
5681,2288,466,8,93059.49,744475.92
5682,2288,461,5,72496.26,362481.3
5683,2289,498,9,66207.1,595863.9
5684,2290,250,1,99281.19,99281.19
5685,2290,442,8,41810.87,334486.96
5686,2290,69,6,68976.29,413857.74
5687,2290,39,3,63632.65,190897.95
5688,2291,432,1,71925.6,71925.6
5689,2291,353,4,64642.11,258568.44
5690,2291,27,4,72656.07,290624.28
5691,2292,452,6,72768.17,436609.02
5692,2293,10,10,25573.87,255738.7
5693,2294,495,8,25917.91,207343.28
5694,2294,470,3,15743.15,47229.45
5695,2294,75,6,5482.98,32897.88
5696,2294,146,5,74370.07,371850.35
5697,2295,222,5,39980.12,199900.6
5698,2295,178,2,83648.68,167297.36
5699,2296,382,10,41583.94,415839.4
5700,2296,416,4,54590.24,218360.96
5701,2296,342,10,45260.55,452605.5
5702,2296,273,3,56684.69,170054.07
5703,2297,433,4,92876.17,371504.68
5704,2297,223,10,84874.19,848741.9
5705,2297,386,9,96986.76,872880.84
5706,2297,371,6,41514.28,249085.68
5707,2298,113,2,34465.03,68930.06
5708,2298,285,9,61589.58,554306.22
5709,2299,408,9,93119.45,838075.05
5710,2299,476,10,76322.28,763222.8
5711,2300,465,4,35119.06,140476.24
5712,2300,196,3,59867.16,179601.48
5713,2301,282,1,82413.92,82413.92
5714,2301,334,8,43505.77,348046.16
5715,2301,219,1,54575.2,54575.2
5716,2301,265,5,42836.19,214180.95
5717,2302,334,4,43505.77,174023.08
5718,2302,449,6,24451.89,146711.34
5719,2303,396,9,20318.4,182865.6
5720,2303,334,10,43505.77,435057.7
5721,2303,119,10,11222.69,112226.9
5722,2303,41,6,76566.13,459396.78
5723,2304,37,2,31980.15,63960.3
5724,2304,421,7,73498.95,514492.65
5725,2305,346,4,97947.63,391790.52
5726,2305,42,6,61640.73,369844.38
5727,2306,160,8,49309.82,394478.56
5728,2306,363,1,62834.83,62834.83
5729,2307,4,1,64914.3,64914.3
5730,2307,418,8,7353.22,58825.76
5731,2307,241,8,81211.68,649693.44
5732,2308,4,9,64914.3,584228.7
5733,2308,371,5,41514.28,207571.4
5734,2308,286,10,6217.57,62175.7
5735,2309,338,10,72195.75,721957.5
5736,2309,296,7,60833.16,425832.12
5737,2309,313,4,21074.47,84297.88
5738,2310,234,7,51907.96,363355.72
5739,2310,194,7,95760.47,670323.29
5740,2310,259,3,87836.39,263509.17
5741,2311,122,9,931.59,8384.31
5742,2312,416,6,54590.24,327541.44
5743,2313,38,5,49014.29,245071.45
5744,2313,313,9,21074.47,189670.23
5745,2313,400,5,12653.08,63265.4
5746,2314,143,3,15069.62,45208.86
5747,2314,384,6,45550.34,273302.04
5748,2314,88,10,3367.21,33672.1
5749,2315,173,4,80380.27,321521.08
5750,2315,52,1,99615.82,99615.82
5751,2315,101,6,22659.3,135955.8
5752,2316,180,5,46192.91,230964.55
5753,2317,298,7,50870.69,356094.83
5754,2318,338,6,72195.75,433174.5
5755,2318,353,2,64642.11,129284.22
5756,2319,14,10,68599.11,685991.1
5757,2320,255,4,23366.47,93465.88
5758,2320,159,7,77479.26,542354.82
5759,2320,176,4,53553.98,214215.92
5760,2320,55,7,73540.62,514784.34
5761,2321,376,6,23505.93,141035.58
5762,2321,310,1,35677.02,35677.02
5763,2321,6,5,47672.67,238363.35
5764,2322,252,4,79564.3,318257.2
5765,2323,453,3,52002.13,156006.39
5766,2323,472,4,22597.52,90390.08
5767,2323,464,5,38463.84,192319.2
5768,2323,73,3,72494.58,217483.74
5769,2324,444,9,17097.53,153877.77
5770,2324,360,8,76617.14,612937.12
5771,2324,250,1,99281.19,99281.19
5772,2324,432,4,71925.6,287702.4
5773,2325,111,9,47576.8,428191.2
5774,2325,325,2,31907.3,63814.6
5775,2326,265,8,42836.19,342689.52
5776,2326,42,2,61640.73,123281.46
5777,2327,181,5,7788.18,38940.9
5778,2327,484,8,82247.61,657980.88
5779,2328,450,2,76687.97,153375.94
5780,2328,72,2,94969.88,189939.76
5781,2328,489,3,34655.5,103966.5
5782,2329,384,7,45550.34,318852.38
5783,2329,163,4,78732.69,314930.76
5784,2329,486,8,68693.24,549545.92
5785,2329,298,4,50870.69,203482.76
5786,2330,45,5,89254.64,446273.2
5787,2331,123,1,93563.17,93563.17
5788,2331,54,9,23227.62,209048.58
5789,2332,83,7,65060.23,455421.61
5790,2332,499,6,2398.29,14389.74
5791,2332,124,10,92474.9,924749.0
5792,2332,28,5,65616.25,328081.25
5793,2333,14,4,68599.11,274396.44
5794,2334,261,1,54158.96,54158.96
5795,2335,361,5,62001.17,310005.85
5796,2335,214,9,84258.4,758325.6
5797,2336,367,1,59287.68,59287.68
5798,2336,48,1,10719.47,10719.47
5799,2336,347,3,67482.69,202448.07
5800,2337,257,3,82738.16,248214.48
5801,2338,39,1,63632.65,63632.65
5802,2338,362,9,23320.92,209888.28
5803,2338,130,2,80577.28,161154.56
5804,2339,24,7,90699.39,634895.73
5805,2339,69,2,68976.29,137952.58
5806,2339,266,7,91053.49,637374.43
5807,2339,135,9,98142.88,883285.92
5808,2340,273,4,56684.69,226738.76
5809,2340,229,3,39115.26,117345.78
5810,2340,329,2,34638.1,69276.2
5811,2340,406,5,15921.7,79608.5
5812,2341,442,4,41810.87,167243.48
5813,2341,469,3,56708.83,170126.49
5814,2341,438,1,8254.57,8254.57
5815,2341,6,5,47672.67,238363.35
5816,2342,330,8,21447.98,171583.84
5817,2342,160,5,49309.82,246549.1
5818,2343,371,5,41514.28,207571.4
5819,2343,105,5,10713.01,53565.05
5820,2344,54,7,23227.62,162593.34
5821,2344,23,6,72791.71,436750.26
5822,2345,446,1,99844.14,99844.14
5823,2346,151,7,91192.89,638350.23
5824,2347,34,1,53218.93,53218.93
5825,2348,57,4,87716.14,350864.56
5826,2348,103,6,80225.5,481353.0
5827,2348,63,6,62468.38,374810.28
5828,2349,492,10,52564.96,525649.6
5829,2349,382,5,41583.94,207919.7
5830,2349,234,3,51907.96,155723.88
5831,2350,370,8,80568.42,644547.36
5832,2351,351,3,8371.64,25114.92
5833,2351,349,4,86891.64,347566.56
5834,2352,217,8,81357.92,650863.36
5835,2352,387,3,28570.4,85711.2
5836,2352,441,2,62719.84,125439.68
5837,2353,194,9,95760.47,861844.23
5838,2353,407,10,16191.0,161910.0
5839,2353,400,9,12653.08,113877.72
5840,2353,40,10,21333.55,213335.5
5841,2354,367,8,59287.68,474301.44
5842,2354,284,8,8463.95,67711.6
5843,2354,464,7,38463.84,269246.88
5844,2354,435,8,74476.01,595808.08
5845,2355,470,4,15743.15,62972.6
5846,2355,190,9,39813.77,358323.93
5847,2355,443,8,67612.01,540896.08
5848,2355,33,8,88997.89,711983.12
5849,2356,66,4,20265.34,81061.36
5850,2357,273,10,56684.69,566846.9
5851,2358,315,3,92058.72,276176.16
5852,2358,234,1,51907.96,51907.96
5853,2359,260,1,9772.4,9772.4
5854,2359,244,5,24745.2,123726.0
5855,2359,116,6,11142.67,66856.02
5856,2360,301,5,69572.09,347860.45
5857,2361,175,7,51632.52,361427.64
5858,2361,379,9,22448.95,202040.55
5859,2361,257,2,82738.16,165476.32
5860,2362,425,2,15836.09,31672.18
5861,2362,371,9,41514.28,373628.52
5862,2362,115,9,89739.27,807653.43
5863,2362,144,1,75482.6,75482.6
5864,2363,493,7,62492.68,437448.76
5865,2363,499,5,2398.29,11991.45
5866,2363,297,1,57703.22,57703.22
5867,2363,337,4,13879.93,55519.72
5868,2364,179,8,64832.84,518662.72
5869,2365,262,4,42358.06,169432.24
5870,2365,170,10,38446.57,384465.7
5871,2365,318,2,49487.87,98975.74
5872,2366,123,3,93563.17,280689.51
5873,2366,339,1,25471.92,25471.92
5874,2366,201,6,85213.08,511278.48
5875,2367,424,4,19392.01,77568.04
5876,2367,157,4,1061.69,4246.76
5877,2367,308,10,29085.31,290853.1
5878,2368,230,10,4470.52,44705.2
5879,2368,42,6,61640.73,369844.38
5880,2369,16,4,26484.12,105936.48
5881,2369,483,9,77083.29,693749.61
5882,2369,211,6,84090.95,504545.7
5883,2370,459,1,23682.92,23682.92
5884,2370,234,8,51907.96,415263.68
5885,2370,5,2,65332.94,130665.88
5886,2370,72,6,94969.88,569819.28
5887,2371,235,5,40881.3,204406.5
5888,2371,287,3,44177.72,132533.16
5889,2372,352,6,32029.39,192176.34
5890,2373,350,6,63311.7,379870.2
5891,2373,333,4,72221.14,288884.56
5892,2373,179,6,64832.84,388997.04
5893,2374,145,1,10696.76,10696.76
5894,2374,480,8,68631.43,549051.44
5895,2374,389,9,22110.21,198991.89
5896,2375,234,9,51907.96,467171.64
5897,2375,240,9,71871.62,646844.58
5898,2375,358,9,6847.34,61626.06
5899,2375,496,10,79024.26,790242.6
5900,2376,330,3,21447.98,64343.94
5901,2376,367,2,59287.68,118575.36
5902,2377,380,1,51902.7,51902.7
5903,2378,400,1,12653.08,12653.08
5904,2378,72,5,94969.88,474849.4
5905,2378,348,1,38416.56,38416.56
5906,2378,342,10,45260.55,452605.5
5907,2379,254,2,92274.02,184548.04
5908,2379,390,2,99797.36,199594.72
5909,2379,497,3,46763.6,140290.8
5910,2380,207,8,66112.51,528900.08
5911,2380,55,6,73540.62,441243.72
5912,2380,353,8,64642.11,517136.88
5913,2381,457,5,9881.57,49407.85
5914,2382,483,1,77083.29,77083.29
5915,2383,283,8,9270.0,74160.0
5916,2383,219,2,54575.2,109150.4
5917,2383,210,9,71363.81,642274.29
5918,2384,132,7,84385.91,590701.37
5919,2384,487,3,74088.37,222265.11
5920,2384,140,5,52511.63,262558.15
5921,2384,77,5,73984.75,369923.75
5922,2385,31,9,85195.78,766762.02
5923,2385,357,7,21451.86,150163.02
5924,2385,133,8,63442.04,507536.32
5925,2385,289,2,51823.46,103646.92
5926,2386,413,1,72577.72,72577.72
5927,2387,258,8,47848.98,382791.84
5928,2388,399,3,63101.84,189305.52
5929,2388,8,6,80606.01,483636.06
5930,2388,119,8,11222.69,89781.52
5931,2388,125,1,17778.2,17778.2
5932,2389,338,1,72195.75,72195.75
5933,2389,151,8,91192.89,729543.12
5934,2389,115,4,89739.27,358957.08
5935,2390,158,7,15793.49,110554.43
5936,2390,431,7,25965.88,181761.16
5937,2391,337,1,13879.93,13879.93
5938,2391,457,4,9881.57,39526.28
5939,2391,132,1,84385.91,84385.91
5940,2391,308,5,29085.31,145426.55
5941,2392,263,8,43181.15,345449.2
5942,2392,52,8,99615.82,796926.56
5943,2393,134,10,71581.26,715812.6
5944,2393,207,3,66112.51,198337.53
5945,2394,240,9,71871.62,646844.58
5946,2394,12,2,1231.08,2462.16
5947,2394,145,2,10696.76,21393.52
5948,2395,31,9,85195.78,766762.02
5949,2395,48,7,10719.47,75036.29
5950,2396,126,2,39046.86,78093.72
5951,2396,70,5,772.43,3862.15
5952,2396,127,6,50658.96,303953.76
5953,2397,418,2,7353.22,14706.44
5954,2397,191,3,16054.19,48162.57
5955,2397,50,8,94872.11,758976.88
5956,2397,262,6,42358.06,254148.36
5957,2398,460,8,57263.47,458107.76
5958,2399,12,4,1231.08,4924.32
5959,2400,124,8,92474.9,739799.2
5960,2400,463,5,59725.5,298627.5
5961,2400,389,4,22110.21,88440.84
5962,2401,182,7,7508.99,52562.93
5963,2401,455,8,2659.29,21274.32
5964,2402,15,6,98841.92,593051.52
5965,2402,498,4,66207.1,264828.4
5966,2402,417,7,86832.35,607826.45
5967,2403,162,3,22386.22,67158.66
5968,2403,47,4,69505.71,278022.84
5969,2404,38,6,49014.29,294085.74
5970,2405,56,2,12754.62,25509.24
5971,2405,327,10,61471.42,614714.2
5972,2405,35,1,14167.84,14167.84
5973,2406,15,1,98841.92,98841.92
5974,2406,195,8,14566.7,116533.6
5975,2407,127,7,50658.96,354612.72
5976,2408,28,1,65616.25,65616.25
5977,2408,402,6,23978.6,143871.6
5978,2409,91,5,70604.53,353022.65
5979,2409,39,5,63632.65,318163.25
5980,2410,332,7,57355.27,401486.89
5981,2410,443,8,67612.01,540896.08
5982,2411,384,6,45550.34,273302.04
5983,2411,387,4,28570.4,114281.6
5984,2412,343,7,36350.5,254453.5
5985,2412,70,2,772.43,1544.86
5986,2412,162,2,22386.22,44772.44
5987,2413,56,10,12754.62,127546.2
5988,2413,494,10,58508.99,585089.9
5989,2413,351,10,8371.64,83716.4
5990,2413,161,5,7751.64,38758.2
5991,2414,377,2,19262.81,38525.62
5992,2414,73,9,72494.58,652451.22
5993,2414,212,5,46553.41,232767.05
5994,2415,162,6,22386.22,134317.32
5995,2415,108,9,56452.09,508068.81
5996,2415,225,3,18324.95,54974.85
5997,2416,272,10,25736.46,257364.6
5998,2416,66,6,20265.34,121592.04
5999,2416,369,1,90937.85,90937.85
6000,2416,329,9,34638.1,311742.9
6001,2417,139,10,28949.83,289498.3
6002,2418,496,4,79024.26,316097.04
6003,2418,17,3,15417.96,46253.88
6004,2418,94,4,43568.37,174273.48
6005,2419,285,4,61589.58,246358.32
6006,2419,190,6,39813.77,238882.62
6007,2419,304,9,48456.03,436104.27
6008,2420,356,4,72913.36,291653.44
6009,2421,449,9,24451.89,220067.01
6010,2421,331,9,85505.45,769549.05
6011,2421,88,1,3367.21,3367.21
6012,2422,15,8,98841.92,790735.36
6013,2422,475,6,8965.36,53792.16
6014,2422,413,1,72577.72,72577.72
6015,2423,367,10,59287.68,592876.8
6016,2423,341,8,21939.0,175512.0
6017,2423,261,4,54158.96,216635.84
6018,2423,46,6,2282.65,13695.9
6019,2424,404,5,39882.93,199414.65
6020,2424,405,3,58317.16,174951.48
6021,2424,422,6,85754.51,514527.06
6022,2425,144,8,75482.6,603860.8
6023,2425,361,8,62001.17,496009.36
6024,2426,248,5,60136.07,300680.35
6025,2426,130,10,80577.28,805772.8
6026,2426,147,7,51336.77,359357.39
6027,2426,399,5,63101.84,315509.2
6028,2427,18,7,80640.27,564481.89
6029,2427,157,5,1061.69,5308.45
6030,2428,25,7,30369.39,212585.73
6031,2429,198,10,41559.12,415591.2
6032,2430,200,9,19835.46,178519.14
6033,2430,153,7,29770.68,208394.76
6034,2431,492,8,52564.96,420519.68
6035,2431,380,6,51902.7,311416.2
6036,2432,411,8,78961.9,631695.2
6037,2432,107,10,96335.54,963355.4
6038,2432,255,4,23366.47,93465.88
6039,2433,463,5,59725.5,298627.5
6040,2433,334,7,43505.77,304540.39
6041,2433,444,1,17097.53,17097.53
6042,2434,72,2,94969.88,189939.76
6043,2435,454,5,30383.23,151916.15
6044,2436,240,3,71871.62,215614.86
6045,2437,130,4,80577.28,322309.12
6046,2437,415,10,69855.26,698552.6
6047,2437,182,7,7508.99,52562.93
6048,2438,48,7,10719.47,75036.29
6049,2439,294,10,55184.47,551844.7
6050,2440,73,5,72494.58,362472.9
6051,2440,432,8,71925.6,575404.8
6052,2441,226,10,93947.94,939479.4
6053,2442,204,3,95178.22,285534.66
6054,2442,488,6,86940.86,521645.16
6055,2443,362,8,23320.92,186567.36
6056,2444,104,7,44983.28,314882.96
6057,2444,64,1,83149.95,83149.95
6058,2444,352,4,32029.39,128117.56
6059,2445,191,4,16054.19,64216.76
6060,2445,31,10,85195.78,851957.8
6061,2446,127,10,50658.96,506589.6
6062,2446,346,9,97947.63,881528.67
6063,2446,325,9,31907.3,287165.7
6064,2447,486,3,68693.24,206079.72
6065,2447,137,8,76197.11,609576.88
6066,2447,481,9,67338.88,606049.92
6067,2448,80,4,87908.32,351633.28
6068,2448,352,7,32029.39,224205.73
6069,2448,474,2,74658.85,149317.7
6070,2449,303,7,68318.67,478230.69
6071,2449,467,5,92900.99,464504.95
6072,2449,136,6,54477.9,326867.4
6073,2449,292,5,35636.2,178181.0
6074,2450,365,8,86491.99,691935.92
6075,2450,320,9,40089.01,360801.09
6076,2450,182,2,7508.99,15017.98
6077,2451,230,4,4470.52,17882.08
6078,2451,372,2,509.19,1018.38
6079,2452,364,3,3342.84,10028.52
6080,2452,448,8,76536.34,612290.72
6081,2452,148,2,92685.24,185370.48
6082,2452,349,9,86891.64,782024.76
6083,2453,68,3,16457.17,49371.51
6084,2453,436,5,79527.83,397639.15
6085,2454,83,4,65060.23,260240.92
6086,2455,202,3,64645.11,193935.33
6087,2455,442,8,41810.87,334486.96
6088,2456,53,5,16905.91,84529.55
6089,2456,237,1,50432.78,50432.78
6090,2456,210,5,71363.81,356819.05
6091,2456,471,1,75407.6,75407.6
6092,2457,373,6,29032.84,174197.04
6093,2457,473,6,13652.81,81916.86
6094,2457,200,2,19835.46,39670.92
6095,2458,84,9,13684.9,123164.1
6096,2459,119,2,11222.69,22445.38
6097,2459,259,1,87836.39,87836.39
6098,2459,41,6,76566.13,459396.78
6099,2459,490,1,45281.13,45281.13
6100,2460,363,3,62834.83,188504.49
6101,2460,446,9,99844.14,898597.26
6102,2461,20,5,65712.36,328561.8
6103,2461,245,6,16532.35,99194.1
6104,2462,87,9,61326.65,551939.85
6105,2462,407,3,16191.0,48573.0
6106,2462,485,8,15008.94,120071.52
6107,2463,252,3,79564.3,238692.9
6108,2463,247,4,26196.83,104787.32
6109,2463,407,10,16191.0,161910.0
6110,2463,140,4,52511.63,210046.52
6111,2464,358,4,6847.34,27389.36
6112,2464,136,8,54477.9,435823.2
6113,2464,112,4,11845.32,47381.28
6114,2465,367,9,59287.68,533589.12
6115,2465,226,4,93947.94,375791.76
6116,2466,395,2,77236.92,154473.84
6117,2466,383,6,14094.09,84564.54
6118,2466,297,2,57703.22,115406.44
6119,2466,96,1,83983.79,83983.79
6120,2467,71,7,83605.6,585239.2
6121,2468,251,8,22326.7,178613.6
6122,2469,35,4,14167.84,56671.36
6123,2469,132,5,84385.91,421929.55
6124,2470,490,7,45281.13,316967.91
6125,2470,450,6,76687.97,460127.82
6126,2470,292,4,35636.2,142544.8
6127,2470,342,8,45260.55,362084.4
6128,2471,185,6,1086.94,6521.64
6129,2472,128,6,91633.07,549798.42
6130,2472,58,3,5334.4,16003.2
6131,2472,497,1,46763.6,46763.6
6132,2472,14,9,68599.11,617391.99
6133,2473,34,8,53218.93,425751.44
6134,2473,285,4,61589.58,246358.32
6135,2474,341,10,21939.0,219390.0
6136,2475,27,4,72656.07,290624.28
6137,2475,244,4,24745.2,98980.8
6138,2475,319,8,49335.13,394681.04
6139,2476,436,2,79527.83,159055.66
6140,2476,425,3,15836.09,47508.27
6141,2476,464,10,38463.84,384638.4
6142,2476,117,8,12514.21,100113.68
6143,2477,456,5,51371.51,256857.55
6144,2477,485,2,15008.94,30017.88
6145,2478,265,3,42836.19,128508.57
6146,2478,175,8,51632.52,413060.16
6147,2478,27,6,72656.07,435936.42
6148,2479,270,3,65627.34,196882.02
6149,2480,279,10,21838.59,218385.9
6150,2480,367,1,59287.68,59287.68
6151,2480,10,8,25573.87,204590.96
6152,2480,1,3,34752.78,104258.34
6153,2481,15,8,98841.92,790735.36
6154,2481,288,2,19877.28,39754.56
6155,2482,484,2,82247.61,164495.22
6156,2482,386,9,96986.76,872880.84
6157,2483,178,10,83648.68,836486.8
6158,2483,93,6,52548.77,315292.62
6159,2483,126,10,39046.86,390468.6
6160,2484,396,4,20318.4,81273.6
6161,2484,20,2,65712.36,131424.72
6162,2484,68,6,16457.17,98743.02
6163,2484,121,10,66016.44,660164.4
6164,2485,485,6,15008.94,90053.64
6165,2485,180,8,46192.91,369543.28
6166,2485,59,10,5299.39,52993.9
6167,2485,236,1,79369.42,79369.42
6168,2486,86,1,80325.35,80325.35
6169,2486,101,9,22659.3,203933.7
6170,2487,407,7,16191.0,113337.0
6171,2488,454,10,30383.23,303832.3
6172,2489,481,6,67338.88,404033.28
6173,2489,35,1,14167.84,14167.84
6174,2489,239,3,15448.92,46346.76
6175,2490,63,1,62468.38,62468.38
6176,2490,485,1,15008.94,15008.94
6177,2490,114,8,52437.52,419500.16
6178,2491,253,8,66135.05,529080.4
6179,2491,333,6,72221.14,433326.84
6180,2491,179,6,64832.84,388997.04
6181,2491,265,9,42836.19,385525.71
6182,2492,487,6,74088.37,444530.22
6183,2492,3,10,85455.22,854552.2
6184,2492,301,2,69572.09,139144.18
6185,2493,172,10,91177.92,911779.2
6186,2493,23,8,72791.71,582333.68
6187,2493,152,3,54888.21,164664.63
6188,2494,201,10,85213.08,852130.8
6189,2494,212,5,46553.41,232767.05
6190,2495,66,7,20265.34,141857.38
6191,2495,229,6,39115.26,234691.56
6192,2495,92,2,72515.47,145030.94
6193,2495,257,9,82738.16,744643.44
6194,2496,148,3,92685.24,278055.72
6195,2497,158,4,15793.49,63173.96
6196,2498,392,1,27017.11,27017.11
6197,2498,340,5,40140.99,200704.95
6198,2498,166,7,36399.38,254795.66
6199,2499,55,7,73540.62,514784.34
6200,2499,250,5,99281.19,496405.95
6201,2500,476,10,76322.28,763222.8
6202,2500,152,4,54888.21,219552.84
6203,2501,55,7,73540.62,514784.34
6204,2501,218,8,21669.69,173357.52
6205,2501,402,5,23978.6,119893.0
6206,2502,227,9,23559.12,212032.08
6207,2503,289,6,51823.46,310940.76
6208,2503,262,9,42358.06,381222.54
6209,2503,377,6,19262.81,115576.86
6210,2503,427,8,66059.66,528477.28
6211,2504,318,2,49487.87,98975.74
6212,2504,39,1,63632.65,63632.65
6213,2504,491,7,74131.29,518919.03
6214,2505,235,5,40881.3,204406.5
6215,2505,329,2,34638.1,69276.2
6216,2505,78,9,85273.87,767464.83
6217,2505,220,8,36898.95,295191.6
6218,2506,335,8,80103.73,640829.84
6219,2506,297,9,57703.22,519328.98
6220,2507,111,1,47576.8,47576.8
6221,2507,233,2,65540.69,131081.38
6222,2507,243,3,16544.0,49632.0
6223,2508,295,2,35135.48,70270.96
6224,2508,109,7,36652.58,256568.06
6225,2508,450,5,76687.97,383439.85
6226,2509,347,9,67482.69,607344.21
6227,2509,344,3,2473.62,7420.86
6228,2509,306,5,41536.38,207681.9
6229,2510,480,9,68631.43,617682.87
6230,2510,225,1,18324.95,18324.95
6231,2511,226,1,93947.94,93947.94
6232,2511,2,8,28864.4,230915.2
6233,2511,150,10,20707.18,207071.8
6234,2512,200,2,19835.46,39670.92
6235,2512,177,9,67198.35,604785.15
6236,2513,192,3,79778.66,239335.98
6237,2513,202,7,64645.11,452515.77
6238,2513,403,10,17152.36,171523.6
6239,2513,297,3,57703.22,173109.66
6240,2514,427,4,66059.66,264238.64
6241,2515,241,4,81211.68,324846.72
6242,2515,488,6,86940.86,521645.16
6243,2516,61,8,70335.89,562687.12
6244,2516,73,3,72494.58,217483.74
6245,2516,187,2,36091.16,72182.32
6246,2516,200,3,19835.46,59506.38
6247,2517,3,9,85455.22,769096.98
6248,2517,14,6,68599.11,411594.66
6249,2518,338,6,72195.75,433174.5
6250,2518,260,10,9772.4,97724.0
6251,2518,442,2,41810.87,83621.74
6252,2518,295,6,35135.48,210812.88
6253,2519,73,5,72494.58,362472.9
6254,2519,362,3,23320.92,69962.76
6255,2520,398,1,68303.51,68303.51
6256,2520,199,1,16514.96,16514.96
6257,2520,195,10,14566.7,145667.0
6258,2521,449,6,24451.89,146711.34
6259,2522,416,10,54590.24,545902.4
6260,2522,276,1,48634.14,48634.14
6261,2522,109,4,36652.58,146610.32
6262,2522,209,1,17279.63,17279.63
6263,2523,462,5,49083.5,245417.5
6264,2523,466,2,93059.49,186118.98
6265,2524,421,7,73498.95,514492.65
6266,2524,327,6,61471.42,368828.52
6267,2525,65,9,12214.59,109931.31
6268,2525,302,6,77111.74,462670.44
6269,2526,375,10,76703.99,767039.9
6270,2526,480,10,68631.43,686314.3
6271,2526,275,8,48505.54,388044.32
6272,2526,137,8,76197.11,609576.88
6273,2527,378,8,39777.83,318222.64
6274,2528,219,1,54575.2,54575.2
6275,2529,256,5,2147.98,10739.9
6276,2530,51,4,52649.71,210598.84
6277,2530,426,4,64269.94,257079.76
6278,2530,143,8,15069.62,120556.96
6279,2530,404,1,39882.93,39882.93
6280,2531,402,5,23978.6,119893.0
6281,2532,374,8,94722.27,757778.16
6282,2533,457,4,9881.57,39526.28
6283,2533,487,7,74088.37,518618.59
6284,2533,146,9,74370.07,669330.63
6285,2534,43,7,43188.03,302316.21
6286,2534,339,4,25471.92,101887.68
6287,2534,373,9,29032.84,261295.56
6288,2534,327,8,61471.42,491771.36
6289,2535,96,6,83983.79,503902.74
6290,2535,448,8,76536.34,612290.72
6291,2535,41,8,76566.13,612529.04
6292,2535,465,5,35119.06,175595.3
6293,2536,379,6,22448.95,134693.7
6294,2537,498,9,66207.1,595863.9
6295,2537,192,7,79778.66,558450.62
6296,2537,427,7,66059.66,462417.62
6297,2538,269,3,52492.79,157478.37
6298,2539,390,8,99797.36,798378.88
6299,2539,277,5,77532.35,387661.75
6300,2539,371,2,41514.28,83028.56
6301,2540,88,6,3367.21,20203.26
6302,2540,251,4,22326.7,89306.8
6303,2540,260,2,9772.4,19544.8
6304,2541,56,10,12754.62,127546.2
6305,2541,372,9,509.19,4582.71
6306,2541,376,9,23505.93,211553.37
6307,2542,89,5,92079.6,460398.0
6308,2542,215,10,20044.98,200449.8
6309,2542,107,3,96335.54,289006.62
6310,2542,363,2,62834.83,125669.66
6311,2543,70,4,772.43,3089.72
6312,2543,105,10,10713.01,107130.1
6313,2544,63,10,62468.38,624683.8
6314,2544,161,1,7751.64,7751.64
6315,2545,237,2,50432.78,100865.56
6316,2546,441,3,62719.84,188159.52
6317,2546,497,1,46763.6,46763.6
6318,2547,368,9,52584.25,473258.25
6319,2547,140,5,52511.63,262558.15
6320,2547,486,6,68693.24,412159.44
6321,2548,233,2,65540.69,131081.38
6322,2548,473,6,13652.81,81916.86
6323,2548,408,5,93119.45,465597.25
6324,2548,248,2,60136.07,120272.14
6325,2549,333,1,72221.14,72221.14
6326,2549,357,5,21451.86,107259.3
6327,2549,195,6,14566.7,87400.2
6328,2549,200,7,19835.46,138848.22
6329,2550,296,2,60833.16,121666.32
6330,2550,44,7,4253.67,29775.69
6331,2551,190,7,39813.77,278696.39
6332,2551,226,8,93947.94,751583.52
6333,2551,335,8,80103.73,640829.84
6334,2552,478,7,56336.18,394353.26
6335,2552,191,7,16054.19,112379.33
6336,2552,419,7,82032.15,574225.05
6337,2552,243,5,16544.0,82720.0
6338,2553,499,6,2398.29,14389.74
6339,2553,202,3,64645.11,193935.33
6340,2553,24,1,90699.39,90699.39
6341,2553,288,9,19877.28,178895.52
6342,2554,436,10,79527.83,795278.3
6343,2554,329,7,34638.1,242466.7
6344,2554,72,5,94969.88,474849.4
6345,2555,451,3,96184.35,288553.05
6346,2555,165,2,88397.98,176795.96
6347,2555,475,8,8965.36,71722.88
6348,2556,32,10,58241.15,582411.5
6349,2556,148,9,92685.24,834167.16
6350,2556,294,9,55184.47,496660.23
6351,2557,271,9,36545.84,328912.56
6352,2557,69,8,68976.29,551810.32
6353,2557,304,3,48456.03,145368.09
6354,2557,286,8,6217.57,49740.56
6355,2558,154,3,96266.29,288798.87
6356,2558,380,3,51902.7,155708.1
6357,2558,142,1,75143.41,75143.41
6358,2559,40,6,21333.55,128001.3
6359,2559,352,1,32029.39,32029.39
6360,2559,359,7,5855.63,40989.41
6361,2559,284,10,8463.95,84639.5
6362,2560,305,9,63549.35,571944.15
6363,2560,424,8,19392.01,155136.08
6364,2561,331,7,85505.45,598538.15
6365,2561,270,5,65627.34,328136.7
6366,2562,32,7,58241.15,407688.05
6367,2563,72,7,94969.88,664789.16
6368,2563,157,4,1061.69,4246.76
6369,2563,213,10,55391.35,553913.5
6370,2563,441,1,62719.84,62719.84
6371,2564,84,2,13684.9,27369.8
6372,2564,410,5,13019.83,65099.15
6373,2565,29,2,74548.89,149097.78
6374,2565,100,9,33424.04,300816.36
6375,2566,291,4,97576.77,390307.08
6376,2566,421,4,73498.95,293995.8
6377,2567,460,2,57263.47,114526.94
6378,2568,472,2,22597.52,45195.04
6379,2569,343,6,36350.5,218103.0
6380,2569,11,5,82518.93,412594.65
6381,2569,206,9,32119.7,289077.3
6382,2570,176,6,53553.98,321323.88
6383,2570,268,6,1044.21,6265.26
6384,2570,256,3,2147.98,6443.94
6385,2571,183,7,41059.46,287416.22
6386,2571,79,2,36073.98,72147.96
6387,2571,292,6,35636.2,213817.2
6388,2572,142,4,75143.41,300573.64
6389,2573,312,6,73842.67,443056.02
6390,2573,235,8,40881.3,327050.4
6391,2573,480,9,68631.43,617682.87
6392,2573,130,4,80577.28,322309.12
6393,2574,38,10,49014.29,490142.9
6394,2574,480,9,68631.43,617682.87
6395,2574,232,4,58073.83,232295.32
6396,2575,365,4,86491.99,345967.96
6397,2575,474,6,74658.85,447953.1
6398,2575,46,6,2282.65,13695.9
6399,2575,337,7,13879.93,97159.51
6400,2576,468,4,30825.95,123303.8
6401,2576,317,4,84877.05,339508.2
6402,2576,222,9,39980.12,359821.08
6403,2576,499,10,2398.29,23982.9
6404,2577,364,9,3342.84,30085.56
6405,2577,454,7,30383.23,212682.61
6406,2577,382,5,41583.94,207919.7
6407,2578,238,9,23384.08,210456.72
6408,2579,168,7,67059.38,469415.66
6409,2579,484,1,82247.61,82247.61
6410,2580,308,10,29085.31,290853.1
6411,2581,397,7,66767.78,467374.46
6412,2582,136,7,54477.9,381345.3
6413,2582,441,10,62719.84,627198.4
6414,2583,325,3,31907.3,95721.9
6415,2583,241,10,81211.68,812116.8
6416,2583,216,4,89264.47,357057.88
6417,2584,411,9,78961.9,710657.1
6418,2584,454,5,30383.23,151916.15
6419,2584,351,3,8371.64,25114.92
6420,2584,480,7,68631.43,480420.01
6421,2585,429,10,19565.86,195658.6
6422,2585,60,8,38335.25,306682.0
6423,2585,249,4,94751.76,379007.04
6424,2586,247,10,26196.83,261968.3
6425,2586,290,1,67565.43,67565.43
6426,2586,373,2,29032.84,58065.68
6427,2586,430,1,65963.17,65963.17
6428,2587,336,8,80664.0,645312.0
6429,2587,477,2,49042.18,98084.36
6430,2588,348,10,38416.56,384165.6
6431,2589,439,3,10571.9,31715.7
6432,2589,369,1,90937.85,90937.85
6433,2589,380,4,51902.7,207610.8
6434,2590,82,2,27547.39,55094.78
6435,2590,52,6,99615.82,597694.92
6436,2590,469,2,56708.83,113417.66
6437,2590,66,10,20265.34,202653.4
6438,2591,325,5,31907.3,159536.5
6439,2592,375,3,76703.99,230111.97
6440,2592,408,5,93119.45,465597.25
6441,2592,196,5,59867.16,299335.8
6442,2593,353,2,64642.11,129284.22
6443,2593,94,7,43568.37,304978.59
6444,2593,78,6,85273.87,511643.22
6445,2593,19,7,66222.77,463559.39
6446,2594,112,10,11845.32,118453.2
6447,2594,324,4,97662.47,390649.88
6448,2594,406,6,15921.7,95530.2
6449,2594,121,1,66016.44,66016.44
6450,2595,148,3,92685.24,278055.72
6451,2595,97,7,1658.66,11610.62
6452,2596,166,9,36399.38,327594.42
6453,2596,124,2,92474.9,184949.8
6454,2597,8,8,80606.01,644848.08
6455,2597,121,6,66016.44,396098.64
6456,2597,28,6,65616.25,393697.5
6457,2598,34,3,53218.93,159656.79
6458,2598,345,1,20296.33,20296.33
6459,2598,141,3,5779.97,17339.91
6460,2599,271,6,36545.84,219275.04
6461,2599,153,1,29770.68,29770.68
6462,2599,98,8,84960.13,679681.04
6463,2600,189,10,28510.99,285109.9
6464,2600,8,4,80606.01,322424.04
6465,2600,390,4,99797.36,399189.44
6466,2601,264,10,35376.52,353765.2
6467,2601,28,10,65616.25,656162.5
6468,2602,13,1,64910.54,64910.54
6469,2602,72,5,94969.88,474849.4
6470,2602,136,4,54477.9,217911.6
6471,2602,139,2,28949.83,57899.66
6472,2603,465,10,35119.06,351190.6
6473,2604,240,8,71871.62,574972.96
6474,2605,343,9,36350.5,327154.5
6475,2606,121,6,66016.44,396098.64
6476,2606,347,4,67482.69,269930.76
6477,2607,388,8,23664.64,189317.12
6478,2607,446,8,99844.14,798753.12
6479,2608,251,6,22326.7,133960.2
6480,2608,224,6,75842.0,455052.0
6481,2609,226,8,93947.94,751583.52
6482,2609,204,3,95178.22,285534.66
6483,2609,34,8,53218.93,425751.44
6484,2610,244,6,24745.2,148471.2
6485,2610,485,6,15008.94,90053.64
6486,2610,116,5,11142.67,55713.35
6487,2611,148,8,92685.24,741481.92
6488,2612,93,7,52548.77,367841.39
6489,2613,220,4,36898.95,147595.8
6490,2613,55,10,73540.62,735406.2
6491,2613,174,4,29995.18,119980.72
6492,2613,457,10,9881.57,98815.7
6493,2614,311,3,18687.05,56061.15
6494,2614,137,8,76197.11,609576.88
6495,2615,427,3,66059.66,198178.98
6496,2616,178,1,83648.68,83648.68
6497,2617,107,5,96335.54,481677.7
6498,2618,326,10,38253.09,382530.9
6499,2618,128,1,91633.07,91633.07
6500,2619,81,9,18695.51,168259.59
6501,2619,242,10,67685.33,676853.3
6502,2619,317,6,84877.05,509262.3
6503,2619,438,9,8254.57,74291.13
6504,2620,457,8,9881.57,79052.56
6505,2620,148,8,92685.24,741481.92
6506,2621,111,10,47576.8,475768.0
6507,2621,361,2,62001.17,124002.34
6508,2622,309,10,55677.87,556778.7
6509,2622,443,1,67612.01,67612.01
6510,2623,231,2,70521.76,141043.52
6511,2623,471,10,75407.6,754076.0
6512,2624,76,8,85298.74,682389.92
6513,2625,307,6,1467.46,8804.76
6514,2625,125,6,17778.2,106669.2
6515,2625,291,8,97576.77,780614.16
6516,2626,486,5,68693.24,343466.2
6517,2627,44,2,4253.67,8507.34
6518,2627,405,7,58317.16,408220.12
6519,2628,91,7,70604.53,494231.71
6520,2628,18,6,80640.27,483841.62
6521,2629,24,1,90699.39,90699.39
6522,2630,428,7,87412.53,611887.71
6523,2630,129,5,40088.06,200440.3
6524,2630,98,4,84960.13,339840.52
6525,2631,137,3,76197.11,228591.33
6526,2631,149,10,96600.4,966004.0
6527,2631,129,7,40088.06,280616.42
6528,2631,108,10,56452.09,564520.9
6529,2632,130,3,80577.28,241731.84
6530,2633,354,1,74915.6,74915.6
6531,2633,390,1,99797.36,99797.36
6532,2634,323,8,39674.83,317398.64
6533,2634,77,7,73984.75,517893.25
6534,2634,85,9,10819.45,97375.05
6535,2634,471,4,75407.6,301630.4
6536,2635,81,1,18695.51,18695.51
6537,2635,237,9,50432.78,453895.02
6538,2635,261,8,54158.96,433271.68
6539,2636,343,1,36350.5,36350.5
6540,2636,247,10,26196.83,261968.3
6541,2636,55,4,73540.62,294162.48
6542,2637,277,6,77532.35,465194.1
6543,2637,385,4,19185.05,76740.2
6544,2638,8,1,80606.01,80606.01
6545,2639,461,1,72496.26,72496.26
6546,2640,109,6,36652.58,219915.48
6547,2640,325,9,31907.3,287165.7
6548,2640,500,7,97989.39,685925.73
6549,2640,72,8,94969.88,759759.04
6550,2641,453,6,52002.13,312012.78
6551,2641,170,9,38446.57,346019.13
6552,2641,146,7,74370.07,520590.49
6553,2641,207,2,66112.51,132225.02
6554,2642,85,8,10819.45,86555.6
6555,2642,284,1,8463.95,8463.95
6556,2642,337,4,13879.93,55519.72
6557,2642,159,5,77479.26,387396.3
6558,2643,412,4,73452.29,293809.16
6559,2643,216,4,89264.47,357057.88
6560,2643,327,3,61471.42,184414.26
6561,2644,420,7,571.62,4001.34
6562,2644,194,9,95760.47,861844.23
6563,2644,182,5,7508.99,37544.95
6564,2645,172,5,91177.92,455889.6
6565,2646,377,8,19262.81,154102.48
6566,2646,103,6,80225.5,481353.0
6567,2646,171,8,26030.76,208246.08
6568,2646,62,4,42376.71,169506.84
6569,2647,499,9,2398.29,21584.61
6570,2647,388,6,23664.64,141987.84
6571,2647,35,2,14167.84,28335.68
6572,2648,203,6,25443.42,152660.52
6573,2648,292,10,35636.2,356362.0
6574,2648,346,6,97947.63,587685.78
6575,2648,198,10,41559.12,415591.2
6576,2649,168,1,67059.38,67059.38
6577,2649,405,4,58317.16,233268.64
6578,2649,211,4,84090.95,336363.8
6579,2649,7,8,80186.05,641488.4
6580,2650,79,7,36073.98,252517.86
6581,2650,94,5,43568.37,217841.85
6582,2650,292,9,35636.2,320725.8
6583,2651,327,1,61471.42,61471.42
6584,2651,72,10,94969.88,949698.8
6585,2651,46,3,2282.65,6847.95
6586,2652,498,3,66207.1,198621.3
6587,2652,455,6,2659.29,15955.74
6588,2653,375,5,76703.99,383519.95
6589,2654,181,10,7788.18,77881.8
6590,2654,246,6,89134.37,534806.22
6591,2654,470,4,15743.15,62972.6
6592,2655,329,7,34638.1,242466.7
6593,2655,67,7,97325.41,681277.87
6594,2655,118,1,45976.08,45976.08
6595,2655,249,5,94751.76,473758.8
6596,2656,146,3,74370.07,223110.21
6597,2657,158,10,15793.49,157934.9
6598,2657,110,8,33531.28,268250.24
6599,2657,30,1,37482.4,37482.4
6600,2657,95,9,34902.07,314118.63
6601,2658,113,8,34465.03,275720.24
6602,2659,92,9,72515.47,652639.23
6603,2659,303,3,68318.67,204956.01
6604,2660,9,10,89600.56,896005.6
6605,2661,186,3,75718.08,227154.24
6606,2661,327,5,61471.42,307357.1
6607,2662,311,3,18687.05,56061.15
6608,2662,79,10,36073.98,360739.8
6609,2663,17,5,15417.96,77089.8
6610,2663,45,10,89254.64,892546.4
6611,2663,367,7,59287.68,415013.76
6612,2664,286,1,6217.57,6217.57
6613,2664,134,8,71581.26,572650.08
6614,2665,347,6,67482.69,404896.14
6615,2665,331,4,85505.45,342021.8
6616,2665,342,10,45260.55,452605.5
6617,2665,303,1,68318.67,68318.67
6618,2666,276,5,48634.14,243170.7
6619,2666,479,8,24610.35,196882.8
6620,2666,109,7,36652.58,256568.06
6621,2666,338,8,72195.75,577566.0
6622,2667,26,8,29731.51,237852.08
6623,2668,160,7,49309.82,345168.74
6624,2668,156,7,26791.84,187542.88
6625,2669,194,9,95760.47,861844.23
6626,2669,312,4,73842.67,295370.68
6627,2669,159,7,77479.26,542354.82
6628,2669,353,1,64642.11,64642.11
6629,2670,108,9,56452.09,508068.81
6630,2670,266,3,91053.49,273160.47
6631,2670,210,6,71363.81,428182.86
6632,2671,272,6,25736.46,154418.76
6633,2672,297,7,57703.22,403922.54
6634,2672,93,3,52548.77,157646.31
6635,2672,172,10,91177.92,911779.2
6636,2673,406,10,15921.7,159217.0
6637,2673,95,3,34902.07,104706.21
6638,2673,194,4,95760.47,383041.88
6639,2673,195,3,14566.7,43700.1
6640,2674,230,3,4470.52,13411.56
6641,2674,377,8,19262.81,154102.48
6642,2674,418,4,7353.22,29412.88
6643,2675,368,7,52584.25,368089.75
6644,2675,424,9,19392.01,174528.09
6645,2675,452,10,72768.17,727681.7
6646,2676,243,1,16544.0,16544.0
6647,2676,493,5,62492.68,312463.4
6648,2677,91,4,70604.53,282418.12
6649,2677,99,5,7949.09,39745.45
6650,2677,400,5,12653.08,63265.4
6651,2677,345,7,20296.33,142074.31
6652,2678,204,2,95178.22,190356.44
6653,2678,54,5,23227.62,116138.1
6654,2678,24,10,90699.39,906993.9
6655,2678,181,7,7788.18,54517.26
6656,2679,280,1,61595.52,61595.52
6657,2680,446,9,99844.14,898597.26
6658,2680,263,9,43181.15,388630.35
6659,2680,203,7,25443.42,178103.94
6660,2680,87,9,61326.65,551939.85
6661,2681,483,5,77083.29,385416.45
6662,2681,316,5,1159.06,5795.3
6663,2681,496,10,79024.26,790242.6
6664,2681,87,5,61326.65,306633.25
6665,2682,387,4,28570.4,114281.6
6666,2683,43,7,43188.03,302316.21
6667,2683,267,10,87738.25,877382.5
6668,2683,491,6,74131.29,444787.74
6669,2684,410,5,13019.83,65099.15
6670,2684,45,5,89254.64,446273.2
6671,2684,118,1,45976.08,45976.08
6672,2684,342,9,45260.55,407344.95
6673,2685,357,4,21451.86,85807.44
6674,2685,336,2,80664.0,161328.0
6675,2686,279,2,21838.59,43677.18
6676,2686,15,7,98841.92,691893.44
6677,2687,138,7,57278.5,400949.5
6678,2687,241,10,81211.68,812116.8
6679,2688,412,3,73452.29,220356.87
6680,2689,253,8,66135.05,529080.4
6681,2689,495,10,25917.91,259179.1
6682,2690,324,10,97662.47,976624.7
6683,2690,497,9,46763.6,420872.4
6684,2691,47,3,69505.71,208517.13
6685,2692,477,1,49042.18,49042.18
6686,2692,410,2,13019.83,26039.66
6687,2693,111,6,47576.8,285460.8
6688,2693,50,3,94872.11,284616.33
6689,2693,257,1,82738.16,82738.16
6690,2693,392,1,27017.11,27017.11
6691,2694,124,2,92474.9,184949.8
6692,2694,297,6,57703.22,346219.32
6693,2695,111,4,47576.8,190307.2
6694,2695,38,4,49014.29,196057.16
6695,2696,327,2,61471.42,122942.84
6696,2696,390,5,99797.36,498986.8
6697,2696,352,1,32029.39,32029.39
6698,2696,112,10,11845.32,118453.2
6699,2697,41,8,76566.13,612529.04
6700,2697,86,1,80325.35,80325.35
6701,2698,126,9,39046.86,351421.74
6702,2698,63,10,62468.38,624683.8
6703,2699,248,2,60136.07,120272.14
6704,2699,96,3,83983.79,251951.37
6705,2699,18,10,80640.27,806402.7
6706,2699,427,6,66059.66,396357.96
6707,2700,460,4,57263.47,229053.88
6708,2701,340,8,40140.99,321127.92
6709,2702,326,10,38253.09,382530.9
6710,2702,164,1,53935.08,53935.08
6711,2702,205,1,10454.48,10454.48
6712,2702,463,1,59725.5,59725.5
6713,2703,336,10,80664.0,806640.0
6714,2704,488,8,86940.86,695526.88
6715,2705,445,4,50716.93,202867.72
6716,2705,176,3,53553.98,160661.94
6717,2705,432,5,71925.6,359628.0
6718,2705,492,5,52564.96,262824.8
6719,2706,132,9,84385.91,759473.19
6720,2706,112,8,11845.32,94762.56
6721,2707,191,2,16054.19,32108.38
6722,2708,146,5,74370.07,371850.35
6723,2708,369,7,90937.85,636564.95
6724,2708,253,10,66135.05,661350.5
6725,2709,59,8,5299.39,42395.12
6726,2710,460,9,57263.47,515371.23
6727,2711,6,9,47672.67,429054.03
6728,2711,69,3,68976.29,206928.87
6729,2711,248,1,60136.07,60136.07
6730,2711,73,5,72494.58,362472.9
6731,2712,24,10,90699.39,906993.9
6732,2713,337,9,13879.93,124919.37
6733,2713,376,1,23505.93,23505.93
6734,2714,145,10,10696.76,106967.6
6735,2714,322,2,93995.61,187991.22
6736,2715,429,3,19565.86,58697.58
6737,2715,105,2,10713.01,21426.02
6738,2716,342,6,45260.55,271563.3
6739,2716,349,10,86891.64,868916.4
6740,2716,7,4,80186.05,320744.2
6741,2716,13,3,64910.54,194731.62
6742,2717,358,4,6847.34,27389.36
6743,2717,39,3,63632.65,190897.95
6744,2717,280,6,61595.52,369573.12
6745,2718,365,7,86491.99,605443.93
6746,2718,231,3,70521.76,211565.28
6747,2719,76,1,85298.74,85298.74
6748,2719,336,3,80664.0,241992.0
6749,2719,445,2,50716.93,101433.86
6750,2720,58,7,5334.4,37340.8
6751,2720,51,8,52649.71,421197.68
6752,2721,372,9,509.19,4582.71
6753,2721,149,4,96600.4,386401.6
6754,2721,85,3,10819.45,32458.35
6755,2722,253,2,66135.05,132270.1
6756,2722,348,7,38416.56,268915.92
6757,2722,14,8,68599.11,548792.88
6758,2722,52,9,99615.82,896542.38
6759,2723,58,7,5334.4,37340.8
6760,2724,407,7,16191.0,113337.0
6761,2724,425,3,15836.09,47508.27
6762,2724,380,10,51902.7,519027.0
6763,2724,275,1,48505.54,48505.54
6764,2725,164,6,53935.08,323610.48
6765,2725,50,4,94872.11,379488.44
6766,2726,448,7,76536.34,535754.38
6767,2726,132,8,84385.91,675087.28
6768,2726,387,4,28570.4,114281.6
6769,2726,87,1,61326.65,61326.65
6770,2727,88,10,3367.21,33672.1
6771,2727,21,10,40757.59,407575.9
6772,2728,43,6,43188.03,259128.18
6773,2728,248,4,60136.07,240544.28
6774,2728,352,1,32029.39,32029.39
6775,2729,485,6,15008.94,90053.64
6776,2729,345,4,20296.33,81185.32
6777,2729,7,2,80186.05,160372.1
6778,2730,400,6,12653.08,75918.48
6779,2730,39,1,63632.65,63632.65
6780,2730,32,8,58241.15,465929.2
6781,2731,408,9,93119.45,838075.05
6782,2731,164,5,53935.08,269675.4
6783,2731,2,9,28864.4,259779.6
6784,2732,84,7,13684.9,95794.3
6785,2732,281,8,39215.82,313726.56
6786,2732,150,8,20707.18,165657.44
6787,2733,120,8,12760.31,102082.48
6788,2734,224,8,75842.0,606736.0
6789,2734,232,1,58073.83,58073.83
6790,2734,313,1,21074.47,21074.47
6791,2735,13,8,64910.54,519284.32
6792,2735,334,7,43505.77,304540.39
6793,2736,338,1,72195.75,72195.75
6794,2736,151,6,91192.89,547157.34
6795,2736,426,9,64269.94,578429.46
6796,2737,165,1,88397.98,88397.98
6797,2737,168,2,67059.38,134118.76
6798,2738,463,8,59725.5,477804.0
6799,2738,84,10,13684.9,136849.0
6800,2738,227,8,23559.12,188472.96
6801,2738,86,4,80325.35,321301.4
6802,2739,281,10,39215.82,392158.2
6803,2739,96,1,83983.79,83983.79
6804,2740,434,9,80201.48,721813.32
6805,2741,67,6,97325.41,583952.46
6806,2741,6,2,47672.67,95345.34
6807,2742,385,3,19185.05,57555.15
6808,2743,424,4,19392.01,77568.04
6809,2744,15,4,98841.92,395367.68
6810,2744,219,7,54575.2,382026.4
6811,2744,459,9,23682.92,213146.28
6812,2745,38,10,49014.29,490142.9
6813,2746,187,1,36091.16,36091.16
6814,2747,156,7,26791.84,187542.88
6815,2747,22,6,70952.86,425717.16
6816,2748,34,8,53218.93,425751.44
6817,2749,439,2,10571.9,21143.8
6818,2749,487,2,74088.37,148176.74
6819,2749,244,8,24745.2,197961.6
6820,2750,343,7,36350.5,254453.5
6821,2751,277,8,77532.35,620258.8
6822,2751,181,10,7788.18,77881.8
6823,2751,481,7,67338.88,471372.16
6824,2752,488,2,86940.86,173881.72
6825,2752,100,3,33424.04,100272.12
6826,2752,323,5,39674.83,198374.15
6827,2752,337,1,13879.93,13879.93
6828,2753,378,5,39777.83,198889.15
6829,2753,339,5,25471.92,127359.6
6830,2753,310,9,35677.02,321093.18
6831,2753,13,2,64910.54,129821.08
6832,2754,278,9,74907.51,674167.59
6833,2754,337,2,13879.93,27759.86
6834,2755,468,2,30825.95,61651.9
6835,2756,386,5,96986.76,484933.8
6836,2757,358,7,6847.34,47931.38
6837,2757,209,8,17279.63,138237.04
6838,2757,256,8,2147.98,17183.84
6839,2758,462,6,49083.5,294501.0
6840,2758,37,3,31980.15,95940.45
6841,2758,300,5,87673.25,438366.25
6842,2758,441,10,62719.84,627198.4
6843,2759,378,1,39777.83,39777.83
6844,2759,15,10,98841.92,988419.2
6845,2759,50,3,94872.11,284616.33
6846,2759,248,2,60136.07,120272.14
6847,2760,217,8,81357.92,650863.36
6848,2760,157,8,1061.69,8493.52
6849,2760,170,1,38446.57,38446.57
6850,2760,39,3,63632.65,190897.95
6851,2761,341,9,21939.0,197451.0
6852,2761,106,1,55135.33,55135.33
6853,2762,361,4,62001.17,248004.68
6854,2762,180,5,46192.91,230964.55
6855,2762,491,8,74131.29,593050.32
6856,2763,226,3,93947.94,281843.82
6857,2763,236,6,79369.42,476216.52
6858,2764,374,1,94722.27,94722.27
6859,2764,77,10,73984.75,739847.5
6860,2765,326,3,38253.09,114759.27
6861,2765,302,9,77111.74,694005.66
6862,2765,330,5,21447.98,107239.9
6863,2766,402,9,23978.6,215807.4
6864,2766,121,8,66016.44,528131.52
6865,2766,185,3,1086.94,3260.82
6866,2766,363,8,62834.83,502678.64
6867,2767,318,4,49487.87,197951.48
6868,2767,312,4,73842.67,295370.68
6869,2768,359,1,5855.63,5855.63
6870,2768,242,3,67685.33,203055.99
6871,2768,457,5,9881.57,49407.85
6872,2769,458,10,14271.62,142716.2
6873,2770,295,7,35135.48,245948.36
6874,2770,258,7,47848.98,334942.86
6875,2771,366,9,55080.25,495722.25
6876,2771,311,5,18687.05,93435.25
6877,2772,147,8,51336.77,410694.16
6878,2772,274,4,75619.7,302478.8
6879,2772,137,10,76197.11,761971.1
6880,2772,70,9,772.43,6951.87
6881,2773,164,7,53935.08,377545.56
6882,2773,371,6,41514.28,249085.68
6883,2774,364,10,3342.84,33428.4
6884,2774,123,2,93563.17,187126.34
6885,2775,339,3,25471.92,76415.76
6886,2775,233,8,65540.69,524325.52
6887,2775,208,4,56772.42,227089.68
6888,2775,86,6,80325.35,481952.1
6889,2776,426,5,64269.94,321349.7
6890,2776,121,1,66016.44,66016.44
6891,2777,323,2,39674.83,79349.66
6892,2777,81,7,18695.51,130868.57
6893,2777,29,7,74548.89,521842.23
6894,2777,437,4,53137.57,212550.28
6895,2778,139,1,28949.83,28949.83
6896,2778,400,2,12653.08,25306.16
6897,2779,354,2,74915.6,149831.2
6898,2779,450,6,76687.97,460127.82
6899,2779,69,7,68976.29,482834.03
6900,2780,131,6,70151.42,420908.52
6901,2780,452,3,72768.17,218304.51
6902,2781,109,9,36652.58,329873.22
6903,2781,206,9,32119.7,289077.3
6904,2781,88,7,3367.21,23570.47
6905,2781,410,3,13019.83,39059.49
6906,2782,100,8,33424.04,267392.32
6907,2782,187,1,36091.16,36091.16
6908,2783,142,6,75143.41,450860.46
6909,2783,137,2,76197.11,152394.22
6910,2783,187,5,36091.16,180455.8
6911,2784,139,5,28949.83,144749.15
6912,2784,447,3,55233.09,165699.27
6913,2785,40,2,21333.55,42667.1
6914,2786,174,5,29995.18,149975.9
6915,2786,136,5,54477.9,272389.5
6916,2786,456,10,51371.51,513715.1
6917,2786,295,6,35135.48,210812.88
6918,2787,329,2,34638.1,69276.2
6919,2787,148,9,92685.24,834167.16
6920,2787,86,9,80325.35,722928.15
6921,2787,392,5,27017.11,135085.55
6922,2788,439,5,10571.9,52859.5
6923,2788,321,7,5887.74,41214.18
6924,2789,259,6,87836.39,527018.34
6925,2789,57,2,87716.14,175432.28
6926,2790,320,2,40089.01,80178.02
6927,2790,57,7,87716.14,614012.98
6928,2791,386,10,96986.76,969867.6
6929,2791,252,3,79564.3,238692.9
6930,2791,329,5,34638.1,173190.5
6931,2792,148,9,92685.24,834167.16
6932,2792,92,8,72515.47,580123.76
6933,2792,301,3,69572.09,208716.27
6934,2792,306,5,41536.38,207681.9
6935,2793,373,10,29032.84,290328.4
6936,2793,105,10,10713.01,107130.1
6937,2793,166,9,36399.38,327594.42
6938,2793,110,8,33531.28,268250.24
6939,2794,392,2,27017.11,54034.22
6940,2794,331,6,85505.45,513032.7
6941,2794,292,4,35636.2,142544.8
6942,2795,32,8,58241.15,465929.2
6943,2796,415,6,69855.26,419131.56
6944,2796,62,2,42376.71,84753.42
6945,2796,134,9,71581.26,644231.34
6946,2797,439,8,10571.9,84575.2
6947,2797,143,10,15069.62,150696.2
6948,2798,470,4,15743.15,62972.6
6949,2798,352,1,32029.39,32029.39
6950,2799,491,9,74131.29,667181.61
6951,2799,239,3,15448.92,46346.76
6952,2799,417,5,86832.35,434161.75
6953,2800,379,1,22448.95,22448.95
6954,2800,101,9,22659.3,203933.7
6955,2800,40,2,21333.55,42667.1
6956,2801,129,5,40088.06,200440.3
6957,2801,208,4,56772.42,227089.68
6958,2802,274,7,75619.7,529337.9
6959,2802,328,3,26653.48,79960.44
6960,2802,349,5,86891.64,434458.2
6961,2802,423,4,32409.06,129636.24
6962,2803,419,2,82032.15,164064.3
6963,2804,324,7,97662.47,683637.29
6964,2804,213,7,55391.35,387739.45
6965,2804,7,10,80186.05,801860.5
6966,2805,59,10,5299.39,52993.9
6967,2805,372,7,509.19,3564.33
6968,2805,14,4,68599.11,274396.44
6969,2805,194,8,95760.47,766083.76
6970,2806,311,3,18687.05,56061.15
6971,2806,53,2,16905.91,33811.82
6972,2806,452,9,72768.17,654913.53
6973,2807,307,1,1467.46,1467.46
6974,2807,490,7,45281.13,316967.91
6975,2807,359,6,5855.63,35133.78
6976,2807,322,1,93995.61,93995.61
6977,2808,40,8,21333.55,170668.4
6978,2808,435,2,74476.01,148952.02
6979,2808,396,6,20318.4,121910.4
6980,2808,137,10,76197.11,761971.1
6981,2809,53,2,16905.91,33811.82
6982,2810,164,3,53935.08,161805.24
6983,2810,2,4,28864.4,115457.6
6984,2811,213,1,55391.35,55391.35
6985,2812,466,5,93059.49,465297.45
6986,2813,96,8,83983.79,671870.32
6987,2814,286,10,6217.57,62175.7
6988,2814,476,9,76322.28,686900.52
6989,2815,405,4,58317.16,233268.64
6990,2815,493,3,62492.68,187478.04
6991,2815,441,2,62719.84,125439.68
6992,2815,262,3,42358.06,127074.18
6993,2816,284,7,8463.95,59247.65
6994,2817,136,10,54477.9,544779.0
6995,2818,73,8,72494.58,579956.64
6996,2818,191,10,16054.19,160541.9
6997,2818,19,7,66222.77,463559.39
6998,2819,317,8,84877.05,679016.4
6999,2819,310,9,35677.02,321093.18
7000,2819,417,5,86832.35,434161.75
7001,2819,326,3,38253.09,114759.27
7002,2820,477,1,49042.18,49042.18
7003,2821,147,2,51336.77,102673.54
7004,2822,430,5,65963.17,329815.85
7005,2822,139,7,28949.83,202648.81
7006,2822,70,1,772.43,772.43
7007,2823,115,4,89739.27,358957.08
7008,2823,432,9,71925.6,647330.4
7009,2823,251,7,22326.7,156286.9
7010,2823,87,2,61326.65,122653.3
7011,2824,297,9,57703.22,519328.98
7012,2824,189,6,28510.99,171065.94
7013,2824,87,10,61326.65,613266.5
7014,2825,234,8,51907.96,415263.68
7015,2825,500,7,97989.39,685925.73
7016,2825,166,4,36399.38,145597.52
7017,2826,360,3,76617.14,229851.42
7018,2826,392,10,27017.11,270171.1
7019,2826,312,4,73842.67,295370.68
7020,2826,258,1,47848.98,47848.98
7021,2827,161,10,7751.64,77516.4
7022,2827,256,8,2147.98,17183.84
7023,2827,245,10,16532.35,165323.5
7024,2828,200,7,19835.46,138848.22
7025,2828,228,1,4759.44,4759.44
7026,2829,160,1,49309.82,49309.82
7027,2829,369,6,90937.85,545627.1
7028,2829,321,10,5887.74,58877.4
7029,2829,52,4,99615.82,398463.28
7030,2830,374,2,94722.27,189444.54
7031,2830,345,6,20296.33,121777.98
7032,2830,275,1,48505.54,48505.54
7033,2831,419,10,82032.15,820321.5
7034,2831,434,1,80201.48,80201.48
7035,2831,118,4,45976.08,183904.32
7036,2832,499,1,2398.29,2398.29
7037,2832,414,3,70809.28,212427.84
7038,2832,223,9,84874.19,763867.71
7039,2833,393,7,47279.6,330957.2
7040,2833,283,10,9270.0,92700.0
7041,2833,324,7,97662.47,683637.29
7042,2834,367,7,59287.68,415013.76
7043,2834,8,4,80606.01,322424.04
7044,2834,438,6,8254.57,49527.42
7045,2834,317,5,84877.05,424385.25
7046,2835,465,8,35119.06,280952.48
7047,2835,470,6,15743.15,94458.9
7048,2835,202,2,64645.11,129290.22
7049,2835,9,3,89600.56,268801.68
7050,2836,30,2,37482.4,74964.8
7051,2837,67,3,97325.41,291976.23
7052,2837,200,7,19835.46,138848.22
7053,2837,85,5,10819.45,54097.25
7054,2838,469,1,56708.83,56708.83
7055,2838,54,3,23227.62,69682.86
7056,2838,270,5,65627.34,328136.7
7057,2839,299,9,29778.06,268002.54
7058,2839,151,6,91192.89,547157.34
7059,2839,32,10,58241.15,582411.5
7060,2840,165,6,88397.98,530387.88
7061,2840,208,4,56772.42,227089.68
7062,2841,81,4,18695.51,74782.04
7063,2841,411,8,78961.9,631695.2
7064,2841,142,8,75143.41,601147.28
7065,2842,20,7,65712.36,459986.52
7066,2842,422,6,85754.51,514527.06
7067,2842,229,6,39115.26,234691.56
7068,2843,459,5,23682.92,118414.6
7069,2843,115,9,89739.27,807653.43
7070,2843,249,6,94751.76,568510.56
7071,2843,449,3,24451.89,73355.67
7072,2844,39,6,63632.65,381795.9
7073,2844,88,9,3367.21,30304.89
7074,2844,483,5,77083.29,385416.45
7075,2845,235,1,40881.3,40881.3
7076,2845,407,2,16191.0,32382.0
7077,2845,304,8,48456.03,387648.24
7078,2845,433,6,92876.17,557257.02
7079,2846,437,8,53137.57,425100.56
7080,2846,81,10,18695.51,186955.1
7081,2847,319,10,49335.13,493351.3
7082,2847,141,7,5779.97,40459.79
7083,2848,450,10,76687.97,766879.7
7084,2848,83,7,65060.23,455421.61
7085,2848,108,8,56452.09,451616.72
7086,2849,348,10,38416.56,384165.6
7087,2849,448,10,76536.34,765363.4
7088,2849,300,1,87673.25,87673.25
7089,2850,31,4,85195.78,340783.12
7090,2850,420,9,571.62,5144.58
7091,2851,138,1,57278.5,57278.5
7092,2851,20,1,65712.36,65712.36
7093,2851,225,9,18324.95,164924.55
7094,2852,389,10,22110.21,221102.1
7095,2852,46,2,2282.65,4565.3
7096,2852,176,3,53553.98,160661.94
7097,2853,74,6,45946.75,275680.5
7098,2853,213,8,55391.35,443130.8
7099,2853,289,6,51823.46,310940.76
7100,2854,429,9,19565.86,176092.74
7101,2854,356,6,72913.36,437480.16
7102,2855,363,4,62834.83,251339.32
7103,2856,193,3,96033.36,288100.08
7104,2856,362,10,23320.92,233209.2
7105,2856,127,5,50658.96,253294.8
7106,2856,171,7,26030.76,182215.32
7107,2857,160,3,49309.82,147929.46
7108,2858,383,1,14094.09,14094.09
7109,2858,86,9,80325.35,722928.15
7110,2858,12,6,1231.08,7386.48
7111,2858,139,3,28949.83,86849.49
7112,2859,204,4,95178.22,380712.88
7113,2860,135,7,98142.88,687000.16
7114,2860,454,2,30383.23,60766.46
7115,2861,270,10,65627.34,656273.4
7116,2862,270,3,65627.34,196882.02
7117,2862,254,9,92274.02,830466.18
7118,2862,97,3,1658.66,4975.98
7119,2862,230,7,4470.52,31293.64
7120,2863,309,4,55677.87,222711.48
7121,2863,458,4,14271.62,57086.48
7122,2863,426,9,64269.94,578429.46
7123,2864,147,2,51336.77,102673.54
7124,2865,247,2,26196.83,52393.66
7125,2866,25,4,30369.39,121477.56
7126,2866,126,1,39046.86,39046.86
7127,2866,104,9,44983.28,404849.52
7128,2866,425,6,15836.09,95016.54
7129,2867,145,5,10696.76,53483.8
7130,2867,45,4,89254.64,357018.56
7131,2867,271,7,36545.84,255820.88
7132,2868,28,1,65616.25,65616.25
7133,2868,341,10,21939.0,219390.0
7134,2868,93,4,52548.77,210195.08
7135,2868,347,2,67482.69,134965.38
7136,2869,242,9,67685.33,609167.97
7137,2869,467,9,92900.99,836108.91
7138,2870,375,3,76703.99,230111.97
7139,2871,17,10,15417.96,154179.6
7140,2872,477,8,49042.18,392337.44
7141,2872,213,7,55391.35,387739.45
7142,2873,482,8,19453.73,155629.84
7143,2873,235,4,40881.3,163525.2
7144,2873,401,7,36362.45,254537.15
7145,2873,238,6,23384.08,140304.48
7146,2874,194,5,95760.47,478802.35
7147,2874,160,6,49309.82,295858.92
7148,2874,183,10,41059.46,410594.6
7149,2874,179,1,64832.84,64832.84
7150,2875,129,9,40088.06,360792.54
7151,2875,461,2,72496.26,144992.52
7152,2876,413,5,72577.72,362888.6
7153,2876,441,4,62719.84,250879.36
7154,2876,357,6,21451.86,128711.16
7155,2877,56,1,12754.62,12754.62
7156,2878,196,4,59867.16,239468.64
7157,2878,320,10,40089.01,400890.1
7158,2879,191,1,16054.19,16054.19
7159,2879,106,9,55135.33,496217.97
7160,2879,121,10,66016.44,660164.4
7161,2880,99,4,7949.09,31796.36
7162,2880,354,4,74915.6,299662.4
7163,2881,106,6,55135.33,330811.98
7164,2882,160,9,49309.82,443788.38
7165,2883,173,1,80380.27,80380.27
7166,2883,383,8,14094.09,112752.72
7167,2883,403,1,17152.36,17152.36
7168,2884,193,1,96033.36,96033.36
7169,2884,129,7,40088.06,280616.42
7170,2885,410,7,13019.83,91138.81
7171,2885,408,1,93119.45,93119.45
7172,2886,226,6,93947.94,563687.64
7173,2886,145,2,10696.76,21393.52
7174,2886,368,5,52584.25,262921.25
7175,2886,55,5,73540.62,367703.1
7176,2887,224,7,75842.0,530894.0
7177,2887,81,5,18695.51,93477.55
7178,2887,55,9,73540.62,661865.58
7179,2887,478,4,56336.18,225344.72
7180,2888,339,10,25471.92,254719.2
7181,2888,70,8,772.43,6179.44
7182,2888,233,4,65540.69,262162.76
7183,2889,90,10,5074.25,50742.5
7184,2890,28,6,65616.25,393697.5
7185,2890,224,8,75842.0,606736.0
7186,2890,291,3,97576.77,292730.31
7187,2891,86,3,80325.35,240976.05
7188,2891,342,4,45260.55,181042.2
7189,2891,18,6,80640.27,483841.62
7190,2892,233,2,65540.69,131081.38
7191,2892,237,3,50432.78,151298.34
7192,2893,280,5,61595.52,307977.6
7193,2893,93,9,52548.77,472938.93
7194,2893,275,9,48505.54,436549.86
7195,2894,303,10,68318.67,683186.7
7196,2895,426,2,64269.94,128539.88
7197,2895,309,7,55677.87,389745.09
7198,2895,184,6,31982.22,191893.32
7199,2896,384,10,45550.34,455503.4
7200,2897,161,7,7751.64,54261.48
7201,2897,429,5,19565.86,97829.3
7202,2897,419,5,82032.15,410160.75
7203,2898,129,4,40088.06,160352.24
7204,2898,393,10,47279.6,472796.0
7205,2898,165,1,88397.98,88397.98
7206,2898,74,1,45946.75,45946.75
7207,2899,38,3,49014.29,147042.87
7208,2899,496,5,79024.26,395121.3
7209,2899,190,3,39813.77,119441.31
7210,2900,254,5,92274.02,461370.1
7211,2900,276,8,48634.14,389073.12
7212,2900,188,1,78795.74,78795.74
7213,2900,170,2,38446.57,76893.14
7214,2901,391,6,8482.2,50893.2
7215,2901,250,1,99281.19,99281.19
7216,2901,307,2,1467.46,2934.92
7217,2901,352,5,32029.39,160146.95
7218,2902,232,10,58073.83,580738.3
7219,2902,481,4,67338.88,269355.52
7220,2902,23,7,72791.71,509541.97
7221,2902,384,8,45550.34,364402.72
7222,2903,389,6,22110.21,132661.26
7223,2903,329,1,34638.1,34638.1
7224,2904,465,1,35119.06,35119.06
7225,2904,258,1,47848.98,47848.98
7226,2905,342,8,45260.55,362084.4
7227,2905,40,1,21333.55,21333.55
7228,2905,237,8,50432.78,403462.24
7229,2906,139,7,28949.83,202648.81
7230,2906,359,1,5855.63,5855.63
7231,2907,55,2,73540.62,147081.24
7232,2907,212,4,46553.41,186213.64
7233,2908,7,10,80186.05,801860.5
7234,2908,383,10,14094.09,140940.9
7235,2908,250,3,99281.19,297843.57
7236,2909,198,5,41559.12,207795.6
7237,2910,247,3,26196.83,78590.49
7238,2910,166,8,36399.38,291195.04
7239,2910,432,6,71925.6,431553.6
7240,2911,332,9,57355.27,516197.43
7241,2911,92,4,72515.47,290061.88
7242,2911,368,3,52584.25,157752.75
7243,2912,251,6,22326.7,133960.2
7244,2912,352,2,32029.39,64058.78
7245,2912,461,6,72496.26,434977.56
7246,2912,258,1,47848.98,47848.98
7247,2913,465,9,35119.06,316071.54
7248,2913,453,2,52002.13,104004.26
7249,2913,201,6,85213.08,511278.48
7250,2913,267,6,87738.25,526429.5
7251,2914,57,7,87716.14,614012.98
7252,2914,355,7,17148.15,120037.05
7253,2914,167,2,47748.29,95496.58
7254,2914,187,7,36091.16,252638.12
7255,2915,287,1,44177.72,44177.72
7256,2915,299,10,29778.06,297780.6
7257,2915,457,4,9881.57,39526.28
7258,2915,155,7,38031.22,266218.54
7259,2916,199,7,16514.96,115604.72
7260,2916,129,1,40088.06,40088.06
7261,2917,292,6,35636.2,213817.2
7262,2917,452,2,72768.17,145536.34
7263,2917,190,7,39813.77,278696.39
7264,2918,443,2,67612.01,135224.02
7265,2919,107,6,96335.54,578013.24
7266,2919,301,7,69572.09,487004.63
7267,2920,96,5,83983.79,419918.95
7268,2920,68,6,16457.17,98743.02
7269,2921,262,3,42358.06,127074.18
7270,2922,203,2,25443.42,50886.84
7271,2922,311,10,18687.05,186870.5
7272,2922,207,3,66112.51,198337.53
7273,2923,486,3,68693.24,206079.72
7274,2924,463,5,59725.5,298627.5
7275,2924,291,9,97576.77,878190.93
7276,2924,231,7,70521.76,493652.32
7277,2924,433,10,92876.17,928761.7
7278,2925,284,10,8463.95,84639.5
7279,2925,156,9,26791.84,241126.56
7280,2925,270,10,65627.34,656273.4
7281,2925,247,7,26196.83,183377.81
7282,2926,44,7,4253.67,29775.69
7283,2926,293,4,20430.88,81723.52
7284,2927,178,3,83648.68,250946.04
7285,2928,322,4,93995.61,375982.44
7286,2928,27,7,72656.07,508592.49
7287,2928,134,10,71581.26,715812.6
7288,2928,363,3,62834.83,188504.49
7289,2929,391,10,8482.2,84822.0
7290,2929,178,2,83648.68,167297.36
7291,2930,129,2,40088.06,80176.12
7292,2930,69,3,68976.29,206928.87
7293,2930,121,8,66016.44,528131.52
7294,2930,3,5,85455.22,427276.1
7295,2931,301,1,69572.09,69572.09
7296,2931,470,2,15743.15,31486.3
7297,2931,368,8,52584.25,420674.0
7298,2931,393,7,47279.6,330957.2
7299,2932,499,10,2398.29,23982.9
7300,2932,56,2,12754.62,25509.24
7301,2933,125,1,17778.2,17778.2
7302,2933,239,9,15448.92,139040.28
7303,2933,350,6,63311.7,379870.2
7304,2933,334,6,43505.77,261034.62
7305,2934,416,1,54590.24,54590.24
7306,2934,199,7,16514.96,115604.72
7307,2935,89,1,92079.6,92079.6
7308,2935,99,7,7949.09,55643.63
7309,2936,179,8,64832.84,518662.72
7310,2936,214,4,84258.4,337033.6
7311,2937,252,7,79564.3,556950.1
7312,2937,233,10,65540.69,655406.9
7313,2937,192,5,79778.66,398893.3
7314,2938,393,9,47279.6,425516.4
7315,2938,312,5,73842.67,369213.35
7316,2939,1,5,34752.78,173763.9
7317,2940,430,1,65963.17,65963.17
7318,2941,438,3,8254.57,24763.71
7319,2941,382,8,41583.94,332671.52
7320,2942,10,3,25573.87,76721.61
7321,2942,112,5,11845.32,59226.6
7322,2943,364,5,3342.84,16714.2
7323,2943,228,7,4759.44,33316.08
7324,2944,384,6,45550.34,273302.04
7325,2944,407,3,16191.0,48573.0
7326,2945,403,7,17152.36,120066.52
7327,2945,175,2,51632.52,103265.04
7328,2946,286,9,6217.57,55958.13
7329,2947,7,4,80186.05,320744.2
7330,2947,495,9,25917.91,233261.19
7331,2948,352,7,32029.39,224205.73
7332,2949,259,3,87836.39,263509.17
7333,2949,342,2,45260.55,90521.1
7334,2949,212,9,46553.41,418980.69
7335,2950,103,2,80225.5,160451.0
7336,2950,471,2,75407.6,150815.2
7337,2950,333,2,72221.14,144442.28
7338,2951,258,2,47848.98,95697.96
7339,2951,391,8,8482.2,67857.6
7340,2952,408,4,93119.45,372477.8
7341,2952,309,7,55677.87,389745.09
7342,2952,16,7,26484.12,185388.84
7343,2952,415,7,69855.26,488986.82
7344,2953,118,10,45976.08,459760.8
7345,2953,201,5,85213.08,426065.4
7346,2953,334,8,43505.77,348046.16
7347,2953,369,3,90937.85,272813.55
7348,2954,333,4,72221.14,288884.56
7349,2955,213,6,55391.35,332348.1
7350,2955,488,10,86940.86,869408.6
7351,2956,173,4,80380.27,321521.08
7352,2956,6,8,47672.67,381381.36
7353,2956,99,10,7949.09,79490.9
7354,2957,368,3,52584.25,157752.75
7355,2958,16,8,26484.12,211872.96
7356,2958,427,6,66059.66,396357.96
7357,2958,116,4,11142.67,44570.68
7358,2959,325,2,31907.3,63814.6
7359,2959,353,4,64642.11,258568.44
7360,2959,102,3,81801.78,245405.34
7361,2960,379,8,22448.95,179591.6
7362,2960,176,6,53553.98,321323.88
7363,2960,65,7,12214.59,85502.13
7364,2961,426,6,64269.94,385619.64
7365,2961,51,1,52649.71,52649.71
7366,2961,299,4,29778.06,119112.24
7367,2961,324,1,97662.47,97662.47
7368,2962,207,9,66112.51,595012.59
7369,2962,257,1,82738.16,82738.16
7370,2962,233,8,65540.69,524325.52
7371,2963,65,7,12214.59,85502.13
7372,2964,78,10,85273.87,852738.7
7373,2964,146,5,74370.07,371850.35
7374,2964,435,9,74476.01,670284.09
7375,2965,257,6,82738.16,496428.96
7376,2966,410,10,13019.83,130198.3
7377,2966,371,9,41514.28,373628.52
7378,2967,260,3,9772.4,29317.2
7379,2967,258,1,47848.98,47848.98
7380,2968,168,2,67059.38,134118.76
7381,2969,301,8,69572.09,556576.72
7382,2969,240,7,71871.62,503101.34
7383,2969,227,5,23559.12,117795.6
7384,2970,126,7,39046.86,273328.02
7385,2971,210,6,71363.81,428182.86
7386,2972,212,9,46553.41,418980.69
7387,2972,430,3,65963.17,197889.51
7388,2972,178,3,83648.68,250946.04
7389,2972,71,7,83605.6,585239.2
7390,2973,430,10,65963.17,659631.7
7391,2974,337,10,13879.93,138799.3
7392,2974,138,1,57278.5,57278.5
7393,2974,363,3,62834.83,188504.49
7394,2975,288,10,19877.28,198772.8
7395,2975,439,5,10571.9,52859.5
7396,2975,135,4,98142.88,392571.52
7397,2976,380,8,51902.7,415221.6
7398,2976,440,8,19351.31,154810.48
7399,2976,164,7,53935.08,377545.56
7400,2977,40,9,21333.55,192001.95
7401,2977,370,9,80568.42,725115.78
7402,2977,452,7,72768.17,509377.19
7403,2977,122,6,931.59,5589.54
7404,2978,9,1,89600.56,89600.56
7405,2978,398,10,68303.51,683035.1
7406,2978,378,2,39777.83,79555.66
7407,2979,305,7,63549.35,444845.45
7408,2979,178,8,83648.68,669189.44
7409,2979,369,9,90937.85,818440.65
7410,2980,73,4,72494.58,289978.32
7411,2980,485,10,15008.94,150089.4
7412,2981,492,10,52564.96,525649.6
7413,2981,480,4,68631.43,274525.72
7414,2981,388,7,23664.64,165652.48
7415,2982,473,2,13652.81,27305.62
7416,2983,45,8,89254.64,714037.12
7417,2983,79,1,36073.98,36073.98
7418,2983,327,7,61471.42,430299.94
7419,2984,55,4,73540.62,294162.48
7420,2984,288,7,19877.28,139140.96
7421,2984,397,1,66767.78,66767.78
7422,2984,168,9,67059.38,603534.42
7423,2985,274,3,75619.7,226859.1
7424,2985,22,1,70952.86,70952.86
7425,2985,480,3,68631.43,205894.29
7426,2985,225,1,18324.95,18324.95
7427,2986,475,4,8965.36,35861.44
7428,2986,325,9,31907.3,287165.7
7429,2987,484,2,82247.61,164495.22
7430,2988,6,10,47672.67,476726.7
7431,2988,389,10,22110.21,221102.1
7432,2989,203,4,25443.42,101773.68
7433,2989,437,8,53137.57,425100.56
7434,2989,245,3,16532.35,49597.05
7435,2989,220,1,36898.95,36898.95
7436,2990,332,4,57355.27,229421.08
7437,2990,228,5,4759.44,23797.2
7438,2991,258,7,47848.98,334942.86
7439,2991,115,6,89739.27,538435.62
7440,2991,459,7,23682.92,165780.44
7441,2992,1,10,34752.78,347527.8
7442,2992,236,1,79369.42,79369.42
7443,2992,328,6,26653.48,159920.88
7444,2992,52,7,99615.82,697310.74
7445,2993,252,4,79564.3,318257.2
7446,2993,413,10,72577.72,725777.2
7447,2993,147,7,51336.77,359357.39
7448,2994,245,7,16532.35,115726.45
7449,2994,18,8,80640.27,645122.16
7450,2994,163,4,78732.69,314930.76
7451,2994,134,10,71581.26,715812.6
7452,2995,39,5,63632.65,318163.25
7453,2995,201,10,85213.08,852130.8
7454,2996,303,6,68318.67,409912.02
7455,2997,218,9,21669.69,195027.21
7456,2997,458,8,14271.62,114172.96
7457,2997,282,4,82413.92,329655.68
7458,2998,387,6,28570.4,171422.4
7459,2999,274,3,75619.7,226859.1
7460,2999,64,6,83149.95,498899.7
7461,2999,30,4,37482.4,149929.6
7462,2999,436,2,79527.83,159055.66
7463,3000,496,3,79024.26,237072.78
7464,3000,302,7,77111.74,539782.18
7465,3001,66,9,20265.34,182388.06
7466,3001,162,1,22386.22,22386.22
7467,3001,140,1,52511.63,52511.63
7468,3001,254,10,92274.02,922740.2
7469,3002,265,1,42836.19,42836.19
7470,3002,27,2,72656.07,145312.14
7471,3002,157,5,1061.69,5308.45
7472,3003,63,8,62468.38,499747.04
7473,3003,426,1,64269.94,64269.94
7474,3003,162,1,22386.22,22386.22
7475,3003,312,1,73842.67,73842.67
7476,3004,470,10,15743.15,157431.5
7477,3005,495,1,25917.91,25917.91
7478,3006,108,6,56452.09,338712.54
7479,3006,266,5,91053.49,455267.45
7480,3006,260,7,9772.4,68406.8
7481,3006,481,8,67338.88,538711.04
7482,3007,323,8,39674.83,317398.64
7483,3007,159,5,77479.26,387396.3
7484,3008,433,10,92876.17,928761.7
7485,3008,206,4,32119.7,128478.8
7486,3009,284,10,8463.95,84639.5
7487,3010,54,10,23227.62,232276.2
7488,3010,108,9,56452.09,508068.81
7489,3010,55,6,73540.62,441243.72
7490,3011,255,3,23366.47,70099.41
7491,3011,35,2,14167.84,28335.68
7492,3011,269,4,52492.79,209971.16
7493,3011,113,1,34465.03,34465.03
7494,3012,151,9,91192.89,820736.01
7495,3012,65,5,12214.59,61072.95
7496,3012,478,3,56336.18,169008.54
7497,3013,323,2,39674.83,79349.66
7498,3013,35,10,14167.84,141678.4
7499,3013,54,1,23227.62,23227.62
7500,3014,387,10,28570.4,285704.0
7501,3014,181,5,7788.18,38940.9
7502,3015,296,5,60833.16,304165.8
7503,3016,339,5,25471.92,127359.6
7504,3016,296,2,60833.16,121666.32
7505,3017,161,8,7751.64,62013.12
7506,3017,290,10,67565.43,675654.3
7507,3018,374,4,94722.27,378889.08
7508,3019,127,9,50658.96,455930.64
7509,3019,286,8,6217.57,49740.56
7510,3020,240,1,71871.62,71871.62
7511,3020,200,7,19835.46,138848.22
7512,3020,437,3,53137.57,159412.71
7513,3020,221,9,13821.19,124390.71
7514,3021,459,4,23682.92,94731.68
7515,3021,429,5,19565.86,97829.3
7516,3021,37,1,31980.15,31980.15
7517,3022,289,8,51823.46,414587.68
7518,3022,314,9,35924.72,323322.48
7519,3023,274,5,75619.7,378098.5
7520,3023,237,5,50432.78,252163.9
7521,3024,11,2,82518.93,165037.86
7522,3024,271,9,36545.84,328912.56
7523,3025,209,3,17279.63,51838.89
7524,3025,123,10,93563.17,935631.7
7525,3026,325,8,31907.3,255258.4
7526,3026,320,1,40089.01,40089.01
7527,3027,198,7,41559.12,290913.84
7528,3027,386,4,96986.76,387947.04
7529,3028,450,8,76687.97,613503.76
7530,3028,3,2,85455.22,170910.44
7531,3029,478,2,56336.18,112672.36
7532,3029,159,9,77479.26,697313.34
7533,3029,287,6,44177.72,265066.32
7534,3030,114,4,52437.52,209750.08
7535,3031,40,8,21333.55,170668.4
7536,3032,29,8,74548.89,596391.12
7537,3032,175,7,51632.52,361427.64
7538,3032,225,8,18324.95,146599.6
7539,3032,425,8,15836.09,126688.72
7540,3033,304,3,48456.03,145368.09
7541,3034,391,4,8482.2,33928.8
7542,3034,18,1,80640.27,80640.27
7543,3035,272,8,25736.46,205891.68
7544,3035,497,6,46763.6,280581.6
7545,3036,139,10,28949.83,289498.3
7546,3036,18,3,80640.27,241920.81
7547,3036,184,4,31982.22,127928.88
7548,3036,258,1,47848.98,47848.98
7549,3037,214,7,84258.4,589808.8
7550,3037,7,8,80186.05,641488.4
7551,3038,272,3,25736.46,77209.38
7552,3038,247,5,26196.83,130984.15
7553,3038,57,10,87716.14,877161.4
7554,3038,305,8,63549.35,508394.8
7555,3039,194,6,95760.47,574562.82
7556,3039,166,8,36399.38,291195.04
7557,3040,97,7,1658.66,11610.62
7558,3041,296,8,60833.16,486665.28
7559,3041,431,5,25965.88,129829.4
7560,3041,213,6,55391.35,332348.1
7561,3042,356,5,72913.36,364566.8
7562,3043,118,3,45976.08,137928.24
7563,3043,232,6,58073.83,348442.98
7564,3043,183,8,41059.46,328475.68
7565,3044,498,9,66207.1,595863.9
7566,3044,414,9,70809.28,637283.52
7567,3044,153,3,29770.68,89312.04
7568,3045,72,10,94969.88,949698.8
7569,3045,369,10,90937.85,909378.5
7570,3045,215,1,20044.98,20044.98
7571,3046,418,9,7353.22,66178.98
7572,3047,486,2,68693.24,137386.48
7573,3047,54,2,23227.62,46455.24
7574,3047,391,6,8482.2,50893.2
7575,3048,244,4,24745.2,98980.8
7576,3048,458,9,14271.62,128444.58
7577,3048,128,6,91633.07,549798.42
7578,3048,404,2,39882.93,79765.86
7579,3049,236,7,79369.42,555585.94
7580,3049,220,8,36898.95,295191.6
7581,3049,147,1,51336.77,51336.77
7582,3050,31,9,85195.78,766762.02
7583,3050,339,1,25471.92,25471.92
7584,3050,212,10,46553.41,465534.1
7585,3051,259,4,87836.39,351345.56
7586,3051,377,2,19262.81,38525.62
7587,3052,133,6,63442.04,380652.24
7588,3052,223,1,84874.19,84874.19
7589,3053,389,6,22110.21,132661.26
7590,3053,249,9,94751.76,852765.84
7591,3054,27,5,72656.07,363280.35
7592,3054,128,6,91633.07,549798.42
7593,3054,472,7,22597.52,158182.64
7594,3054,321,4,5887.74,23550.96
7595,3055,438,9,8254.57,74291.13
7596,3055,106,10,55135.33,551353.3
7597,3056,126,10,39046.86,390468.6
7598,3056,154,6,96266.29,577597.74
7599,3057,143,6,15069.62,90417.72
7600,3057,394,8,82911.08,663288.64
7601,3058,174,2,29995.18,59990.36
7602,3059,443,6,67612.01,405672.06
7603,3059,451,8,96184.35,769474.8
7604,3059,448,9,76536.34,688827.06
7605,3060,207,9,66112.51,595012.59
7606,3060,99,9,7949.09,71541.81
7607,3061,422,4,85754.51,343018.04
7608,3062,493,3,62492.68,187478.04
7609,3062,138,8,57278.5,458228.0
7610,3063,194,2,95760.47,191520.94
7611,3064,396,9,20318.4,182865.6
7612,3064,83,7,65060.23,455421.61
7613,3064,367,10,59287.68,592876.8
7614,3064,476,8,76322.28,610578.24
7615,3065,247,3,26196.83,78590.49
7616,3065,214,4,84258.4,337033.6
7617,3065,371,8,41514.28,332114.24
7618,3066,108,9,56452.09,508068.81
7619,3067,334,9,43505.77,391551.93
7620,3067,143,8,15069.62,120556.96
7621,3067,241,3,81211.68,243635.04
7622,3068,270,4,65627.34,262509.36
7623,3068,50,2,94872.11,189744.22
7624,3068,293,10,20430.88,204308.8
7625,3068,445,3,50716.93,152150.79
7626,3069,371,5,41514.28,207571.4
7627,3069,293,2,20430.88,40861.76
7628,3070,478,4,56336.18,225344.72
7629,3070,493,3,62492.68,187478.04
7630,3071,444,7,17097.53,119682.71
7631,3072,179,10,64832.84,648328.4
7632,3072,124,5,92474.9,462374.5
7633,3073,467,9,92900.99,836108.91
7634,3074,141,5,5779.97,28899.85
7635,3074,175,2,51632.52,103265.04
7636,3074,189,9,28510.99,256598.91
7637,3075,163,9,78732.69,708594.21
7638,3075,276,4,48634.14,194536.56
7639,3076,134,1,71581.26,71581.26
7640,3077,456,4,51371.51,205486.04
7641,3078,206,4,32119.7,128478.8
7642,3078,116,3,11142.67,33428.01
7643,3078,15,9,98841.92,889577.28
7644,3079,221,4,13821.19,55284.76
7645,3079,244,6,24745.2,148471.2
7646,3080,446,5,99844.14,499220.7
7647,3080,314,8,35924.72,287397.76
7648,3080,5,10,65332.94,653329.4
7649,3081,185,9,1086.94,9782.46
7650,3081,227,10,23559.12,235591.2
7651,3081,52,7,99615.82,697310.74
7652,3081,219,3,54575.2,163725.6
7653,3082,100,3,33424.04,100272.12
7654,3083,31,3,85195.78,255587.34
7655,3083,269,9,52492.79,472435.11
7656,3083,214,7,84258.4,589808.8
7657,3084,198,4,41559.12,166236.48
7658,3084,150,5,20707.18,103535.9
7659,3084,492,8,52564.96,420519.68
7660,3085,26,9,29731.51,267583.59
7661,3085,351,3,8371.64,25114.92
7662,3085,349,4,86891.64,347566.56
7663,3085,269,1,52492.79,52492.79
7664,3086,436,9,79527.83,715750.47
7665,3086,186,8,75718.08,605744.64
7666,3087,267,5,87738.25,438691.25
7667,3087,307,7,1467.46,10272.22
7668,3088,478,7,56336.18,394353.26
7669,3088,449,4,24451.89,97807.56
7670,3088,341,2,21939.0,43878.0
7671,3088,110,7,33531.28,234718.96
7672,3089,125,9,17778.2,160003.8
7673,3089,9,5,89600.56,448002.8
7674,3090,22,7,70952.86,496670.02
7675,3090,53,3,16905.91,50717.73
7676,3090,241,9,81211.68,730905.12
7677,3090,81,1,18695.51,18695.51
7678,3091,484,7,82247.61,575733.27
7679,3091,107,5,96335.54,481677.7
7680,3092,264,5,35376.52,176882.6
7681,3093,145,2,10696.76,21393.52
7682,3093,293,7,20430.88,143016.16
7683,3093,42,4,61640.73,246562.92
7684,3093,324,5,97662.47,488312.35
7685,3094,440,1,19351.31,19351.31
7686,3094,349,4,86891.64,347566.56
7687,3095,32,2,58241.15,116482.3
7688,3096,211,7,84090.95,588636.65
7689,3096,121,3,66016.44,198049.32
7690,3096,394,3,82911.08,248733.24
7691,3096,193,9,96033.36,864300.24
7692,3097,186,5,75718.08,378590.4
7693,3097,429,2,19565.86,39131.72
7694,3097,163,5,78732.69,393663.45
7695,3098,274,6,75619.7,453718.2
7696,3099,316,7,1159.06,8113.42
7697,3099,468,3,30825.95,92477.85
7698,3099,475,3,8965.36,26896.08
7699,3099,438,10,8254.57,82545.7
7700,3100,39,2,63632.65,127265.3
7701,3100,392,1,27017.11,27017.11
7702,3100,429,9,19565.86,176092.74
7703,3101,270,1,65627.34,65627.34
7704,3101,219,7,54575.2,382026.4
7705,3101,41,7,76566.13,535962.91
7706,3102,379,1,22448.95,22448.95
7707,3103,444,1,17097.53,17097.53
7708,3103,200,5,19835.46,99177.3
7709,3104,303,8,68318.67,546549.36
7710,3104,10,5,25573.87,127869.35
7711,3104,327,10,61471.42,614714.2
7712,3104,54,6,23227.62,139365.72
7713,3105,262,10,42358.06,423580.6
7714,3105,425,2,15836.09,31672.18
7715,3106,457,5,9881.57,49407.85
7716,3106,421,5,73498.95,367494.75
7717,3106,69,2,68976.29,137952.58
7718,3106,462,1,49083.5,49083.5
7719,3107,200,9,19835.46,178519.14
7720,3107,321,5,5887.74,29438.7
7721,3107,252,6,79564.3,477385.8
7722,3107,280,8,61595.52,492764.16
7723,3108,435,3,74476.01,223428.03
7724,3108,424,2,19392.01,38784.02
7725,3109,179,5,64832.84,324164.2
7726,3109,29,3,74548.89,223646.67
7727,3109,448,4,76536.34,306145.36
7728,3109,91,9,70604.53,635440.77
7729,3110,178,5,83648.68,418243.4
7730,3110,137,1,76197.11,76197.11
7731,3111,40,1,21333.55,21333.55
7732,3111,410,8,13019.83,104158.64
7733,3111,35,3,14167.84,42503.52
7734,3111,329,10,34638.1,346381.0
7735,3112,13,1,64910.54,64910.54
7736,3112,87,6,61326.65,367959.9
7737,3112,125,1,17778.2,17778.2
7738,3113,223,9,84874.19,763867.71
7739,3113,228,6,4759.44,28556.64
7740,3113,49,4,17118.51,68474.04
7741,3113,130,4,80577.28,322309.12
7742,3114,398,8,68303.51,546428.08
7743,3114,63,2,62468.38,124936.76
7744,3115,234,6,51907.96,311447.76
7745,3115,295,6,35135.48,210812.88
7746,3115,390,5,99797.36,498986.8
7747,3116,88,10,3367.21,33672.1
7748,3117,150,10,20707.18,207071.8
7749,3117,386,3,96986.76,290960.28
7750,3118,3,3,85455.22,256365.66
7751,3118,421,9,73498.95,661490.55
7752,3119,183,3,41059.46,123178.38
7753,3120,261,10,54158.96,541589.6
7754,3121,72,8,94969.88,759759.04
7755,3121,57,7,87716.14,614012.98
7756,3121,433,9,92876.17,835885.53
7757,3122,62,3,42376.71,127130.13
7758,3123,311,1,18687.05,18687.05
7759,3123,221,6,13821.19,82927.14
7760,3123,86,1,80325.35,80325.35
7761,3123,172,8,91177.92,729423.36
7762,3124,365,5,86491.99,432459.95
7763,3124,70,10,772.43,7724.3
7764,3125,119,10,11222.69,112226.9
7765,3126,123,3,93563.17,280689.51
7766,3126,28,6,65616.25,393697.5
7767,3126,127,1,50658.96,50658.96
7768,3127,250,10,99281.19,992811.9
7769,3127,129,7,40088.06,280616.42
7770,3128,404,4,39882.93,159531.72
7771,3128,499,9,2398.29,21584.61
7772,3129,259,5,87836.39,439181.95
7773,3129,492,5,52564.96,262824.8
7774,3130,389,4,22110.21,88440.84
7775,3131,329,4,34638.1,138552.4
7776,3131,202,10,64645.11,646451.1
7777,3131,182,10,7508.99,75089.9
7778,3131,132,10,84385.91,843859.1
7779,3132,80,9,87908.32,791174.88
7780,3132,432,6,71925.6,431553.6
7781,3132,375,9,76703.99,690335.91
7782,3133,98,4,84960.13,339840.52
7783,3134,268,7,1044.21,7309.47
7784,3135,421,9,73498.95,661490.55
7785,3135,50,7,94872.11,664104.77
7786,3135,148,4,92685.24,370740.96
7787,3136,303,1,68318.67,68318.67
7788,3136,333,9,72221.14,649990.26
7789,3137,416,1,54590.24,54590.24
7790,3137,11,5,82518.93,412594.65
7791,3137,171,9,26030.76,234276.84
7792,3138,339,1,25471.92,25471.92
7793,3138,55,6,73540.62,441243.72
7794,3138,172,2,91177.92,182355.84
7795,3138,300,9,87673.25,789059.25
7796,3139,467,8,92900.99,743207.92
7797,3139,109,8,36652.58,293220.64
7798,3140,54,10,23227.62,232276.2
7799,3140,31,1,85195.78,85195.78
7800,3141,130,10,80577.28,805772.8
7801,3141,148,4,92685.24,370740.96
7802,3141,132,10,84385.91,843859.1
7803,3141,241,2,81211.68,162423.36
7804,3142,242,2,67685.33,135370.66
7805,3143,482,1,19453.73,19453.73
7806,3143,129,1,40088.06,40088.06
7807,3143,438,4,8254.57,33018.28
7808,3143,366,5,55080.25,275401.25
7809,3144,202,9,64645.11,581805.99
7810,3144,271,5,36545.84,182729.2
7811,3144,348,9,38416.56,345749.04
7812,3145,169,4,91901.43,367605.72
7813,3145,346,8,97947.63,783581.04
7814,3145,478,5,56336.18,281680.9
7815,3145,250,5,99281.19,496405.95
7816,3146,208,8,56772.42,454179.36
7817,3146,194,3,95760.47,287281.41
7818,3146,485,4,15008.94,60035.76
7819,3146,3,7,85455.22,598186.54
7820,3147,374,8,94722.27,757778.16
7821,3147,30,5,37482.4,187412.0
7822,3147,393,2,47279.6,94559.2
7823,3147,150,3,20707.18,62121.54
7824,3148,286,2,6217.57,12435.14
7825,3149,99,7,7949.09,55643.63
7826,3150,257,3,82738.16,248214.48
7827,3150,328,6,26653.48,159920.88
7828,3151,405,10,58317.16,583171.6
7829,3151,274,5,75619.7,378098.5
7830,3152,157,4,1061.69,4246.76
7831,3153,397,2,66767.78,133535.56
7832,3153,187,7,36091.16,252638.12
7833,3154,71,7,83605.6,585239.2
7834,3155,248,6,60136.07,360816.42
7835,3155,499,3,2398.29,7194.87
7836,3155,226,7,93947.94,657635.58
7837,3156,288,1,19877.28,19877.28
7838,3156,149,4,96600.4,386401.6
7839,3156,485,2,15008.94,30017.88
7840,3156,287,7,44177.72,309244.04
7841,3157,205,9,10454.48,94090.32
7842,3157,241,2,81211.68,162423.36
7843,3158,162,9,22386.22,201475.98
7844,3158,77,2,73984.75,147969.5
7845,3158,134,4,71581.26,286325.04
7846,3158,428,6,87412.53,524475.18
7847,3159,250,5,99281.19,496405.95
7848,3159,198,3,41559.12,124677.36
7849,3160,388,4,23664.64,94658.56
7850,3160,314,1,35924.72,35924.72
7851,3161,490,6,45281.13,271686.78
7852,3161,320,4,40089.01,160356.04
7853,3162,70,7,772.43,5407.01
7854,3162,380,1,51902.7,51902.7
7855,3162,358,9,6847.34,61626.06
7856,3163,97,9,1658.66,14927.94
7857,3163,93,8,52548.77,420390.16
7858,3163,308,4,29085.31,116341.24
7859,3164,361,2,62001.17,124002.34
7860,3164,443,2,67612.01,135224.02
7861,3164,16,5,26484.12,132420.6
7862,3165,428,6,87412.53,524475.18
7863,3165,369,5,90937.85,454689.25
7864,3165,156,8,26791.84,214334.72
7865,3165,234,4,51907.96,207631.84
7866,3166,439,10,10571.9,105719.0
7867,3166,238,10,23384.08,233840.8
7868,3166,19,1,66222.77,66222.77
7869,3166,142,10,75143.41,751434.1
7870,3167,235,5,40881.3,204406.5
7871,3167,274,6,75619.7,453718.2
7872,3167,35,7,14167.84,99174.88
7873,3167,309,6,55677.87,334067.22
7874,3168,485,7,15008.94,105062.58
7875,3168,231,2,70521.76,141043.52
7876,3168,120,1,12760.31,12760.31
7877,3168,313,4,21074.47,84297.88
7878,3169,11,4,82518.93,330075.72
7879,3169,176,7,53553.98,374877.86
7880,3169,241,9,81211.68,730905.12
7881,3170,473,1,13652.81,13652.81
7882,3171,151,2,91192.89,182385.78
7883,3172,495,10,25917.91,259179.1
7884,3172,453,5,52002.13,260010.65
7885,3172,161,4,7751.64,31006.56
7886,3172,220,1,36898.95,36898.95
7887,3173,439,2,10571.9,21143.8
7888,3173,366,9,55080.25,495722.25
7889,3173,467,9,92900.99,836108.91
7890,3173,83,8,65060.23,520481.84
7891,3174,411,7,78961.9,552733.3
7892,3174,35,10,14167.84,141678.4
7893,3174,347,10,67482.69,674826.9
7894,3174,369,2,90937.85,181875.7
7895,3175,164,4,53935.08,215740.32
7896,3175,260,7,9772.4,68406.8
7897,3175,237,4,50432.78,201731.12
7898,3175,93,5,52548.77,262743.85
7899,3176,61,1,70335.89,70335.89
7900,3177,276,8,48634.14,389073.12
7901,3177,440,9,19351.31,174161.79
7902,3177,170,7,38446.57,269125.99
7903,3178,478,3,56336.18,169008.54
7904,3178,468,7,30825.95,215781.65
7905,3178,57,6,87716.14,526296.84
7906,3178,482,8,19453.73,155629.84
7907,3179,282,2,82413.92,164827.84
7908,3179,426,9,64269.94,578429.46
7909,3180,431,10,25965.88,259658.8
7910,3180,395,2,77236.92,154473.84
7911,3181,435,9,74476.01,670284.09
7912,3181,252,10,79564.3,795643.0
7913,3182,467,5,92900.99,464504.95
7914,3182,333,10,72221.14,722211.4
7915,3182,85,10,10819.45,108194.5
7916,3183,320,7,40089.01,280623.07
7917,3184,327,9,61471.42,553242.78
7918,3185,52,6,99615.82,597694.92
7919,3185,369,9,90937.85,818440.65
7920,3185,357,6,21451.86,128711.16
7921,3186,99,4,7949.09,31796.36
7922,3186,239,1,15448.92,15448.92
7923,3186,366,5,55080.25,275401.25
7924,3187,234,7,51907.96,363355.72
7925,3187,461,4,72496.26,289985.04
7926,3188,272,6,25736.46,154418.76
7927,3189,290,8,67565.43,540523.44
7928,3189,207,1,66112.51,66112.51
7929,3189,498,8,66207.1,529656.8
7930,3190,223,10,84874.19,848741.9
7931,3191,131,2,70151.42,140302.84
7932,3191,281,5,39215.82,196079.1
7933,3191,364,5,3342.84,16714.2
7934,3192,3,1,85455.22,85455.22
7935,3193,19,6,66222.77,397336.62
7936,3193,402,7,23978.6,167850.2
7937,3193,228,1,4759.44,4759.44
7938,3194,123,2,93563.17,187126.34
7939,3194,397,1,66767.78,66767.78
7940,3195,160,8,49309.82,394478.56
7941,3195,497,10,46763.6,467636.0
7942,3195,398,8,68303.51,546428.08
7943,3195,21,3,40757.59,122272.77
7944,3196,269,9,52492.79,472435.11
7945,3196,380,9,51902.7,467124.3
7946,3196,83,6,65060.23,390361.38
7947,3196,91,5,70604.53,353022.65
7948,3197,233,4,65540.69,262162.76
7949,3197,474,5,74658.85,373294.25
7950,3198,302,10,77111.74,771117.4
7951,3198,365,10,86491.99,864919.9
7952,3198,249,3,94751.76,284255.28
7953,3199,59,10,5299.39,52993.9
7954,3199,409,8,35874.01,286992.08
7955,3199,437,4,53137.57,212550.28
7956,3200,209,6,17279.63,103677.78
7957,3200,324,5,97662.47,488312.35
7958,3200,422,8,85754.51,686036.08
7959,3200,450,6,76687.97,460127.82
7960,3201,429,4,19565.86,78263.44
7961,3201,287,8,44177.72,353421.76
7962,3201,360,2,76617.14,153234.28
7963,3201,482,1,19453.73,19453.73
7964,3202,97,3,1658.66,4975.98
7965,3202,499,6,2398.29,14389.74
7966,3202,301,10,69572.09,695720.9
7967,3203,408,7,93119.45,651836.15
7968,3204,236,4,79369.42,317477.68
7969,3204,62,7,42376.71,296636.97
7970,3204,286,1,6217.57,6217.57
7971,3204,166,2,36399.38,72798.76
7972,3205,149,1,96600.4,96600.4
7973,3205,476,5,76322.28,381611.4
7974,3205,115,1,89739.27,89739.27
7975,3205,359,3,5855.63,17566.89
7976,3206,194,1,95760.47,95760.47
7977,3206,489,1,34655.5,34655.5
7978,3206,407,5,16191.0,80955.0
7979,3207,103,2,80225.5,160451.0
7980,3208,350,8,63311.7,506493.6
7981,3208,204,6,95178.22,571069.32
7982,3208,434,3,80201.48,240604.44
7983,3208,254,8,92274.02,738192.16
7984,3209,225,2,18324.95,36649.9
7985,3210,452,10,72768.17,727681.7
7986,3210,230,8,4470.52,35764.16
7987,3211,225,7,18324.95,128274.65
7988,3212,380,6,51902.7,311416.2
7989,3212,491,1,74131.29,74131.29
7990,3213,448,3,76536.34,229609.02
7991,3213,408,8,93119.45,744955.6
7992,3213,390,3,99797.36,299392.08
7993,3213,152,10,54888.21,548882.1
7994,3214,353,5,64642.11,323210.55
7995,3215,263,2,43181.15,86362.3
7996,3215,281,8,39215.82,313726.56
7997,3216,237,3,50432.78,151298.34
7998,3216,204,8,95178.22,761425.76
7999,3216,70,1,772.43,772.43
8000,3216,478,3,56336.18,169008.54
8001,3217,160,2,49309.82,98619.64
8002,3217,127,7,50658.96,354612.72
8003,3217,487,4,74088.37,296353.48
8004,3218,164,9,53935.08,485415.72
8005,3219,216,8,89264.47,714115.76
8006,3219,140,3,52511.63,157534.89
8007,3219,454,6,30383.23,182299.38
8008,3220,28,8,65616.25,524930.0
8009,3220,423,9,32409.06,291681.54
8010,3220,145,3,10696.76,32090.28
8011,3220,197,1,30816.77,30816.77
8012,3221,224,1,75842.0,75842.0
8013,3221,318,7,49487.87,346415.09
8014,3222,164,6,53935.08,323610.48
8015,3223,340,3,40140.99,120422.97
8016,3224,467,1,92900.99,92900.99
8017,3224,34,10,53218.93,532189.3
8018,3224,122,8,931.59,7452.72
8019,3224,132,4,84385.91,337543.64
8020,3225,443,3,67612.01,202836.03
8021,3226,406,1,15921.7,15921.7
8022,3226,395,7,77236.92,540658.44
8023,3227,225,6,18324.95,109949.7
8024,3227,223,5,84874.19,424370.95
8025,3227,208,1,56772.42,56772.42
8026,3227,497,6,46763.6,280581.6
8027,3228,377,3,19262.81,57788.43
8028,3228,326,5,38253.09,191265.45
8029,3229,322,2,93995.61,187991.22
8030,3229,498,7,66207.1,463449.7
8031,3230,114,3,52437.52,157312.56
8032,3230,172,9,91177.92,820601.28
8033,3230,115,7,89739.27,628174.89
8034,3231,239,9,15448.92,139040.28
8035,3232,188,9,78795.74,709161.66
8036,3233,123,9,93563.17,842068.53
8037,3234,489,6,34655.5,207933.0
8038,3235,115,8,89739.27,717914.16
8039,3235,96,9,83983.79,755854.11
8040,3235,60,9,38335.25,345017.25
8041,3235,194,7,95760.47,670323.29
8042,3236,183,6,41059.46,246356.76
8043,3236,171,3,26030.76,78092.28
8044,3236,427,7,66059.66,462417.62
8045,3237,162,2,22386.22,44772.44
8046,3238,226,1,93947.94,93947.94
8047,3239,341,1,21939.0,21939.0
8048,3239,188,6,78795.74,472774.44
8049,3239,255,3,23366.47,70099.41
8050,3240,19,9,66222.77,596004.93
8051,3240,288,8,19877.28,159018.24
8052,3240,205,5,10454.48,52272.4
8053,3241,48,4,10719.47,42877.88
8054,3241,65,6,12214.59,73287.54
8055,3241,396,10,20318.4,203184.0
8056,3242,336,6,80664.0,483984.0
8057,3242,89,9,92079.6,828716.4
8058,3242,478,7,56336.18,394353.26
8059,3242,479,10,24610.35,246103.5
8060,3243,448,4,76536.34,306145.36
8061,3243,205,6,10454.48,62726.88
8062,3244,13,3,64910.54,194731.62
8063,3244,18,6,80640.27,483841.62
8064,3244,197,6,30816.77,184900.62
8065,3244,332,2,57355.27,114710.54
8066,3245,45,10,89254.64,892546.4
8067,3245,248,8,60136.07,481088.56
8068,3245,410,6,13019.83,78118.98
8069,3246,444,10,17097.53,170975.3
8070,3247,244,9,24745.2,222706.8
8071,3247,450,5,76687.97,383439.85
8072,3248,112,3,11845.32,35535.96
8073,3248,35,8,14167.84,113342.72
8074,3248,428,4,87412.53,349650.12
8075,3249,392,6,27017.11,162102.66
8076,3249,445,9,50716.93,456452.37
8077,3249,129,1,40088.06,40088.06
8078,3250,320,8,40089.01,320712.08
8079,3251,353,5,64642.11,323210.55
8080,3251,82,7,27547.39,192831.73
8081,3251,58,2,5334.4,10668.8
8082,3251,102,7,81801.78,572612.46
8083,3252,350,6,63311.7,379870.2
8084,3252,193,3,96033.36,288100.08
8085,3252,40,7,21333.55,149334.85
8086,3253,128,3,91633.07,274899.21
8087,3253,78,3,85273.87,255821.61
8088,3253,416,5,54590.24,272951.2
8089,3254,21,2,40757.59,81515.18
8090,3254,380,1,51902.7,51902.7
8091,3254,347,2,67482.69,134965.38
8092,3254,262,5,42358.06,211790.3
8093,3255,86,10,80325.35,803253.5
8094,3256,38,5,49014.29,245071.45
8095,3256,316,1,1159.06,1159.06
8096,3256,286,9,6217.57,55958.13
8097,3256,275,10,48505.54,485055.4
8098,3257,127,5,50658.96,253294.8
8099,3257,230,9,4470.52,40234.68
8100,3257,394,2,82911.08,165822.16
8101,3258,458,9,14271.62,128444.58
8102,3258,206,2,32119.7,64239.4
8103,3259,387,1,28570.4,28570.4
8104,3259,475,1,8965.36,8965.36
8105,3259,308,9,29085.31,261767.79
8106,3259,128,1,91633.07,91633.07
8107,3260,264,10,35376.52,353765.2
8108,3260,278,10,74907.51,749075.1
8109,3260,413,1,72577.72,72577.72
8110,3261,437,9,53137.57,478238.13
8111,3261,336,1,80664.0,80664.0
8112,3261,466,9,93059.49,837535.41
8113,3262,138,1,57278.5,57278.5
8114,3263,111,1,47576.8,47576.8
8115,3263,145,6,10696.76,64180.56
8116,3264,284,2,8463.95,16927.9
8117,3265,174,7,29995.18,209966.26
8118,3266,175,9,51632.52,464692.68
8119,3266,491,7,74131.29,518919.03
8120,3267,325,3,31907.3,95721.9
8121,3268,399,4,63101.84,252407.36
8122,3269,50,7,94872.11,664104.77
8123,3270,292,3,35636.2,106908.6
8124,3270,156,2,26791.84,53583.68
8125,3270,215,3,20044.98,60134.94
8126,3270,12,5,1231.08,6155.4
8127,3271,493,5,62492.68,312463.4
8128,3271,230,3,4470.52,13411.56
8129,3271,425,9,15836.09,142524.81
8130,3271,217,2,81357.92,162715.84
8131,3272,362,6,23320.92,139925.52
8132,3272,351,10,8371.64,83716.4
8133,3273,204,3,95178.22,285534.66
8134,3273,398,1,68303.51,68303.51
8135,3274,419,9,82032.15,738289.35
8136,3274,415,9,69855.26,628697.34
8137,3274,137,5,76197.11,380985.55
8138,3274,319,10,49335.13,493351.3
8139,3275,307,3,1467.46,4402.38
8140,3275,39,7,63632.65,445428.55
8141,3275,434,1,80201.48,80201.48
8142,3276,1,4,34752.78,139011.12
8143,3276,126,2,39046.86,78093.72
8144,3277,382,7,41583.94,291087.58
8145,3277,222,6,39980.12,239880.72
8146,3277,190,8,39813.77,318510.16
8147,3278,389,7,22110.21,154771.47
8148,3279,182,9,7508.99,67580.91
8149,3279,252,2,79564.3,159128.6
8150,3279,436,4,79527.83,318111.32
8151,3279,441,1,62719.84,62719.84
8152,3280,295,1,35135.48,35135.48
8153,3280,320,5,40089.01,200445.05
8154,3280,177,4,67198.35,268793.4
8155,3281,149,5,96600.4,483002.0
8156,3281,333,6,72221.14,433326.84
8157,3281,52,1,99615.82,99615.82
8158,3281,204,9,95178.22,856603.98
8159,3282,74,10,45946.75,459467.5
8160,3282,449,6,24451.89,146711.34
8161,3282,371,4,41514.28,166057.12
8162,3282,362,3,23320.92,69962.76
8163,3283,434,1,80201.48,80201.48
8164,3283,116,8,11142.67,89141.36
8165,3284,139,9,28949.83,260548.47
8166,3284,458,8,14271.62,114172.96
8167,3285,131,7,70151.42,491059.94
8168,3285,49,2,17118.51,34237.02
8169,3285,470,4,15743.15,62972.6
8170,3285,96,10,83983.79,839837.9
8171,3286,418,6,7353.22,44119.32
8172,3286,430,8,65963.17,527705.36
8173,3286,478,5,56336.18,281680.9
8174,3287,279,9,21838.59,196547.31
8175,3287,204,1,95178.22,95178.22
8176,3287,61,6,70335.89,422015.34
8177,3288,296,5,60833.16,304165.8
8178,3288,126,1,39046.86,39046.86
8179,3289,189,5,28510.99,142554.95
8180,3289,139,3,28949.83,86849.49
8181,3290,264,9,35376.52,318388.68
8182,3290,272,9,25736.46,231628.14
8183,3290,181,2,7788.18,15576.36
8184,3290,290,10,67565.43,675654.3
8185,3291,8,10,80606.01,806060.1
8186,3291,222,7,39980.12,279860.84
8187,3292,196,3,59867.16,179601.48
8188,3292,314,6,35924.72,215548.32
8189,3292,101,10,22659.3,226593.0
8190,3293,415,7,69855.26,488986.82
8191,3293,73,3,72494.58,217483.74
8192,3293,488,3,86940.86,260822.58
8193,3293,235,4,40881.3,163525.2
8194,3294,276,3,48634.14,145902.42
8195,3294,121,8,66016.44,528131.52
8196,3294,43,6,43188.03,259128.18
8197,3294,413,4,72577.72,290310.88
8198,3295,63,10,62468.38,624683.8
8199,3295,273,10,56684.69,566846.9
8200,3295,106,6,55135.33,330811.98
8201,3296,326,9,38253.09,344277.81
8202,3296,241,1,81211.68,81211.68
8203,3296,428,3,87412.53,262237.59
8204,3297,458,1,14271.62,14271.62
8205,3297,264,2,35376.52,70753.04
8206,3298,255,1,23366.47,23366.47
8207,3298,42,7,61640.73,431485.11
8208,3298,348,3,38416.56,115249.68
8209,3298,499,10,2398.29,23982.9
8210,3299,186,1,75718.08,75718.08
8211,3299,445,3,50716.93,152150.79
8212,3299,469,7,56708.83,396961.81
8213,3300,137,6,76197.11,457182.66
8214,3300,233,4,65540.69,262162.76
8215,3300,115,5,89739.27,448696.35
8216,3301,451,5,96184.35,480921.75
8217,3302,319,1,49335.13,49335.13
8218,3302,38,4,49014.29,196057.16
8219,3303,487,2,74088.37,148176.74
8220,3303,123,9,93563.17,842068.53
8221,3304,430,8,65963.17,527705.36
8222,3304,340,10,40140.99,401409.9
8223,3304,384,1,45550.34,45550.34
8224,3304,219,7,54575.2,382026.4
8225,3305,328,5,26653.48,133267.4
8226,3305,250,8,99281.19,794249.52
8227,3305,492,8,52564.96,420519.68
8228,3305,382,3,41583.94,124751.82
8229,3306,365,2,86491.99,172983.98
8230,3307,339,1,25471.92,25471.92
8231,3308,1,9,34752.78,312775.02
8232,3308,283,5,9270.0,46350.0
8233,3308,118,4,45976.08,183904.32
8234,3309,434,1,80201.48,80201.48
8235,3309,286,2,6217.57,12435.14
8236,3309,89,9,92079.6,828716.4
8237,3309,202,8,64645.11,517160.88
8238,3310,365,6,86491.99,518951.94
8239,3310,244,4,24745.2,98980.8
8240,3310,403,4,17152.36,68609.44
8241,3310,318,5,49487.87,247439.35
8242,3311,69,4,68976.29,275905.16
8243,3311,167,10,47748.29,477482.9
8244,3312,482,3,19453.73,58361.19
8245,3312,316,3,1159.06,3477.18
8246,3313,66,8,20265.34,162122.72
8247,3313,185,8,1086.94,8695.52
8248,3313,454,8,30383.23,243065.84
8249,3314,234,6,51907.96,311447.76
8250,3314,130,8,80577.28,644618.24
8251,3315,25,9,30369.39,273324.51
8252,3315,85,9,10819.45,97375.05
8253,3315,55,6,73540.62,441243.72
8254,3316,48,5,10719.47,53597.35
8255,3316,52,9,99615.82,896542.38
8256,3317,222,7,39980.12,279860.84
8257,3317,18,4,80640.27,322561.08
8258,3317,117,9,12514.21,112627.89
8259,3318,299,7,29778.06,208446.42
8260,3318,424,9,19392.01,174528.09
8261,3319,278,5,74907.51,374537.55
8262,3319,427,3,66059.66,198178.98
8263,3319,259,1,87836.39,87836.39
8264,3319,448,5,76536.34,382681.7
8265,3320,170,10,38446.57,384465.7
8266,3320,461,9,72496.26,652466.34
8267,3320,353,4,64642.11,258568.44
8268,3320,321,6,5887.74,35326.44
8269,3321,229,1,39115.26,39115.26
8270,3321,386,7,96986.76,678907.32
8271,3321,244,10,24745.2,247452.0
8272,3322,350,3,63311.7,189935.1
8273,3322,302,9,77111.74,694005.66
8274,3323,124,1,92474.9,92474.9
8275,3323,67,3,97325.41,291976.23
8276,3323,331,6,85505.45,513032.7
8277,3324,209,7,17279.63,120957.41
8278,3324,42,8,61640.73,493125.84
8279,3324,437,10,53137.57,531375.7
8280,3325,211,8,84090.95,672727.6
8281,3325,383,9,14094.09,126846.81
8282,3325,228,2,4759.44,9518.88
8283,3326,111,2,47576.8,95153.6
8284,3326,368,4,52584.25,210337.0
8285,3326,213,10,55391.35,553913.5
8286,3326,383,6,14094.09,84564.54
8287,3327,400,10,12653.08,126530.8
8288,3327,327,3,61471.42,184414.26
8289,3327,168,2,67059.38,134118.76
8290,3328,365,9,86491.99,778427.91
8291,3329,384,4,45550.34,182201.36
8292,3329,225,6,18324.95,109949.7
8293,3329,89,1,92079.6,92079.6
8294,3330,317,5,84877.05,424385.25
8295,3331,110,7,33531.28,234718.96
8296,3331,254,3,92274.02,276822.06
8297,3331,250,7,99281.19,694968.33
8298,3331,293,4,20430.88,81723.52
8299,3332,453,10,52002.13,520021.3
8300,3332,426,10,64269.94,642699.4
8301,3332,181,8,7788.18,62305.44
8302,3332,150,8,20707.18,165657.44
8303,3333,363,8,62834.83,502678.64
8304,3334,415,3,69855.26,209565.78
8305,3334,443,1,67612.01,67612.01
8306,3335,282,2,82413.92,164827.84
8307,3336,404,1,39882.93,39882.93
8308,3337,381,5,28825.35,144126.75
8309,3338,259,7,87836.39,614854.73
8310,3338,419,7,82032.15,574225.05
8311,3339,203,3,25443.42,76330.26
8312,3340,44,6,4253.67,25522.02
8313,3340,165,10,88397.98,883979.8
8314,3340,251,6,22326.7,133960.2
8315,3341,130,10,80577.28,805772.8
8316,3342,290,7,67565.43,472958.01
8317,3343,51,1,52649.71,52649.71
8318,3343,324,9,97662.47,878962.23
8319,3343,358,1,6847.34,6847.34
8320,3343,402,1,23978.6,23978.6
8321,3344,324,9,97662.47,878962.23
8322,3344,482,8,19453.73,155629.84
8323,3344,181,3,7788.18,23364.54
8324,3345,81,8,18695.51,149564.08
8325,3345,338,5,72195.75,360978.75
8326,3345,90,10,5074.25,50742.5
8327,3346,217,3,81357.92,244073.76
8328,3346,179,10,64832.84,648328.4
8329,3346,361,5,62001.17,310005.85
8330,3346,338,9,72195.75,649761.75
8331,3347,437,6,53137.57,318825.42
8332,3347,23,2,72791.71,145583.42
8333,3348,64,6,83149.95,498899.7
8334,3348,301,2,69572.09,139144.18
8335,3348,238,3,23384.08,70152.24
8336,3348,80,4,87908.32,351633.28
8337,3349,106,4,55135.33,220541.32
8338,3349,389,6,22110.21,132661.26
8339,3349,483,4,77083.29,308333.16
8340,3350,238,8,23384.08,187072.64
8341,3350,192,8,79778.66,638229.28
8342,3350,346,8,97947.63,783581.04
8343,3350,230,4,4470.52,17882.08
8344,3351,463,3,59725.5,179176.5
8345,3351,370,7,80568.42,563978.94
8346,3351,403,6,17152.36,102914.16
8347,3352,166,2,36399.38,72798.76
8348,3352,25,1,30369.39,30369.39
8349,3352,106,5,55135.33,275676.65
8350,3352,341,10,21939.0,219390.0
8351,3353,307,8,1467.46,11739.68
8352,3353,48,8,10719.47,85755.76
8353,3353,132,2,84385.91,168771.82
8354,3353,1,3,34752.78,104258.34
8355,3354,490,7,45281.13,316967.91
8356,3355,482,10,19453.73,194537.3
8357,3356,247,5,26196.83,130984.15
8358,3357,202,10,64645.11,646451.1
8359,3357,455,8,2659.29,21274.32
8360,3357,363,5,62834.83,314174.15
8361,3357,212,8,46553.41,372427.28
8362,3358,407,2,16191.0,32382.0
8363,3358,433,8,92876.17,743009.36
8364,3359,385,3,19185.05,57555.15
8365,3360,394,7,82911.08,580377.56
8366,3360,118,7,45976.08,321832.56
8367,3360,189,9,28510.99,256598.91
8368,3361,401,1,36362.45,36362.45
8369,3361,377,4,19262.81,77051.24
8370,3362,179,4,64832.84,259331.36
8371,3362,388,7,23664.64,165652.48
8372,3363,367,6,59287.68,355726.08
8373,3363,74,6,45946.75,275680.5
8374,3363,453,9,52002.13,468019.17
8375,3364,373,8,29032.84,232262.72
8376,3364,377,4,19262.81,77051.24
8377,3364,456,6,51371.51,308229.06
8378,3364,195,1,14566.7,14566.7
8379,3365,497,1,46763.6,46763.6
8380,3365,287,8,44177.72,353421.76
8381,3365,389,3,22110.21,66330.63
8382,3365,48,9,10719.47,96475.23
8383,3366,335,5,80103.73,400518.65
8384,3366,305,8,63549.35,508394.8
8385,3367,138,2,57278.5,114557.0
8386,3367,486,3,68693.24,206079.72
8387,3367,372,7,509.19,3564.33
8388,3367,213,2,55391.35,110782.7
8389,3368,313,10,21074.47,210744.7
8390,3368,358,4,6847.34,27389.36
8391,3368,328,7,26653.48,186574.36
8392,3369,55,10,73540.62,735406.2
8393,3369,395,7,77236.92,540658.44
8394,3370,441,8,62719.84,501758.72
8395,3370,493,6,62492.68,374956.08
8396,3371,358,10,6847.34,68473.4
8397,3371,153,1,29770.68,29770.68
8398,3371,131,10,70151.42,701514.2
8399,3371,115,6,89739.27,538435.62
8400,3372,323,10,39674.83,396748.3
8401,3373,202,4,64645.11,258580.44
8402,3373,456,1,51371.51,51371.51
8403,3373,206,1,32119.7,32119.7
8404,3374,103,2,80225.5,160451.0
8405,3374,200,1,19835.46,19835.46
8406,3374,75,6,5482.98,32897.88
8407,3374,365,2,86491.99,172983.98
8408,3375,133,8,63442.04,507536.32
8409,3375,29,1,74548.89,74548.89
8410,3375,229,5,39115.26,195576.3
8411,3375,262,9,42358.06,381222.54
8412,3376,47,4,69505.71,278022.84
8413,3377,392,4,27017.11,108068.44
8414,3377,443,8,67612.01,540896.08
8415,3377,457,4,9881.57,39526.28
8416,3378,187,3,36091.16,108273.48
8417,3378,477,10,49042.18,490421.8
8418,3378,82,6,27547.39,165284.34
8419,3378,248,10,60136.07,601360.7
8420,3379,226,1,93947.94,93947.94
8421,3379,236,6,79369.42,476216.52
8422,3379,241,6,81211.68,487270.08
8423,3379,357,5,21451.86,107259.3
8424,3380,243,2,16544.0,33088.0
8425,3381,356,10,72913.36,729133.6
8426,3381,301,7,69572.09,487004.63
8427,3382,167,5,47748.29,238741.45
8428,3383,499,8,2398.29,19186.32
8429,3383,421,1,73498.95,73498.95
8430,3384,337,3,13879.93,41639.79
8431,3385,112,2,11845.32,23690.64
8432,3385,398,4,68303.51,273214.04
8433,3386,201,10,85213.08,852130.8
8434,3386,261,4,54158.96,216635.84
8435,3387,418,3,7353.22,22059.66
8436,3387,135,2,98142.88,196285.76
8437,3387,216,4,89264.47,357057.88
8438,3387,11,7,82518.93,577632.51
8439,3388,39,8,63632.65,509061.2
8440,3388,185,2,1086.94,2173.88
8441,3388,256,3,2147.98,6443.94
8442,3389,270,5,65627.34,328136.7
8443,3390,359,6,5855.63,35133.78
8444,3390,321,2,5887.74,11775.48
8445,3391,408,2,93119.45,186238.9
8446,3391,212,8,46553.41,372427.28
8447,3391,386,7,96986.76,678907.32
8448,3392,173,3,80380.27,241140.81
8449,3392,286,3,6217.57,18652.71
8450,3392,308,4,29085.31,116341.24
8451,3393,186,9,75718.08,681462.72
8452,3393,453,6,52002.13,312012.78
8453,3393,67,9,97325.41,875928.69
8454,3394,343,7,36350.5,254453.5
8455,3394,14,4,68599.11,274396.44
8456,3394,446,1,99844.14,99844.14
8457,3394,460,3,57263.47,171790.41
8458,3395,281,3,39215.82,117647.46
8459,3395,399,10,63101.84,631018.4
8460,3396,409,6,35874.01,215244.06
8461,3396,121,3,66016.44,198049.32
8462,3397,270,6,65627.34,393764.04
8463,3397,314,4,35924.72,143698.88
8464,3397,255,6,23366.47,140198.82
8465,3397,54,10,23227.62,232276.2
8466,3398,154,7,96266.29,673864.03
8467,3398,249,9,94751.76,852765.84
8468,3398,483,5,77083.29,385416.45
8469,3398,81,8,18695.51,149564.08
8470,3399,212,6,46553.41,279320.46
8471,3399,142,6,75143.41,450860.46
8472,3399,347,1,67482.69,67482.69
8473,3400,351,4,8371.64,33486.56
8474,3400,78,2,85273.87,170547.74
8475,3400,460,1,57263.47,57263.47
8476,3400,267,2,87738.25,175476.5
8477,3401,372,9,509.19,4582.71
8478,3401,351,9,8371.64,75344.76
8479,3401,26,1,29731.51,29731.51
8480,3402,162,6,22386.22,134317.32
8481,3402,207,1,66112.51,66112.51
8482,3402,379,6,22448.95,134693.7
8483,3402,159,9,77479.26,697313.34
8484,3403,334,1,43505.77,43505.77
8485,3404,272,1,25736.46,25736.46
8486,3404,6,9,47672.67,429054.03
8487,3404,56,9,12754.62,114791.58
8488,3405,250,5,99281.19,496405.95
8489,3405,305,5,63549.35,317746.75
8490,3405,252,8,79564.3,636514.4
8491,3405,412,7,73452.29,514166.03
8492,3406,302,4,77111.74,308446.96
8493,3407,273,9,56684.69,510162.21
8494,3407,416,7,54590.24,382131.68
8495,3407,396,7,20318.4,142228.8
8496,3407,374,4,94722.27,378889.08
8497,3408,403,6,17152.36,102914.16
8498,3408,325,4,31907.3,127629.2
8499,3408,152,4,54888.21,219552.84
8500,3408,199,4,16514.96,66059.84
8501,3409,419,5,82032.15,410160.75
8502,3409,228,10,4759.44,47594.4
8503,3409,227,7,23559.12,164913.84
8504,3410,102,8,81801.78,654414.24
8505,3410,488,10,86940.86,869408.6
8506,3411,80,7,87908.32,615358.24
8507,3411,407,3,16191.0,48573.0
8508,3412,316,2,1159.06,2318.12
8509,3413,1,8,34752.78,278022.24
8510,3413,93,5,52548.77,262743.85
8511,3413,112,4,11845.32,47381.28
8512,3414,126,6,39046.86,234281.16
8513,3414,148,3,92685.24,278055.72
8514,3414,161,2,7751.64,15503.28
8515,3414,26,10,29731.51,297315.1
8516,3415,5,1,65332.94,65332.94
8517,3415,164,5,53935.08,269675.4
8518,3415,466,8,93059.49,744475.92
8519,3416,385,1,19185.05,19185.05
8520,3416,214,10,84258.4,842584.0
8521,3417,443,7,67612.01,473284.07
8522,3417,466,3,93059.49,279178.47
8523,3417,329,10,34638.1,346381.0
8524,3417,289,2,51823.46,103646.92
8525,3418,182,8,7508.99,60071.92
8526,3418,487,8,74088.37,592706.96
8527,3418,301,4,69572.09,278288.36
8528,3419,194,6,95760.47,574562.82
8529,3419,9,10,89600.56,896005.6
8530,3419,293,2,20430.88,40861.76
8531,3419,273,10,56684.69,566846.9
8532,3420,225,5,18324.95,91624.75
8533,3421,369,6,90937.85,545627.1
8534,3421,119,4,11222.69,44890.76
8535,3421,200,10,19835.46,198354.6
8536,3421,224,8,75842.0,606736.0
8537,3422,269,5,52492.79,262463.95
8538,3422,231,9,70521.76,634695.84
8539,3422,413,10,72577.72,725777.2
8540,3423,463,6,59725.5,358353.0
8541,3423,336,8,80664.0,645312.0
8542,3423,447,2,55233.09,110466.18
8543,3424,58,10,5334.4,53344.0
8544,3424,410,9,13019.83,117178.47
8545,3425,492,10,52564.96,525649.6
8546,3425,135,7,98142.88,687000.16
8547,3425,136,2,54477.9,108955.8
8548,3426,125,3,17778.2,53334.6
8549,3426,433,6,92876.17,557257.02
8550,3426,290,8,67565.43,540523.44
8551,3426,164,5,53935.08,269675.4
8552,3427,245,8,16532.35,132258.8
8553,3427,248,3,60136.07,180408.21
8554,3427,143,2,15069.62,30139.24
8555,3427,122,3,931.59,2794.77
8556,3428,260,9,9772.4,87951.6
8557,3428,141,8,5779.97,46239.76
8558,3429,190,2,39813.77,79627.54
8559,3429,197,10,30816.77,308167.7
8560,3429,463,2,59725.5,119451.0
8561,3429,418,9,7353.22,66178.98
8562,3430,171,9,26030.76,234276.84
8563,3430,192,4,79778.66,319114.64
8564,3430,253,3,66135.05,198405.15
8565,3430,304,3,48456.03,145368.09
8566,3431,328,1,26653.48,26653.48
8567,3432,166,10,36399.38,363993.8
8568,3433,164,5,53935.08,269675.4
8569,3434,379,4,22448.95,89795.8
8570,3434,59,7,5299.39,37095.73
8571,3434,225,6,18324.95,109949.7
8572,3435,146,10,74370.07,743700.7
8573,3435,17,2,15417.96,30835.92
8574,3435,166,10,36399.38,363993.8
8575,3436,142,3,75143.41,225430.23
8576,3436,156,5,26791.84,133959.2
8577,3437,65,8,12214.59,97716.72
8578,3437,441,2,62719.84,125439.68
8579,3437,337,3,13879.93,41639.79
8580,3437,379,4,22448.95,89795.8
8581,3438,127,1,50658.96,50658.96
8582,3438,481,7,67338.88,471372.16
8583,3439,122,4,931.59,3726.36
8584,3439,104,6,44983.28,269899.68
8585,3439,191,10,16054.19,160541.9
8586,3440,161,10,7751.64,77516.4
8587,3440,478,9,56336.18,507025.62
8588,3440,465,1,35119.06,35119.06
8589,3440,421,10,73498.95,734989.5
8590,3441,416,2,54590.24,109180.48
8591,3441,81,10,18695.51,186955.1
8592,3441,258,7,47848.98,334942.86
8593,3441,96,1,83983.79,83983.79
8594,3442,287,6,44177.72,265066.32
8595,3442,251,8,22326.7,178613.6
8596,3442,392,9,27017.11,243153.99
8597,3442,323,9,39674.83,357073.47
8598,3443,399,8,63101.84,504814.72
8599,3443,360,4,76617.14,306468.56
8600,3444,437,1,53137.57,53137.57
8601,3444,481,10,67338.88,673388.8
8602,3444,218,8,21669.69,173357.52
8603,3444,127,8,50658.96,405271.68
8604,3445,298,9,50870.69,457836.21
8605,3445,329,4,34638.1,138552.4
8606,3446,433,10,92876.17,928761.7
8607,3446,198,8,41559.12,332472.96
8608,3446,211,10,84090.95,840909.5
8609,3446,14,8,68599.11,548792.88
8610,3447,477,1,49042.18,49042.18
8611,3447,172,1,91177.92,91177.92
8612,3447,500,5,97989.39,489946.95
8613,3448,187,8,36091.16,288729.28
8614,3448,339,3,25471.92,76415.76
8615,3448,24,10,90699.39,906993.9
8616,3449,81,1,18695.51,18695.51
8617,3449,484,2,82247.61,164495.22
8618,3449,313,1,21074.47,21074.47
8619,3449,459,8,23682.92,189463.36
8620,3450,364,3,3342.84,10028.52
8621,3450,94,7,43568.37,304978.59
8622,3451,76,3,85298.74,255896.22
8623,3451,230,6,4470.52,26823.12
8624,3451,265,5,42836.19,214180.95
8625,3452,122,5,931.59,4657.95
8626,3452,9,2,89600.56,179201.12
8627,3452,171,6,26030.76,156184.56
8628,3452,319,7,49335.13,345345.91
8629,3453,62,6,42376.71,254260.26
8630,3453,35,4,14167.84,56671.36
8631,3453,235,10,40881.3,408813.0
8632,3453,227,9,23559.12,212032.08
8633,3454,85,6,10819.45,64916.7
8634,3454,143,9,15069.62,135626.58
8635,3454,411,2,78961.9,157923.8
8636,3454,327,10,61471.42,614714.2
8637,3455,344,5,2473.62,12368.1
8638,3455,18,1,80640.27,80640.27
8639,3455,260,8,9772.4,78179.2
8640,3455,257,6,82738.16,496428.96
8641,3456,392,9,27017.11,243153.99
8642,3456,103,1,80225.5,80225.5
8643,3456,354,6,74915.6,449493.6
8644,3457,380,6,51902.7,311416.2
8645,3457,201,10,85213.08,852130.8
8646,3458,73,10,72494.58,724945.8
8647,3458,224,6,75842.0,455052.0
8648,3458,268,1,1044.21,1044.21
8649,3458,112,8,11845.32,94762.56
8650,3459,179,2,64832.84,129665.68
8651,3460,437,7,53137.57,371962.99
8652,3460,24,10,90699.39,906993.9
8653,3461,230,3,4470.52,13411.56
8654,3461,94,9,43568.37,392115.33
8655,3461,34,2,53218.93,106437.86
8656,3461,400,6,12653.08,75918.48
8657,3462,281,1,39215.82,39215.82
8658,3462,125,3,17778.2,53334.6
8659,3462,284,8,8463.95,67711.6
8660,3462,231,9,70521.76,634695.84
8661,3463,115,9,89739.27,807653.43
8662,3463,231,3,70521.76,211565.28
8663,3463,292,2,35636.2,71272.4
8664,3464,492,3,52564.96,157694.88
8665,3464,372,5,509.19,2545.95
8666,3464,294,2,55184.47,110368.94
8667,3465,243,8,16544.0,132352.0
8668,3465,53,4,16905.91,67623.64
8669,3466,446,7,99844.14,698908.98
8670,3467,290,9,67565.43,608088.87
8671,3467,19,6,66222.77,397336.62
8672,3468,18,9,80640.27,725762.43
8673,3468,209,5,17279.63,86398.15
8674,3469,441,9,62719.84,564478.56
8675,3469,218,2,21669.69,43339.38
8676,3470,227,7,23559.12,164913.84
8677,3470,83,7,65060.23,455421.61
8678,3470,102,6,81801.78,490810.68
8679,3470,275,7,48505.54,339538.78
8680,3471,479,7,24610.35,172272.45
8681,3472,247,10,26196.83,261968.3
8682,3472,191,6,16054.19,96325.14
8683,3472,479,8,24610.35,196882.8
8684,3472,180,4,46192.91,184771.64
8685,3473,149,1,96600.4,96600.4
8686,3473,52,6,99615.82,597694.92
8687,3473,416,8,54590.24,436721.92
8688,3474,461,1,72496.26,72496.26
8689,3474,338,5,72195.75,360978.75
8690,3474,67,1,97325.41,97325.41
8691,3474,182,3,7508.99,22526.97
8692,3475,353,9,64642.11,581778.99
8693,3475,423,10,32409.06,324090.6
8694,3475,412,9,73452.29,661070.61
8695,3476,14,9,68599.11,617391.99
8696,3477,413,8,72577.72,580621.76
8697,3477,167,3,47748.29,143244.87
8698,3477,271,4,36545.84,146183.36
8699,3478,249,6,94751.76,568510.56
8700,3478,258,8,47848.98,382791.84
8701,3478,150,3,20707.18,62121.54
8702,3479,270,1,65627.34,65627.34
8703,3480,148,2,92685.24,185370.48
8704,3480,482,1,19453.73,19453.73
8705,3481,44,8,4253.67,34029.36
8706,3481,190,5,39813.77,199068.85
8707,3481,31,10,85195.78,851957.8
8708,3482,60,7,38335.25,268346.75
8709,3482,208,1,56772.42,56772.42
8710,3483,220,2,36898.95,73797.9
8711,3484,176,6,53553.98,321323.88
8712,3485,497,5,46763.6,233818.0
8713,3485,224,1,75842.0,75842.0
8714,3485,46,5,2282.65,11413.25
8715,3485,119,8,11222.69,89781.52
8716,3486,24,5,90699.39,453496.95
8717,3486,22,6,70952.86,425717.16
8718,3486,447,9,55233.09,497097.81
8719,3487,18,9,80640.27,725762.43
8720,3487,486,10,68693.24,686932.4
8721,3487,329,3,34638.1,103914.3
8722,3488,321,1,5887.74,5887.74
8723,3488,245,7,16532.35,115726.45
8724,3489,475,7,8965.36,62757.52
8725,3490,311,10,18687.05,186870.5
8726,3490,405,4,58317.16,233268.64
8727,3490,158,6,15793.49,94760.94
8728,3491,333,9,72221.14,649990.26
8729,3491,179,1,64832.84,64832.84
8730,3491,379,4,22448.95,89795.8
8731,3491,357,7,21451.86,150163.02
8732,3492,288,7,19877.28,139140.96
8733,3492,112,5,11845.32,59226.6
8734,3493,72,6,94969.88,569819.28
8735,3493,446,6,99844.14,599064.84
8736,3493,85,9,10819.45,97375.05
8737,3493,156,2,26791.84,53583.68
8738,3494,20,4,65712.36,262849.44
8739,3494,269,6,52492.79,314956.74
8740,3494,374,2,94722.27,189444.54
8741,3494,114,5,52437.52,262187.6
8742,3495,134,10,71581.26,715812.6
8743,3495,140,7,52511.63,367581.41
8744,3496,360,1,76617.14,76617.14
8745,3496,127,1,50658.96,50658.96
8746,3496,344,1,2473.62,2473.62
8747,3496,312,5,73842.67,369213.35
8748,3497,109,9,36652.58,329873.22
8749,3497,303,1,68318.67,68318.67
8750,3497,465,5,35119.06,175595.3
8751,3498,254,6,92274.02,553644.12
8752,3498,324,2,97662.47,195324.94
8753,3498,85,5,10819.45,54097.25
8754,3498,432,1,71925.6,71925.6
8755,3499,57,10,87716.14,877161.4
8756,3499,379,10,22448.95,224489.5
8757,3499,225,9,18324.95,164924.55
8758,3499,27,8,72656.07,581248.56
8759,3500,38,1,49014.29,49014.29
8760,3500,255,10,23366.47,233664.7
8761,3501,455,7,2659.29,18615.03
8762,3502,492,2,52564.96,105129.92
8763,3502,274,4,75619.7,302478.8
8764,3502,467,1,92900.99,92900.99
8765,3502,288,4,19877.28,79509.12
8766,3503,195,3,14566.7,43700.1
8767,3503,309,9,55677.87,501100.83
8768,3503,56,2,12754.62,25509.24
8769,3504,28,5,65616.25,328081.25
8770,3504,52,6,99615.82,597694.92
8771,3504,196,5,59867.16,299335.8
8772,3505,198,4,41559.12,166236.48
8773,3505,79,2,36073.98,72147.96
8774,3505,190,3,39813.77,119441.31
8775,3505,225,6,18324.95,109949.7
8776,3506,216,3,89264.47,267793.41
8777,3506,56,8,12754.62,102036.96
8778,3507,304,3,48456.03,145368.09
8779,3507,257,3,82738.16,248214.48
8780,3507,232,10,58073.83,580738.3
8781,3507,203,6,25443.42,152660.52
8782,3508,406,5,15921.7,79608.5
8783,3508,382,8,41583.94,332671.52
8784,3508,328,5,26653.48,133267.4
8785,3508,300,6,87673.25,526039.5
8786,3509,285,1,61589.58,61589.58
8787,3510,62,4,42376.71,169506.84
8788,3510,239,2,15448.92,30897.84
8789,3510,463,6,59725.5,358353.0
8790,3510,119,8,11222.69,89781.52
8791,3511,478,7,56336.18,394353.26
8792,3512,458,5,14271.62,71358.1
8793,3513,196,2,59867.16,119734.32
8794,3513,481,5,67338.88,336694.4
8795,3514,230,7,4470.52,31293.64
8796,3514,45,6,89254.64,535527.84
8797,3514,460,1,57263.47,57263.47
8798,3515,135,6,98142.88,588857.28
8799,3515,393,3,47279.6,141838.8
8800,3515,54,7,23227.62,162593.34
8801,3516,146,9,74370.07,669330.63
8802,3516,496,3,79024.26,237072.78
8803,3516,177,10,67198.35,671983.5
8804,3517,379,6,22448.95,134693.7
8805,3517,306,5,41536.38,207681.9
8806,3517,147,2,51336.77,102673.54
8807,3517,373,10,29032.84,290328.4
8808,3518,428,4,87412.53,349650.12
8809,3519,286,9,6217.57,55958.13
8810,3519,23,8,72791.71,582333.68
8811,3519,131,7,70151.42,491059.94
8812,3519,305,3,63549.35,190648.05
8813,3520,309,4,55677.87,222711.48
8814,3521,228,10,4759.44,47594.4
8815,3521,127,7,50658.96,354612.72
8816,3522,377,3,19262.81,57788.43
8817,3522,85,8,10819.45,86555.6
8818,3522,160,7,49309.82,345168.74
8819,3523,361,8,62001.17,496009.36
8820,3524,338,5,72195.75,360978.75
8821,3524,347,7,67482.69,472378.83
8822,3524,62,5,42376.71,211883.55
8823,3525,2,7,28864.4,202050.8
8824,3525,408,2,93119.45,186238.9
8825,3525,88,4,3367.21,13468.84
8826,3526,98,6,84960.13,509760.78
8827,3526,145,6,10696.76,64180.56
8828,3526,80,6,87908.32,527449.92
8829,3527,45,7,89254.64,624782.48
8830,3527,286,3,6217.57,18652.71
8831,3527,102,2,81801.78,163603.56
8832,3527,74,4,45946.75,183787.0
8833,3528,481,6,67338.88,404033.28
8834,3528,63,6,62468.38,374810.28
8835,3528,442,2,41810.87,83621.74
8836,3529,295,6,35135.48,210812.88
8837,3530,477,6,49042.18,294253.08
8838,3530,68,3,16457.17,49371.51
8839,3530,446,8,99844.14,798753.12
8840,3531,4,9,64914.3,584228.7
8841,3531,189,9,28510.99,256598.91
8842,3531,206,1,32119.7,32119.7
8843,3532,332,3,57355.27,172065.81
8844,3532,449,1,24451.89,24451.89
8845,3532,270,8,65627.34,525018.72
8846,3533,242,3,67685.33,203055.99
8847,3533,37,7,31980.15,223861.05
8848,3534,106,1,55135.33,55135.33
8849,3534,158,3,15793.49,47380.47
8850,3535,251,2,22326.7,44653.4
8851,3535,272,4,25736.46,102945.84
8852,3536,209,3,17279.63,51838.89
8853,3536,241,8,81211.68,649693.44
8854,3537,125,7,17778.2,124447.4
8855,3537,80,3,87908.32,263724.96
8856,3538,229,8,39115.26,312922.08
8857,3538,469,5,56708.83,283544.15
8858,3538,370,7,80568.42,563978.94
8859,3538,220,10,36898.95,368989.5
8860,3539,467,9,92900.99,836108.91
8861,3539,260,2,9772.4,19544.8
8862,3539,407,10,16191.0,161910.0
8863,3540,391,8,8482.2,67857.6
8864,3540,198,8,41559.12,332472.96
8865,3540,276,5,48634.14,243170.7
8866,3541,500,5,97989.39,489946.95
8867,3541,295,5,35135.48,175677.4
8868,3542,404,4,39882.93,159531.72
8869,3542,38,7,49014.29,343100.03
8870,3543,178,3,83648.68,250946.04
8871,3543,327,7,61471.42,430299.94
8872,3543,454,7,30383.23,212682.61
8873,3543,254,9,92274.02,830466.18
8874,3544,364,1,3342.84,3342.84
8875,3544,418,6,7353.22,44119.32
8876,3544,310,4,35677.02,142708.08
8877,3545,333,9,72221.14,649990.26
8878,3545,217,4,81357.92,325431.68
8879,3545,460,3,57263.47,171790.41
8880,3545,225,1,18324.95,18324.95
8881,3546,39,2,63632.65,127265.3
8882,3546,204,4,95178.22,380712.88
8883,3547,248,8,60136.07,481088.56
8884,3548,175,4,51632.52,206530.08
8885,3549,22,9,70952.86,638575.74
8886,3549,469,9,56708.83,510379.47
8887,3549,107,4,96335.54,385342.16
8888,3550,103,6,80225.5,481353.0
8889,3550,53,2,16905.91,33811.82
8890,3551,54,7,23227.62,162593.34
8891,3552,144,3,75482.6,226447.8
8892,3552,277,4,77532.35,310129.4
8893,3552,419,7,82032.15,574225.05
8894,3552,6,3,47672.67,143018.01
8895,3553,445,2,50716.93,101433.86
8896,3554,257,10,82738.16,827381.6
8897,3554,271,6,36545.84,219275.04
8898,3555,37,6,31980.15,191880.9
8899,3555,57,5,87716.14,438580.7
8900,3556,289,9,51823.46,466411.14
8901,3556,248,2,60136.07,120272.14
8902,3557,249,2,94751.76,189503.52
8903,3557,126,6,39046.86,234281.16
8904,3557,134,10,71581.26,715812.6
8905,3558,12,7,1231.08,8617.56
8906,3559,7,3,80186.05,240558.15
8907,3559,257,4,82738.16,330952.64
8908,3559,216,7,89264.47,624851.29
8909,3559,434,6,80201.48,481208.88
8910,3560,149,7,96600.4,676202.8
8911,3561,487,3,74088.37,222265.11
8912,3562,468,3,30825.95,92477.85
8913,3562,335,5,80103.73,400518.65
8914,3562,90,8,5074.25,40594.0
8915,3562,415,9,69855.26,628697.34
8916,3563,75,6,5482.98,32897.88
8917,3563,478,2,56336.18,112672.36
8918,3564,445,7,50716.93,355018.51
8919,3564,491,2,74131.29,148262.58
8920,3565,173,7,80380.27,562661.89
8921,3565,23,3,72791.71,218375.13
8922,3566,31,9,85195.78,766762.02
8923,3567,17,8,15417.96,123343.68
8924,3567,40,10,21333.55,213335.5
8925,3567,166,10,36399.38,363993.8
8926,3568,473,3,13652.81,40958.43
8927,3568,334,10,43505.77,435057.7
8928,3568,10,9,25573.87,230164.83
8929,3568,203,2,25443.42,50886.84
8930,3569,289,10,51823.46,518234.6
8931,3570,329,7,34638.1,242466.7
8932,3570,182,9,7508.99,67580.91
8933,3570,95,7,34902.07,244314.49
8934,3570,445,7,50716.93,355018.51
8935,3571,26,7,29731.51,208120.57
8936,3571,274,9,75619.7,680577.3
8937,3571,110,2,33531.28,67062.56
8938,3572,286,3,6217.57,18652.71
8939,3572,477,2,49042.18,98084.36
8940,3572,415,5,69855.26,349276.3
8941,3572,345,1,20296.33,20296.33
8942,3573,489,1,34655.5,34655.5
8943,3573,116,9,11142.67,100284.03
8944,3573,242,8,67685.33,541482.64
8945,3573,101,2,22659.3,45318.6
8946,3574,387,1,28570.4,28570.4
8947,3574,102,4,81801.78,327207.12
8948,3574,297,10,57703.22,577032.2
8949,3575,309,3,55677.87,167033.61
8950,3576,468,1,30825.95,30825.95
8951,3577,433,7,92876.17,650133.19
8952,3577,405,3,58317.16,174951.48
8953,3577,379,7,22448.95,157142.65
8954,3578,247,1,26196.83,26196.83
8955,3579,334,5,43505.77,217528.85
8956,3579,480,8,68631.43,549051.44
8957,3580,263,8,43181.15,345449.2
8958,3580,423,10,32409.06,324090.6
8959,3580,168,9,67059.38,603534.42
8960,3581,33,3,88997.89,266993.67
8961,3581,119,8,11222.69,89781.52
8962,3582,273,6,56684.69,340108.14
8963,3582,61,3,70335.89,211007.67
8964,3583,306,4,41536.38,166145.52
8965,3583,402,3,23978.6,71935.8
8966,3584,295,3,35135.48,105406.44
8967,3584,233,6,65540.69,393244.14
8968,3585,20,10,65712.36,657123.6
8969,3585,58,4,5334.4,21337.6
8970,3585,152,9,54888.21,493993.89
8971,3586,251,6,22326.7,133960.2
8972,3586,395,5,77236.92,386184.6
8973,3586,453,4,52002.13,208008.52
8974,3587,260,9,9772.4,87951.6
8975,3588,404,5,39882.93,199414.65
8976,3588,160,8,49309.82,394478.56
8977,3588,185,9,1086.94,9782.46
8978,3588,308,1,29085.31,29085.31
8979,3589,244,10,24745.2,247452.0
8980,3590,378,7,39777.83,278444.81
8981,3590,139,4,28949.83,115799.32
8982,3591,211,4,84090.95,336363.8
8983,3591,307,8,1467.46,11739.68
8984,3591,428,6,87412.53,524475.18
8985,3591,268,6,1044.21,6265.26
8986,3592,332,6,57355.27,344131.62
8987,3592,9,9,89600.56,806405.04
8988,3592,144,4,75482.6,301930.4
8989,3593,185,8,1086.94,8695.52
8990,3593,20,8,65712.36,525698.88
8991,3593,7,1,80186.05,80186.05
8992,3593,448,10,76536.34,765363.4
8993,3594,375,4,76703.99,306815.96
8994,3595,228,3,4759.44,14278.32
8995,3596,323,2,39674.83,79349.66
8996,3597,393,10,47279.6,472796.0
8997,3597,186,9,75718.08,681462.72
8998,3598,145,4,10696.76,42787.04
8999,3599,122,6,931.59,5589.54
9000,3599,57,7,87716.14,614012.98
9001,3600,136,2,54477.9,108955.8
9002,3600,10,5,25573.87,127869.35
9003,3600,60,7,38335.25,268346.75
9004,3600,25,1,30369.39,30369.39
9005,3601,454,10,30383.23,303832.3
9006,3602,472,4,22597.52,90390.08
9007,3602,471,6,75407.6,452445.6
9008,3603,4,7,64914.3,454400.1
9009,3603,435,3,74476.01,223428.03
9010,3604,415,7,69855.26,488986.82
9011,3604,498,1,66207.1,66207.1
9012,3605,40,5,21333.55,106667.75
9013,3605,199,3,16514.96,49544.88
9014,3606,205,4,10454.48,41817.92
9015,3606,429,2,19565.86,39131.72
9016,3606,480,7,68631.43,480420.01
9017,3606,117,2,12514.21,25028.42
9018,3607,27,3,72656.07,217968.21
9019,3607,463,4,59725.5,238902.0
9020,3607,282,2,82413.92,164827.84
9021,3608,33,8,88997.89,711983.12
9022,3609,354,8,74915.6,599324.8
9023,3610,309,10,55677.87,556778.7
9024,3611,163,5,78732.69,393663.45
9025,3611,239,1,15448.92,15448.92
9026,3611,472,6,22597.52,135585.12
9027,3612,310,10,35677.02,356770.2
9028,3613,15,10,98841.92,988419.2
9029,3613,284,1,8463.95,8463.95
9030,3613,38,1,49014.29,49014.29
9031,3614,212,4,46553.41,186213.64
9032,3614,395,6,77236.92,463421.52
9033,3614,226,3,93947.94,281843.82
9034,3615,116,2,11142.67,22285.34
9035,3615,187,8,36091.16,288729.28
9036,3615,307,7,1467.46,10272.22
9037,3615,189,4,28510.99,114043.96
9038,3616,94,4,43568.37,174273.48
9039,3616,136,1,54477.9,54477.9
9040,3616,57,3,87716.14,263148.42
9041,3617,413,9,72577.72,653199.48
9042,3617,476,7,76322.28,534255.96
9043,3618,51,6,52649.71,315898.26
9044,3618,28,7,65616.25,459313.75
9045,3618,204,1,95178.22,95178.22
9046,3618,213,3,55391.35,166174.05
9047,3619,298,4,50870.69,203482.76
9048,3619,86,6,80325.35,481952.1
9049,3619,496,8,79024.26,632194.08
9050,3620,228,5,4759.44,23797.2
9051,3620,148,10,92685.24,926852.4
9052,3620,42,1,61640.73,61640.73
9053,3620,341,6,21939.0,131634.0
9054,3621,44,3,4253.67,12761.01
9055,3621,256,3,2147.98,6443.94
9056,3621,173,8,80380.27,643042.16
9057,3621,99,10,7949.09,79490.9
9058,3622,356,6,72913.36,437480.16
9059,3622,406,3,15921.7,47765.1
9060,3622,347,7,67482.69,472378.83
9061,3622,394,2,82911.08,165822.16
9062,3623,270,9,65627.34,590646.06
9063,3623,238,10,23384.08,233840.8
9064,3623,484,9,82247.61,740228.49
9065,3624,206,9,32119.7,289077.3
9066,3625,51,2,52649.71,105299.42
9067,3625,245,6,16532.35,99194.1
9068,3626,48,2,10719.47,21438.94
9069,3627,84,2,13684.9,27369.8
9070,3627,371,3,41514.28,124542.84
9071,3627,135,5,98142.88,490714.4
9072,3628,187,7,36091.16,252638.12
9073,3628,455,8,2659.29,21274.32
9074,3628,157,4,1061.69,4246.76
9075,3629,469,4,56708.83,226835.32
9076,3630,39,5,63632.65,318163.25
9077,3630,473,2,13652.81,27305.62
9078,3630,380,10,51902.7,519027.0
9079,3630,241,1,81211.68,81211.68
9080,3631,206,6,32119.7,192718.2
9081,3631,306,1,41536.38,41536.38
9082,3631,165,9,88397.98,795581.82
9083,3631,159,6,77479.26,464875.56
9084,3632,380,5,51902.7,259513.5
9085,3632,417,1,86832.35,86832.35
9086,3632,3,2,85455.22,170910.44
9087,3632,99,2,7949.09,15898.18
9088,3633,207,8,66112.51,528900.08
9089,3633,453,1,52002.13,52002.13
9090,3633,465,7,35119.06,245833.42
9091,3633,46,2,2282.65,4565.3
9092,3634,333,1,72221.14,72221.14
9093,3634,449,2,24451.89,48903.78
9094,3635,345,3,20296.33,60888.99
9095,3636,110,2,33531.28,67062.56
9096,3636,273,9,56684.69,510162.21
9097,3636,114,2,52437.52,104875.04
9098,3636,439,8,10571.9,84575.2
9099,3637,16,4,26484.12,105936.48
9100,3637,481,6,67338.88,404033.28
9101,3638,301,7,69572.09,487004.63
9102,3638,195,5,14566.7,72833.5
9103,3638,184,1,31982.22,31982.22
9104,3638,489,1,34655.5,34655.5
9105,3639,292,2,35636.2,71272.4
9106,3640,149,7,96600.4,676202.8
9107,3640,439,1,10571.9,10571.9
9108,3640,67,8,97325.41,778603.28
9109,3641,437,2,53137.57,106275.14
9110,3641,149,2,96600.4,193200.8
9111,3642,446,3,99844.14,299532.42
9112,3642,144,5,75482.6,377413.0
9113,3642,106,2,55135.33,110270.66
9114,3642,139,2,28949.83,57899.66
9115,3643,450,5,76687.97,383439.85
9116,3643,243,7,16544.0,115808.0
9117,3643,163,7,78732.69,551128.83
9118,3644,141,9,5779.97,52019.73
9119,3644,466,3,93059.49,279178.47
9120,3645,118,1,45976.08,45976.08
9121,3645,488,7,86940.86,608586.02
9122,3646,65,2,12214.59,24429.18
9123,3646,381,7,28825.35,201777.45
9124,3646,38,9,49014.29,441128.61
9125,3647,205,9,10454.48,94090.32
9126,3647,29,10,74548.89,745488.9
9127,3647,115,6,89739.27,538435.62
9128,3648,322,6,93995.61,563973.66
9129,3649,122,7,931.59,6521.13
9130,3649,143,7,15069.62,105487.34
9131,3650,76,8,85298.74,682389.92
9132,3650,34,5,53218.93,266094.65
9133,3650,433,7,92876.17,650133.19
9134,3651,167,4,47748.29,190993.16
9135,3651,97,2,1658.66,3317.32
9136,3651,390,7,99797.36,698581.52
9137,3652,298,1,50870.69,50870.69
9138,3652,406,7,15921.7,111451.9
9139,3652,162,1,22386.22,22386.22
9140,3653,331,2,85505.45,171010.9
9141,3653,421,2,73498.95,146997.9
9142,3653,148,4,92685.24,370740.96
9143,3654,476,4,76322.28,305289.12
9144,3654,335,5,80103.73,400518.65
9145,3654,54,7,23227.62,162593.34
9146,3654,477,4,49042.18,196168.72
9147,3655,388,1,23664.64,23664.64
9148,3656,279,1,21838.59,21838.59
9149,3656,307,8,1467.46,11739.68
9150,3656,435,9,74476.01,670284.09
9151,3656,351,7,8371.64,58601.48
9152,3657,232,1,58073.83,58073.83
9153,3657,383,2,14094.09,28188.18
9154,3657,193,9,96033.36,864300.24
9155,3658,8,2,80606.01,161212.02
9156,3658,141,6,5779.97,34679.82
9157,3659,328,5,26653.48,133267.4
9158,3659,146,8,74370.07,594960.56
9159,3659,251,4,22326.7,89306.8
9160,3660,137,4,76197.11,304788.44
9161,3660,360,6,76617.14,459702.84
9162,3661,128,8,91633.07,733064.56
9163,3661,222,1,39980.12,39980.12
9164,3661,389,2,22110.21,44220.42
9165,3661,309,7,55677.87,389745.09
9166,3662,80,6,87908.32,527449.92
9167,3662,429,4,19565.86,78263.44
9168,3662,487,2,74088.37,148176.74
9169,3663,409,5,35874.01,179370.05
9170,3663,442,1,41810.87,41810.87
9171,3663,164,10,53935.08,539350.8
9172,3663,25,4,30369.39,121477.56
9173,3664,10,2,25573.87,51147.74
9174,3664,43,9,43188.03,388692.27
9175,3664,467,6,92900.99,557405.94
9176,3664,383,10,14094.09,140940.9
9177,3665,286,5,6217.57,31087.85
9178,3665,294,1,55184.47,55184.47
9179,3665,357,10,21451.86,214518.6
9180,3665,230,6,4470.52,26823.12
9181,3666,290,6,67565.43,405392.58
9182,3666,11,6,82518.93,495113.58
9183,3667,307,6,1467.46,8804.76
9184,3668,472,2,22597.52,45195.04
9185,3668,293,9,20430.88,183877.92
9186,3668,79,5,36073.98,180369.9
9187,3668,258,8,47848.98,382791.84
9188,3669,200,9,19835.46,178519.14
9189,3669,204,1,95178.22,95178.22
9190,3670,485,10,15008.94,150089.4
9191,3670,106,10,55135.33,551353.3
9192,3670,380,3,51902.7,155708.1
9193,3670,450,5,76687.97,383439.85
9194,3671,219,2,54575.2,109150.4
9195,3672,306,6,41536.38,249218.28
9196,3673,19,7,66222.77,463559.39
9197,3673,416,3,54590.24,163770.72
9198,3673,354,8,74915.6,599324.8
9199,3674,262,9,42358.06,381222.54
9200,3675,202,9,64645.11,581805.99
9201,3676,46,2,2282.65,4565.3
9202,3676,391,3,8482.2,25446.6
9203,3677,236,10,79369.42,793694.2
9204,3678,309,9,55677.87,501100.83
9205,3678,72,3,94969.88,284909.64
9206,3678,450,3,76687.97,230063.91
9207,3679,124,2,92474.9,184949.8
9208,3679,490,3,45281.13,135843.39
9209,3680,200,3,19835.46,59506.38
9210,3680,249,6,94751.76,568510.56
9211,3680,256,1,2147.98,2147.98
9212,3681,266,6,91053.49,546320.94
9213,3681,436,7,79527.83,556694.81
9214,3682,218,3,21669.69,65009.07
9215,3683,359,5,5855.63,29278.15
9216,3683,60,2,38335.25,76670.5
9217,3683,491,4,74131.29,296525.16
9218,3683,495,5,25917.91,129589.55
9219,3684,255,8,23366.47,186931.76
9220,3684,335,4,80103.73,320414.92
9221,3685,104,8,44983.28,359866.24
9222,3685,162,4,22386.22,89544.88
9223,3686,442,2,41810.87,83621.74
9224,3686,131,5,70151.42,350757.1
9225,3686,93,3,52548.77,157646.31
9226,3686,465,1,35119.06,35119.06
9227,3687,95,10,34902.07,349020.7
9228,3687,18,4,80640.27,322561.08
9229,3687,225,8,18324.95,146599.6
9230,3688,58,9,5334.4,48009.6
9231,3688,190,8,39813.77,318510.16
9232,3688,333,2,72221.14,144442.28
9233,3689,74,6,45946.75,275680.5
9234,3689,176,10,53553.98,535539.8
9235,3689,26,3,29731.51,89194.53
9236,3690,116,1,11142.67,11142.67
9237,3690,488,10,86940.86,869408.6
9238,3690,446,6,99844.14,599064.84
9239,3691,353,9,64642.11,581778.99
9240,3691,435,8,74476.01,595808.08
9241,3691,379,8,22448.95,179591.6
9242,3692,203,3,25443.42,76330.26
9243,3692,152,8,54888.21,439105.68
9244,3693,236,6,79369.42,476216.52
9245,3693,300,8,87673.25,701386.0
9246,3694,114,2,52437.52,104875.04
9247,3694,267,7,87738.25,614167.75
9248,3695,66,10,20265.34,202653.4
9249,3696,44,6,4253.67,25522.02
9250,3696,123,2,93563.17,187126.34
9251,3697,338,2,72195.75,144391.5
9252,3698,336,1,80664.0,80664.0
9253,3698,107,2,96335.54,192671.08
9254,3699,244,6,24745.2,148471.2
9255,3700,191,1,16054.19,16054.19
9256,3700,485,3,15008.94,45026.82
9257,3701,208,5,56772.42,283862.1
9258,3701,499,9,2398.29,21584.61
9259,3701,296,5,60833.16,304165.8
9260,3702,88,4,3367.21,13468.84
9261,3703,422,3,85754.51,257263.53
9262,3703,374,3,94722.27,284166.81
9263,3704,439,1,10571.9,10571.9
9264,3704,88,9,3367.21,30304.89
9265,3705,403,6,17152.36,102914.16
9266,3705,128,8,91633.07,733064.56
9267,3705,269,1,52492.79,52492.79
9268,3705,386,10,96986.76,969867.6
9269,3706,107,2,96335.54,192671.08
9270,3706,300,4,87673.25,350693.0
9271,3706,426,8,64269.94,514159.52
9272,3707,270,6,65627.34,393764.04
9273,3708,491,10,74131.29,741312.9
9274,3708,266,3,91053.49,273160.47
9275,3708,106,2,55135.33,110270.66
9276,3708,246,4,89134.37,356537.48
9277,3709,218,9,21669.69,195027.21
9278,3710,72,1,94969.88,94969.88
9279,3710,193,9,96033.36,864300.24
9280,3711,317,10,84877.05,848770.5
9281,3712,229,6,39115.26,234691.56
9282,3712,35,2,14167.84,28335.68
9283,3713,39,8,63632.65,509061.2
9284,3713,474,9,74658.85,671929.65
9285,3714,139,9,28949.83,260548.47
9286,3714,366,9,55080.25,495722.25
9287,3714,307,4,1467.46,5869.84
9288,3715,102,8,81801.78,654414.24
9289,3716,333,4,72221.14,288884.56
9290,3716,225,9,18324.95,164924.55
9291,3716,455,2,2659.29,5318.58
9292,3717,115,4,89739.27,358957.08
9293,3718,32,5,58241.15,291205.75
9294,3718,344,7,2473.62,17315.34
9295,3718,129,3,40088.06,120264.18
9296,3718,295,5,35135.48,175677.4
9297,3719,161,8,7751.64,62013.12
9298,3719,158,8,15793.49,126347.92
9299,3719,16,1,26484.12,26484.12
9300,3720,165,4,88397.98,353591.92
9301,3721,165,9,88397.98,795581.82
9302,3721,333,9,72221.14,649990.26
9303,3721,483,3,77083.29,231249.87
9304,3722,470,9,15743.15,141688.35
9305,3722,136,2,54477.9,108955.8
9306,3723,399,9,63101.84,567916.56
9307,3724,342,9,45260.55,407344.95
9308,3725,290,4,67565.43,270261.72
9309,3725,334,9,43505.77,391551.93
9310,3726,30,3,37482.4,112447.2
9311,3726,413,9,72577.72,653199.48
9312,3726,477,5,49042.18,245210.9
9313,3727,247,3,26196.83,78590.49
9314,3727,303,6,68318.67,409912.02
9315,3727,500,9,97989.39,881904.51
9316,3727,284,8,8463.95,67711.6
9317,3728,113,6,34465.03,206790.18
9318,3728,238,7,23384.08,163688.56
9319,3728,36,5,98725.56,493627.8
9320,3729,165,4,88397.98,353591.92
9321,3730,381,8,28825.35,230602.8
9322,3730,18,1,80640.27,80640.27
9323,3731,211,8,84090.95,672727.6
9324,3731,214,1,84258.4,84258.4
9325,3731,349,7,86891.64,608241.48
9326,3731,457,4,9881.57,39526.28
9327,3732,47,10,69505.71,695057.1
9328,3732,52,2,99615.82,199231.64
9329,3733,357,10,21451.86,214518.6
9330,3733,48,6,10719.47,64316.82
9331,3733,54,6,23227.62,139365.72
9332,3733,494,4,58508.99,234035.96
9333,3734,305,4,63549.35,254197.4
9334,3735,106,4,55135.33,220541.32
9335,3735,372,5,509.19,2545.95
9336,3735,59,1,5299.39,5299.39
9337,3735,431,4,25965.88,103863.52
9338,3736,253,8,66135.05,529080.4
9339,3736,319,1,49335.13,49335.13
9340,3736,40,4,21333.55,85334.2
9341,3736,498,8,66207.1,529656.8
9342,3737,15,2,98841.92,197683.84
9343,3737,213,9,55391.35,498522.15
9344,3738,451,1,96184.35,96184.35
9345,3738,27,5,72656.07,363280.35
9346,3739,265,8,42836.19,342689.52
9347,3739,67,3,97325.41,291976.23
9348,3739,24,2,90699.39,181398.78
9349,3740,94,5,43568.37,217841.85
9350,3740,425,3,15836.09,47508.27
9351,3740,139,5,28949.83,144749.15
9352,3740,230,7,4470.52,31293.64
9353,3741,478,3,56336.18,169008.54
9354,3741,245,6,16532.35,99194.1
9355,3741,125,6,17778.2,106669.2
9356,3742,394,7,82911.08,580377.56
9357,3743,428,10,87412.53,874125.3
9358,3743,69,1,68976.29,68976.29
9359,3743,295,6,35135.48,210812.88
9360,3744,197,8,30816.77,246534.16
9361,3744,414,10,70809.28,708092.8
9362,3745,67,1,97325.41,97325.41
9363,3746,82,1,27547.39,27547.39
9364,3746,465,10,35119.06,351190.6
9365,3746,460,6,57263.47,343580.82
9366,3746,383,8,14094.09,112752.72
9367,3747,434,4,80201.48,320805.92
9368,3748,357,6,21451.86,128711.16
9369,3748,500,1,97989.39,97989.39
9370,3748,360,9,76617.14,689554.26
9371,3749,292,10,35636.2,356362.0
9372,3750,277,5,77532.35,387661.75
9373,3750,441,5,62719.84,313599.2
9374,3750,410,6,13019.83,78118.98
9375,3750,481,7,67338.88,471372.16
9376,3751,488,9,86940.86,782467.74
9377,3751,361,2,62001.17,124002.34
9378,3751,229,8,39115.26,312922.08
9379,3752,151,6,91192.89,547157.34
9380,3752,95,5,34902.07,174510.35
9381,3752,18,1,80640.27,80640.27
9382,3753,463,6,59725.5,358353.0
9383,3753,44,6,4253.67,25522.02
9384,3753,499,7,2398.29,16788.03
9385,3754,409,3,35874.01,107622.03
9386,3754,144,1,75482.6,75482.6
9387,3754,5,2,65332.94,130665.88
9388,3754,289,7,51823.46,362764.22
9389,3755,410,10,13019.83,130198.3
9390,3755,162,4,22386.22,89544.88
9391,3755,308,1,29085.31,29085.31
9392,3755,377,1,19262.81,19262.81
9393,3756,115,5,89739.27,448696.35
9394,3757,156,1,26791.84,26791.84
9395,3758,378,1,39777.83,39777.83
9396,3758,323,7,39674.83,277723.81
9397,3758,276,8,48634.14,389073.12
9398,3759,293,2,20430.88,40861.76
9399,3760,402,7,23978.6,167850.2
9400,3760,403,6,17152.36,102914.16
9401,3760,140,5,52511.63,262558.15
9402,3761,3,1,85455.22,85455.22
9403,3761,500,1,97989.39,97989.39
9404,3761,26,5,29731.51,148657.55
9405,3762,12,5,1231.08,6155.4
9406,3763,131,10,70151.42,701514.2
9407,3763,435,8,74476.01,595808.08
9408,3763,184,7,31982.22,223875.54
9409,3763,129,9,40088.06,360792.54
9410,3764,152,9,54888.21,493993.89
9411,3764,375,8,76703.99,613631.92
9412,3765,88,1,3367.21,3367.21
9413,3765,185,5,1086.94,5434.7
9414,3765,209,9,17279.63,155516.67
9415,3766,441,7,62719.84,439038.88
9416,3766,145,7,10696.76,74877.32
9417,3767,162,7,22386.22,156703.54
9418,3767,228,1,4759.44,4759.44
9419,3768,495,4,25917.91,103671.64
9420,3769,357,8,21451.86,171614.88
9421,3770,379,9,22448.95,202040.55
9422,3770,41,2,76566.13,153132.26
9423,3770,46,3,2282.65,6847.95
9424,3771,406,7,15921.7,111451.9
9425,3772,91,6,70604.53,423627.18
9426,3772,349,1,86891.64,86891.64
9427,3772,337,9,13879.93,124919.37
9428,3773,189,10,28510.99,285109.9
9429,3774,309,4,55677.87,222711.48
9430,3774,12,2,1231.08,2462.16
9431,3774,158,6,15793.49,94760.94
9432,3775,225,2,18324.95,36649.9
9433,3776,132,5,84385.91,421929.55
9434,3776,37,8,31980.15,255841.2
9435,3776,324,8,97662.47,781299.76
9436,3776,222,7,39980.12,279860.84
9437,3777,420,2,571.62,1143.24
9438,3777,395,1,77236.92,77236.92
9439,3778,398,3,68303.51,204910.53
9440,3778,422,4,85754.51,343018.04
9441,3779,299,8,29778.06,238224.48
9442,3780,242,5,67685.33,338426.65
9443,3780,30,7,37482.4,262376.8
9444,3780,84,2,13684.9,27369.8
9445,3780,186,7,75718.08,530026.56
9446,3781,472,7,22597.52,158182.64
9447,3781,150,10,20707.18,207071.8
9448,3781,143,7,15069.62,105487.34
9449,3782,188,9,78795.74,709161.66
9450,3782,390,10,99797.36,997973.6
9451,3782,486,3,68693.24,206079.72
9452,3783,350,9,63311.7,569805.3
9453,3783,158,4,15793.49,63173.96
9454,3783,44,3,4253.67,12761.01
9455,3784,444,2,17097.53,34195.06
9456,3785,443,3,67612.01,202836.03
9457,3785,228,5,4759.44,23797.2
9458,3786,393,10,47279.6,472796.0
9459,3786,253,3,66135.05,198405.15
9460,3786,478,10,56336.18,563361.8
9461,3787,384,2,45550.34,91100.68
9462,3787,368,5,52584.25,262921.25
9463,3787,167,5,47748.29,238741.45
9464,3787,295,9,35135.48,316219.32
9465,3788,11,10,82518.93,825189.3
9466,3788,456,5,51371.51,256857.55
9467,3788,3,7,85455.22,598186.54
9468,3789,436,9,79527.83,715750.47
9469,3789,390,5,99797.36,498986.8
9470,3789,443,7,67612.01,473284.07
9471,3790,452,10,72768.17,727681.7
9472,3790,497,3,46763.6,140290.8
9473,3791,287,9,44177.72,397599.48
9474,3791,380,8,51902.7,415221.6
9475,3791,432,9,71925.6,647330.4
9476,3792,330,8,21447.98,171583.84
9477,3793,245,8,16532.35,132258.8
9478,3793,204,7,95178.22,666247.54
9479,3794,438,4,8254.57,33018.28
9480,3794,293,8,20430.88,163447.04
9481,3794,241,9,81211.68,730905.12
9482,3795,165,4,88397.98,353591.92
9483,3796,439,2,10571.9,21143.8
9484,3796,76,10,85298.74,852987.4
9485,3796,180,2,46192.91,92385.82
9486,3797,63,9,62468.38,562215.42
9487,3797,217,10,81357.92,813579.2
9488,3797,65,8,12214.59,97716.72
9489,3797,434,5,80201.48,401007.4
9490,3798,223,7,84874.19,594119.33
9491,3798,414,7,70809.28,495664.96
9492,3798,235,1,40881.3,40881.3
9493,3798,222,10,39980.12,399801.2
9494,3799,302,2,77111.74,154223.48
9495,3800,458,3,14271.62,42814.86
9496,3800,187,7,36091.16,252638.12
9497,3801,65,10,12214.59,122145.9
9498,3801,176,4,53553.98,214215.92
9499,3801,296,2,60833.16,121666.32
9500,3802,223,1,84874.19,84874.19
9501,3802,443,9,67612.01,608508.09
9502,3802,297,6,57703.22,346219.32
9503,3802,255,7,23366.47,163565.29
9504,3803,164,6,53935.08,323610.48
9505,3803,295,7,35135.48,245948.36
9506,3803,60,4,38335.25,153341.0
9507,3803,14,10,68599.11,685991.1
9508,3804,249,5,94751.76,473758.8
9509,3804,24,8,90699.39,725595.12
9510,3804,339,8,25471.92,203775.36
9511,3804,156,8,26791.84,214334.72
9512,3805,140,1,52511.63,52511.63
9513,3806,413,8,72577.72,580621.76
9514,3806,231,1,70521.76,70521.76
9515,3806,434,3,80201.48,240604.44
9516,3807,488,2,86940.86,173881.72
9517,3807,384,6,45550.34,273302.04
9518,3807,10,6,25573.87,153443.22
9519,3808,132,1,84385.91,84385.91
9520,3808,317,10,84877.05,848770.5
9521,3808,145,10,10696.76,106967.6
9522,3809,235,3,40881.3,122643.9
9523,3809,416,6,54590.24,327541.44
9524,3809,166,7,36399.38,254795.66
9525,3810,252,5,79564.3,397821.5
9526,3810,133,9,63442.04,570978.36
9527,3811,183,6,41059.46,246356.76
9528,3811,173,8,80380.27,643042.16
9529,3811,376,7,23505.93,164541.51
9530,3812,108,5,56452.09,282260.45
9531,3812,124,3,92474.9,277424.7
9532,3812,424,1,19392.01,19392.01
9533,3812,174,6,29995.18,179971.08
9534,3813,290,6,67565.43,405392.58
9535,3814,400,8,12653.08,101224.64
9536,3814,6,3,47672.67,143018.01
9537,3815,476,9,76322.28,686900.52
9538,3815,376,3,23505.93,70517.79
9539,3815,241,8,81211.68,649693.44
9540,3815,67,7,97325.41,681277.87
9541,3816,345,9,20296.33,182666.97
9542,3816,260,8,9772.4,78179.2
9543,3816,451,1,96184.35,96184.35
9544,3817,431,3,25965.88,77897.64
9545,3817,481,7,67338.88,471372.16
9546,3817,443,7,67612.01,473284.07
9547,3818,121,7,66016.44,462115.08
9548,3819,416,3,54590.24,163770.72
9549,3819,313,8,21074.47,168595.76
9550,3819,277,7,77532.35,542726.45
9551,3819,16,5,26484.12,132420.6
9552,3820,277,10,77532.35,775323.5
9553,3820,89,5,92079.6,460398.0
9554,3820,329,4,34638.1,138552.4
9555,3821,24,8,90699.39,725595.12
9556,3821,29,10,74548.89,745488.9
9557,3821,492,7,52564.96,367954.72
9558,3822,222,6,39980.12,239880.72
9559,3823,245,8,16532.35,132258.8
9560,3823,254,9,92274.02,830466.18
9561,3824,72,2,94969.88,189939.76
9562,3824,143,7,15069.62,105487.34
9563,3824,252,5,79564.3,397821.5
9564,3825,301,2,69572.09,139144.18
9565,3826,99,10,7949.09,79490.9
9566,3826,484,6,82247.61,493485.66
9567,3826,349,1,86891.64,86891.64
9568,3826,220,8,36898.95,295191.6
9569,3827,176,3,53553.98,160661.94
9570,3827,311,6,18687.05,112122.3
9571,3828,51,7,52649.71,368547.97
9572,3829,179,7,64832.84,453829.88
9573,3830,272,9,25736.46,231628.14
9574,3830,32,3,58241.15,174723.45
9575,3830,246,4,89134.37,356537.48
9576,3830,320,1,40089.01,40089.01
9577,3831,343,2,36350.5,72701.0
9578,3831,24,4,90699.39,362797.56
9579,3831,11,4,82518.93,330075.72
9580,3831,269,5,52492.79,262463.95
9581,3832,73,4,72494.58,289978.32
9582,3833,154,7,96266.29,673864.03
9583,3833,119,10,11222.69,112226.9
9584,3833,92,3,72515.47,217546.41
9585,3833,426,5,64269.94,321349.7
9586,3834,51,2,52649.71,105299.42
9587,3834,283,7,9270.0,64890.0
9588,3834,2,10,28864.4,288644.0
9589,3835,465,2,35119.06,70238.12
9590,3835,313,2,21074.47,42148.94
9591,3835,314,3,35924.72,107774.16
9592,3836,216,1,89264.47,89264.47
9593,3836,462,4,49083.5,196334.0
9594,3836,135,2,98142.88,196285.76
9595,3837,278,3,74907.51,224722.53
9596,3838,307,7,1467.46,10272.22
9597,3838,464,6,38463.84,230783.04
9598,3838,49,10,17118.51,171185.1
9599,3838,135,6,98142.88,588857.28
9600,3839,43,3,43188.03,129564.09
9601,3840,415,4,69855.26,279421.04
9602,3841,289,1,51823.46,51823.46
9603,3841,417,6,86832.35,520994.1
9604,3842,222,5,39980.12,199900.6
9605,3842,349,3,86891.64,260674.92
9606,3842,331,4,85505.45,342021.8
9607,3842,297,10,57703.22,577032.2
9608,3843,424,4,19392.01,77568.04
9609,3843,97,8,1658.66,13269.28
9610,3843,286,6,6217.57,37305.42
9611,3844,454,9,30383.23,273449.07
9612,3844,82,5,27547.39,137736.95
9613,3844,272,7,25736.46,180155.22
9614,3845,243,8,16544.0,132352.0
9615,3845,369,4,90937.85,363751.4
9616,3846,322,6,93995.61,563973.66
9617,3846,282,1,82413.92,82413.92
9618,3846,323,4,39674.83,158699.32
9619,3847,418,3,7353.22,22059.66
9620,3848,244,2,24745.2,49490.4
9621,3848,405,8,58317.16,466537.28
9622,3848,70,10,772.43,7724.3
9623,3848,351,4,8371.64,33486.56
9624,3849,206,3,32119.7,96359.1
9625,3850,24,6,90699.39,544196.34
9626,3850,486,6,68693.24,412159.44
9627,3850,431,4,25965.88,103863.52
9628,3851,218,10,21669.69,216696.9
9629,3851,228,10,4759.44,47594.4
9630,3852,143,5,15069.62,75348.1
9631,3852,442,9,41810.87,376297.83
9632,3853,354,3,74915.6,224746.8
9633,3853,239,7,15448.92,108142.44
9634,3854,391,4,8482.2,33928.8
9635,3854,363,9,62834.83,565513.47
9636,3854,250,9,99281.19,893530.71
9637,3854,302,10,77111.74,771117.4
9638,3855,441,3,62719.84,188159.52
9639,3855,305,9,63549.35,571944.15
9640,3855,41,7,76566.13,535962.91
9641,3856,85,5,10819.45,54097.25
9642,3856,260,8,9772.4,78179.2
9643,3856,250,9,99281.19,893530.71
9644,3856,246,7,89134.37,623940.59
9645,3857,27,5,72656.07,363280.35
9646,3858,227,7,23559.12,164913.84
9647,3859,306,10,41536.38,415363.8
9648,3859,194,7,95760.47,670323.29
9649,3860,94,5,43568.37,217841.85
9650,3860,428,2,87412.53,174825.06
9651,3860,384,6,45550.34,273302.04
9652,3861,113,1,34465.03,34465.03
9653,3861,39,3,63632.65,190897.95
9654,3861,341,1,21939.0,21939.0
9655,3861,264,5,35376.52,176882.6
9656,3862,136,2,54477.9,108955.8
9657,3863,236,2,79369.42,158738.84
9658,3864,69,10,68976.29,689762.9
9659,3865,128,4,91633.07,366532.28
9660,3865,403,8,17152.36,137218.88
9661,3865,353,1,64642.11,64642.11
9662,3866,217,8,81357.92,650863.36
9663,3866,187,9,36091.16,324820.44
9664,3867,150,10,20707.18,207071.8
9665,3868,114,1,52437.52,52437.52
9666,3868,410,2,13019.83,26039.66
9667,3868,184,10,31982.22,319822.2
9668,3868,163,4,78732.69,314930.76
9669,3869,108,2,56452.09,112904.18
9670,3869,463,1,59725.5,59725.5
9671,3869,33,2,88997.89,177995.78
9672,3870,262,7,42358.06,296506.42
9673,3870,155,8,38031.22,304249.76
9674,3870,190,4,39813.77,159255.08
9675,3871,417,4,86832.35,347329.4
9676,3872,30,2,37482.4,74964.8
9677,3872,356,8,72913.36,583306.88
9678,3872,24,5,90699.39,453496.95
9679,3872,371,10,41514.28,415142.8
9680,3873,48,8,10719.47,85755.76
9681,3873,464,6,38463.84,230783.04
9682,3874,488,4,86940.86,347763.44
9683,3874,15,1,98841.92,98841.92
9684,3874,411,3,78961.9,236885.7
9685,3874,256,2,2147.98,4295.96
9686,3875,110,10,33531.28,335312.8
9687,3875,233,8,65540.69,524325.52
9688,3875,121,1,66016.44,66016.44
9689,3875,427,2,66059.66,132119.32
9690,3876,51,5,52649.71,263248.55
9691,3877,212,2,46553.41,93106.82
9692,3877,81,9,18695.51,168259.59
9693,3878,471,3,75407.6,226222.8
9694,3878,443,5,67612.01,338060.05
9695,3879,1,7,34752.78,243269.46
9696,3880,107,9,96335.54,867019.86
9697,3881,172,10,91177.92,911779.2
9698,3881,139,7,28949.83,202648.81
9699,3881,434,7,80201.48,561410.36
9700,3881,355,1,17148.15,17148.15
9701,3882,469,6,56708.83,340252.98
9702,3882,333,2,72221.14,144442.28
9703,3883,128,1,91633.07,91633.07
9704,3883,175,5,51632.52,258162.6
9705,3883,278,8,74907.51,599260.08
9706,3884,33,9,88997.89,800981.01
9707,3885,403,1,17152.36,17152.36
9708,3886,174,6,29995.18,179971.08
9709,3886,27,4,72656.07,290624.28
9710,3886,43,2,43188.03,86376.06
9711,3887,293,6,20430.88,122585.28
9712,3888,30,8,37482.4,299859.2
9713,3888,426,7,64269.94,449889.58
9714,3888,494,10,58508.99,585089.9
9715,3888,78,4,85273.87,341095.48
9716,3889,408,8,93119.45,744955.6
9717,3889,475,8,8965.36,71722.88
9718,3889,388,10,23664.64,236646.4
9719,3890,214,5,84258.4,421292.0
9720,3890,26,9,29731.51,267583.59
9721,3890,434,6,80201.48,481208.88
9722,3890,168,7,67059.38,469415.66
9723,3891,163,6,78732.69,472396.14
9724,3891,242,1,67685.33,67685.33
9725,3892,87,7,61326.65,429286.55
9726,3892,92,5,72515.47,362577.35
9727,3892,159,1,77479.26,77479.26
9728,3893,303,9,68318.67,614868.03
9729,3893,449,7,24451.89,171163.23
9730,3893,135,2,98142.88,196285.76
9731,3893,340,8,40140.99,321127.92
9732,3894,437,2,53137.57,106275.14
9733,3894,133,9,63442.04,570978.36
9734,3894,451,3,96184.35,288553.05
9735,3895,398,2,68303.51,136607.02
9736,3895,256,5,2147.98,10739.9
9737,3895,56,9,12754.62,114791.58
9738,3895,407,9,16191.0,145719.0
9739,3896,196,1,59867.16,59867.16
9740,3897,494,2,58508.99,117017.98
9741,3897,285,10,61589.58,615895.8
9742,3897,11,8,82518.93,660151.44
9743,3898,182,1,7508.99,7508.99
9744,3898,467,9,92900.99,836108.91
9745,3898,251,3,22326.7,66980.1
9746,3899,252,6,79564.3,477385.8
9747,3899,378,1,39777.83,39777.83
9748,3899,281,5,39215.82,196079.1
9749,3899,196,5,59867.16,299335.8
9750,3900,47,5,69505.71,347528.55
9751,3900,462,3,49083.5,147250.5
9752,3900,154,10,96266.29,962662.9
9753,3901,393,7,47279.6,330957.2
9754,3901,75,8,5482.98,43863.84
9755,3901,384,1,45550.34,45550.34
9756,3902,359,6,5855.63,35133.78
9757,3903,34,6,53218.93,319313.58
9758,3904,117,8,12514.21,100113.68
9759,3905,395,9,77236.92,695132.28
9760,3905,452,5,72768.17,363840.85
9761,3905,91,10,70604.53,706045.3
9762,3905,211,8,84090.95,672727.6
9763,3906,151,3,91192.89,273578.67
9764,3907,33,10,88997.89,889978.9
9765,3907,211,9,84090.95,756818.55
9766,3907,372,2,509.19,1018.38
9767,3908,77,1,73984.75,73984.75
9768,3908,448,8,76536.34,612290.72
9769,3908,465,7,35119.06,245833.42
9770,3909,225,1,18324.95,18324.95
9771,3910,220,9,36898.95,332090.55
9772,3911,462,5,49083.5,245417.5
9773,3912,219,10,54575.2,545752.0
9774,3912,185,8,1086.94,8695.52
9775,3913,344,4,2473.62,9894.48
9776,3913,478,10,56336.18,563361.8
9777,3914,201,1,85213.08,85213.08
9778,3914,211,6,84090.95,504545.7
9779,3914,378,5,39777.83,198889.15
9780,3914,54,2,23227.62,46455.24
9781,3915,402,1,23978.6,23978.6
9782,3915,43,8,43188.03,345504.24
9783,3915,166,7,36399.38,254795.66
9784,3915,20,1,65712.36,65712.36
9785,3916,353,8,64642.11,517136.88
9786,3917,388,9,23664.64,212981.76
9787,3917,493,1,62492.68,62492.68
9788,3917,57,1,87716.14,87716.14
9789,3918,468,3,30825.95,92477.85
9790,3918,243,9,16544.0,148896.0
9791,3918,284,5,8463.95,42319.75
9792,3918,129,6,40088.06,240528.36
9793,3919,234,9,51907.96,467171.64
9794,3919,224,7,75842.0,530894.0
9795,3919,53,8,16905.91,135247.28
9796,3920,410,8,13019.83,104158.64
9797,3920,24,3,90699.39,272098.17
9798,3920,222,2,39980.12,79960.24
9799,3920,220,10,36898.95,368989.5
9800,3921,409,3,35874.01,107622.03
9801,3921,424,9,19392.01,174528.09
9802,3922,154,2,96266.29,192532.58
9803,3922,301,5,69572.09,347860.45
9804,3923,6,10,47672.67,476726.7
9805,3923,487,3,74088.37,222265.11
9806,3924,186,3,75718.08,227154.24
9807,3925,488,10,86940.86,869408.6
9808,3925,91,8,70604.53,564836.24
9809,3925,382,9,41583.94,374255.46
9810,3925,187,4,36091.16,144364.64
9811,3926,217,8,81357.92,650863.36
9812,3926,489,5,34655.5,173277.5
9813,3927,459,9,23682.92,213146.28
9814,3928,88,1,3367.21,3367.21
9815,3929,304,5,48456.03,242280.15
9816,3929,300,5,87673.25,438366.25
9817,3929,414,8,70809.28,566474.24
9818,3930,303,9,68318.67,614868.03
9819,3930,377,1,19262.81,19262.81
9820,3930,434,2,80201.48,160402.96
9821,3930,274,3,75619.7,226859.1
9822,3931,176,7,53553.98,374877.86
9823,3931,387,3,28570.4,85711.2
9824,3932,273,4,56684.69,226738.76
9825,3933,50,9,94872.11,853848.99
9826,3933,381,9,28825.35,259428.15
9827,3933,8,1,80606.01,80606.01
9828,3933,441,3,62719.84,188159.52
9829,3934,252,1,79564.3,79564.3
9830,3934,422,2,85754.51,171509.02
9831,3934,337,7,13879.93,97159.51
9832,3935,368,7,52584.25,368089.75
9833,3935,25,4,30369.39,121477.56
9834,3936,32,6,58241.15,349446.9
9835,3936,116,10,11142.67,111426.7
9836,3936,462,6,49083.5,294501.0
9837,3936,191,10,16054.19,160541.9
9838,3937,163,2,78732.69,157465.38
9839,3938,225,2,18324.95,36649.9
9840,3938,461,7,72496.26,507473.82
9841,3938,194,7,95760.47,670323.29
9842,3938,386,3,96986.76,290960.28
9843,3939,449,9,24451.89,220067.01
9844,3939,413,7,72577.72,508044.04
9845,3939,496,4,79024.26,316097.04
9846,3939,178,7,83648.68,585540.76
9847,3940,68,6,16457.17,98743.02
9848,3941,442,9,41810.87,376297.83
9849,3941,193,8,96033.36,768266.88
9850,3942,475,1,8965.36,8965.36
9851,3942,74,10,45946.75,459467.5
9852,3943,92,5,72515.47,362577.35
9853,3943,168,6,67059.38,402356.28
9854,3944,413,9,72577.72,653199.48
9855,3945,199,10,16514.96,165149.6
9856,3946,10,9,25573.87,230164.83
9857,3946,314,8,35924.72,287397.76
9858,3946,225,4,18324.95,73299.8
9859,3947,467,9,92900.99,836108.91
9860,3947,50,4,94872.11,379488.44
9861,3947,419,5,82032.15,410160.75
9862,3947,431,2,25965.88,51931.76
9863,3948,27,1,72656.07,72656.07
9864,3949,200,9,19835.46,178519.14
9865,3949,166,5,36399.38,181996.9
9866,3949,277,4,77532.35,310129.4
9867,3949,150,10,20707.18,207071.8
9868,3950,489,1,34655.5,34655.5
9869,3950,14,5,68599.11,342995.55
9870,3951,32,6,58241.15,349446.9
9871,3951,116,7,11142.67,77998.69
9872,3951,360,1,76617.14,76617.14
9873,3951,416,9,54590.24,491312.16
9874,3952,455,10,2659.29,26592.9
9875,3952,20,4,65712.36,262849.44
9876,3952,197,8,30816.77,246534.16
9877,3952,142,6,75143.41,450860.46
9878,3953,146,5,74370.07,371850.35
9879,3954,453,6,52002.13,312012.78
9880,3954,313,9,21074.47,189670.23
9881,3954,27,4,72656.07,290624.28
9882,3954,326,1,38253.09,38253.09
9883,3955,241,8,81211.68,649693.44
9884,3955,8,9,80606.01,725454.09
9885,3955,65,10,12214.59,122145.9
9886,3956,82,8,27547.39,220379.12
9887,3957,135,1,98142.88,98142.88
9888,3957,189,1,28510.99,28510.99
9889,3957,59,6,5299.39,31796.34
9890,3957,97,1,1658.66,1658.66
9891,3958,459,10,23682.92,236829.2
9892,3959,469,5,56708.83,283544.15
9893,3959,252,8,79564.3,636514.4
9894,3959,169,4,91901.43,367605.72
9895,3960,278,5,74907.51,374537.55
9896,3961,249,1,94751.76,94751.76
9897,3961,158,7,15793.49,110554.43
9898,3962,262,9,42358.06,381222.54
9899,3962,85,6,10819.45,64916.7
9900,3963,228,3,4759.44,14278.32
9901,3964,162,1,22386.22,22386.22
9902,3964,115,6,89739.27,538435.62
9903,3964,95,3,34902.07,104706.21
9904,3965,38,6,49014.29,294085.74
9905,3965,164,1,53935.08,53935.08
9906,3965,432,2,71925.6,143851.2
9907,3966,169,5,91901.43,459507.15
9908,3966,81,8,18695.51,149564.08
9909,3967,48,8,10719.47,85755.76
9910,3968,345,1,20296.33,20296.33
9911,3968,390,6,99797.36,598784.16
9912,3968,397,2,66767.78,133535.56
9913,3968,177,4,67198.35,268793.4
9914,3969,450,9,76687.97,690191.73
9915,3970,45,6,89254.64,535527.84
9916,3970,263,2,43181.15,86362.3
9917,3970,13,5,64910.54,324552.7
9918,3971,66,1,20265.34,20265.34
9919,3972,253,5,66135.05,330675.25
9920,3973,141,6,5779.97,34679.82
9921,3974,170,7,38446.57,269125.99
9922,3975,111,3,47576.8,142730.4
9923,3975,411,8,78961.9,631695.2
9924,3976,359,7,5855.63,40989.41
9925,3976,320,9,40089.01,360801.09
9926,3976,75,10,5482.98,54829.8
9927,3976,402,10,23978.6,239786.0
9928,3977,230,8,4470.52,35764.16
9929,3977,116,10,11142.67,111426.7
9930,3977,262,4,42358.06,169432.24
9931,3978,291,3,97576.77,292730.31
9932,3979,92,10,72515.47,725154.7
9933,3979,436,1,79527.83,79527.83
9934,3979,105,7,10713.01,74991.07
9935,3980,188,7,78795.74,551570.18
9936,3981,211,1,84090.95,84090.95
9937,3981,416,8,54590.24,436721.92
9938,3982,77,5,73984.75,369923.75
9939,3983,105,8,10713.01,85704.08
9940,3984,313,5,21074.47,105372.35
9941,3984,433,10,92876.17,928761.7
9942,3985,71,6,83605.6,501633.6
9943,3986,291,4,97576.77,390307.08
9944,3987,200,4,19835.46,79341.84
9945,3987,297,7,57703.22,403922.54
9946,3987,148,5,92685.24,463426.2
9947,3987,446,4,99844.14,399376.56
9948,3988,180,2,46192.91,92385.82
9949,3988,348,5,38416.56,192082.8
9950,3988,355,6,17148.15,102888.9
9951,3988,100,10,33424.04,334240.4
9952,3989,191,9,16054.19,144487.71
9953,3989,488,2,86940.86,173881.72
9954,3989,216,6,89264.47,535586.82
9955,3990,387,9,28570.4,257133.6
9956,3991,56,7,12754.62,89282.34
9957,3991,470,4,15743.15,62972.6
9958,3991,151,2,91192.89,182385.78
9959,3992,317,7,84877.05,594139.35
9960,3992,282,4,82413.92,329655.68
9961,3992,297,4,57703.22,230812.88
9962,3992,246,1,89134.37,89134.37
9963,3993,102,5,81801.78,409008.9
9964,3993,5,3,65332.94,195998.82
9965,3994,124,4,92474.9,369899.6
9966,3994,417,9,86832.35,781491.15
9967,3995,54,10,23227.62,232276.2
9968,3995,339,7,25471.92,178303.44
9969,3996,394,3,82911.08,248733.24
9970,3997,14,3,68599.11,205797.33
9971,3997,313,8,21074.47,168595.76
9972,3997,372,1,509.19,509.19
9973,3998,3,5,85455.22,427276.1
9974,3998,13,4,64910.54,259642.16
9975,3998,399,9,63101.84,567916.56
9976,3999,476,5,76322.28,381611.4
9977,3999,195,8,14566.7,116533.6
9978,3999,220,1,36898.95,36898.95
9979,3999,264,8,35376.52,283012.16
9980,4000,200,3,19835.46,59506.38
9981,4000,22,8,70952.86,567622.88
9982,4001,245,10,16532.35,165323.5
9983,4001,376,7,23505.93,164541.51
9984,4001,260,7,9772.4,68406.8
9985,4002,212,1,46553.41,46553.41
9986,4002,258,6,47848.98,287093.88
9987,4003,498,4,66207.1,264828.4
9988,4003,249,9,94751.76,852765.84
9989,4004,432,9,71925.6,647330.4
9990,4005,104,1,44983.28,44983.28
9991,4005,98,10,84960.13,849601.3
9992,4006,16,10,26484.12,264841.2
9993,4006,48,9,10719.47,96475.23
9994,4006,312,3,73842.67,221528.01
9995,4006,409,5,35874.01,179370.05
9996,4007,256,8,2147.98,17183.84
9997,4007,26,6,29731.51,178389.06
9998,4007,324,2,97662.47,195324.94
9999,4007,352,9,32029.39,288264.51
10000,4008,71,9,83605.6,752450.4
10001,4008,54,7,23227.62,162593.34
10002,4008,2,4,28864.4,115457.6
10003,4008,289,7,51823.46,362764.22
10004,4009,271,9,36545.84,328912.56
10005,4009,479,2,24610.35,49220.7
10006,4009,352,7,32029.39,224205.73
10007,4009,90,9,5074.25,45668.25
10008,4010,6,7,47672.67,333708.69
10009,4010,8,9,80606.01,725454.09
10010,4010,194,9,95760.47,861844.23
10011,4010,397,2,66767.78,133535.56
10012,4011,250,1,99281.19,99281.19
10013,4011,302,5,77111.74,385558.7
10014,4012,190,9,39813.77,358323.93
10015,4012,88,5,3367.21,16836.05
10016,4013,166,7,36399.38,254795.66
10017,4013,258,9,47848.98,430640.82
10018,4013,476,2,76322.28,152644.56
10019,4013,12,8,1231.08,9848.64
10020,4014,81,5,18695.51,93477.55
10021,4014,324,2,97662.47,195324.94
10022,4015,310,2,35677.02,71354.04
10023,4015,227,1,23559.12,23559.12
10024,4015,5,9,65332.94,587996.46
10025,4015,112,1,11845.32,11845.32
10026,4016,136,1,54477.9,54477.9
10027,4016,287,10,44177.72,441777.2
10028,4017,454,5,30383.23,151916.15
10029,4017,372,9,509.19,4582.71
10030,4017,133,8,63442.04,507536.32
10031,4018,484,5,82247.61,411238.05
10032,4019,99,7,7949.09,55643.63
10033,4019,131,6,70151.42,420908.52
10034,4020,470,3,15743.15,47229.45
10035,4020,355,7,17148.15,120037.05
10036,4020,235,1,40881.3,40881.3
10037,4020,469,3,56708.83,170126.49
10038,4021,111,2,47576.8,95153.6
10039,4022,217,7,81357.92,569505.44
10040,4023,153,10,29770.68,297706.8
10041,4023,29,10,74548.89,745488.9
10042,4023,164,8,53935.08,431480.64
10043,4023,473,5,13652.81,68264.05
10044,4024,328,9,26653.48,239881.32
10045,4024,13,8,64910.54,519284.32
10046,4025,432,4,71925.6,287702.4
10047,4026,269,6,52492.79,314956.74
10048,4026,89,4,92079.6,368318.4
10049,4026,473,8,13652.81,109222.48
10050,4026,500,2,97989.39,195978.78
10051,4027,215,9,20044.98,180404.82
10052,4027,377,9,19262.81,173365.29
10053,4028,12,6,1231.08,7386.48
10054,4028,148,6,92685.24,556111.44
10055,4028,459,8,23682.92,189463.36
10056,4028,42,9,61640.73,554766.57
10057,4029,121,8,66016.44,528131.52
10058,4030,366,5,55080.25,275401.25
10059,4030,40,3,21333.55,64000.65
10060,4031,431,8,25965.88,207727.04
10061,4032,199,8,16514.96,132119.68
10062,4032,71,10,83605.6,836056.0
10063,4032,139,10,28949.83,289498.3
10064,4033,495,4,25917.91,103671.64
10065,4033,370,4,80568.42,322273.68
10066,4033,130,2,80577.28,161154.56
10067,4034,500,4,97989.39,391957.56
10068,4034,279,1,21838.59,21838.59
10069,4034,82,6,27547.39,165284.34
10070,4034,231,10,70521.76,705217.6
10071,4035,210,9,71363.81,642274.29
10072,4035,223,5,84874.19,424370.95
10073,4035,70,1,772.43,772.43
10074,4035,17,8,15417.96,123343.68
10075,4036,367,5,59287.68,296438.4
10076,4036,469,1,56708.83,56708.83
10077,4036,206,2,32119.7,64239.4
10078,4037,227,7,23559.12,164913.84
10079,4037,230,7,4470.52,31293.64
10080,4037,151,3,91192.89,273578.67
10081,4038,308,10,29085.31,290853.1
10082,4039,262,7,42358.06,296506.42
10083,4039,340,6,40140.99,240845.94
10084,4039,163,3,78732.69,236198.07
10085,4039,432,6,71925.6,431553.6
10086,4040,340,3,40140.99,120422.97
10087,4040,438,5,8254.57,41272.85
10088,4040,154,6,96266.29,577597.74
10089,4041,206,3,32119.7,96359.1
10090,4041,233,10,65540.69,655406.9
10091,4041,90,10,5074.25,50742.5
10092,4041,313,1,21074.47,21074.47
10093,4042,83,8,65060.23,520481.84
10094,4042,70,10,772.43,7724.3
10095,4042,368,5,52584.25,262921.25
10096,4042,216,1,89264.47,89264.47
10097,4043,342,5,45260.55,226302.75
10098,4043,13,2,64910.54,129821.08
10099,4043,51,4,52649.71,210598.84
10100,4043,161,9,7751.64,69764.76
10101,4044,225,4,18324.95,73299.8
10102,4044,368,9,52584.25,473258.25
10103,4045,344,4,2473.62,9894.48
10104,4045,276,10,48634.14,486341.4
10105,4045,270,3,65627.34,196882.02
10106,4045,112,4,11845.32,47381.28
10107,4046,71,5,83605.6,418028.0
10108,4046,80,7,87908.32,615358.24
10109,4046,184,9,31982.22,287839.98
10110,4046,332,7,57355.27,401486.89
10111,4047,289,7,51823.46,362764.22
10112,4047,212,2,46553.41,93106.82
10113,4048,117,6,12514.21,75085.26
10114,4049,191,9,16054.19,144487.71
10115,4049,255,1,23366.47,23366.47
10116,4049,138,9,57278.5,515506.5
10117,4049,329,5,34638.1,173190.5
10118,4050,252,2,79564.3,159128.6
10119,4050,334,5,43505.77,217528.85
10120,4051,211,8,84090.95,672727.6
10121,4051,75,4,5482.98,21931.92
10122,4052,3,1,85455.22,85455.22
10123,4052,332,1,57355.27,57355.27
10124,4052,205,2,10454.48,20908.96
10125,4053,421,7,73498.95,514492.65
10126,4053,220,5,36898.95,184494.75
10127,4054,326,7,38253.09,267771.63
10128,4054,424,2,19392.01,38784.02
10129,4054,19,5,66222.77,331113.85
10130,4054,300,10,87673.25,876732.5
10131,4055,291,2,97576.77,195153.54
10132,4056,25,10,30369.39,303693.9
10133,4057,221,7,13821.19,96748.33
10134,4058,428,6,87412.53,524475.18
10135,4058,341,5,21939.0,109695.0
10136,4058,304,6,48456.03,290736.18
10137,4059,479,1,24610.35,24610.35
10138,4059,369,1,90937.85,90937.85
10139,4059,128,2,91633.07,183266.14
10140,4060,454,7,30383.23,212682.61
10141,4060,266,3,91053.49,273160.47
10142,4060,446,8,99844.14,798753.12
10143,4060,138,5,57278.5,286392.5
10144,4061,412,1,73452.29,73452.29
10145,4061,421,6,73498.95,440993.7
10146,4062,421,3,73498.95,220496.85
10147,4062,366,6,55080.25,330481.5
10148,4063,352,1,32029.39,32029.39
10149,4063,477,8,49042.18,392337.44
10150,4063,423,4,32409.06,129636.24
10151,4063,102,3,81801.78,245405.34
10152,4064,211,7,84090.95,588636.65
10153,4065,421,7,73498.95,514492.65
10154,4065,397,10,66767.78,667677.8
10155,4065,462,2,49083.5,98167.0
10156,4066,384,8,45550.34,364402.72
10157,4067,322,9,93995.61,845960.49
10158,4068,385,2,19185.05,38370.1
10159,4068,465,8,35119.06,280952.48
10160,4068,34,2,53218.93,106437.86
10161,4068,443,4,67612.01,270448.04
10162,4069,1,6,34752.78,208516.68
10163,4069,328,1,26653.48,26653.48
10164,4069,76,1,85298.74,85298.74
10165,4070,139,7,28949.83,202648.81
10166,4070,91,5,70604.53,353022.65
10167,4070,76,4,85298.74,341194.96
10168,4070,235,5,40881.3,204406.5
10169,4071,391,6,8482.2,50893.2
10170,4071,344,3,2473.62,7420.86
10171,4071,212,7,46553.41,325873.87
10172,4072,32,4,58241.15,232964.6
10173,4072,434,5,80201.48,401007.4
10174,4072,164,8,53935.08,431480.64
10175,4073,345,2,20296.33,40592.66
10176,4073,436,7,79527.83,556694.81
10177,4073,135,1,98142.88,98142.88
10178,4073,41,3,76566.13,229698.39
10179,4074,359,6,5855.63,35133.78
10180,4074,294,4,55184.47,220737.88
10181,4074,450,9,76687.97,690191.73
10182,4075,176,9,53553.98,481985.82
10183,4075,184,8,31982.22,255857.76
10184,4075,307,6,1467.46,8804.76
10185,4075,328,10,26653.48,266534.8
10186,4076,31,2,85195.78,170391.56
10187,4076,134,6,71581.26,429487.56
10188,4077,84,9,13684.9,123164.1
10189,4077,493,3,62492.68,187478.04
10190,4077,405,4,58317.16,233268.64
10191,4078,413,2,72577.72,145155.44
10192,4079,473,4,13652.81,54611.24
10193,4079,483,1,77083.29,77083.29
10194,4079,141,4,5779.97,23119.88
10195,4079,374,3,94722.27,284166.81
10196,4080,235,5,40881.3,204406.5
10197,4080,361,4,62001.17,248004.68
10198,4080,143,4,15069.62,60278.48
10199,4080,151,3,91192.89,273578.67
10200,4081,177,9,67198.35,604785.15
10201,4081,348,7,38416.56,268915.92
10202,4081,234,8,51907.96,415263.68
10203,4082,450,5,76687.97,383439.85
10204,4082,363,8,62834.83,502678.64
10205,4082,28,8,65616.25,524930.0
10206,4083,135,7,98142.88,687000.16
10207,4083,326,5,38253.09,191265.45
10208,4084,77,9,73984.75,665862.75
10209,4084,403,4,17152.36,68609.44
10210,4084,445,5,50716.93,253584.65
10211,4084,405,2,58317.16,116634.32
10212,4085,210,8,71363.81,570910.48
10213,4086,12,1,1231.08,1231.08
10214,4087,287,9,44177.72,397599.48
10215,4087,150,3,20707.18,62121.54
10216,4087,89,10,92079.6,920796.0
10217,4087,315,10,92058.72,920587.2
10218,4088,34,5,53218.93,266094.65
10219,4088,195,3,14566.7,43700.1
10220,4089,66,9,20265.34,182388.06
10221,4090,217,9,81357.92,732221.28
10222,4090,183,6,41059.46,246356.76
10223,4091,497,3,46763.6,140290.8
10224,4091,397,5,66767.78,333838.9
10225,4091,26,9,29731.51,267583.59
10226,4091,496,10,79024.26,790242.6
10227,4092,1,6,34752.78,208516.68
10228,4093,241,10,81211.68,812116.8
10229,4093,289,2,51823.46,103646.92
10230,4093,294,6,55184.47,331106.82
10231,4094,118,6,45976.08,275856.48
10232,4094,136,7,54477.9,381345.3
10233,4094,348,6,38416.56,230499.36
10234,4095,334,3,43505.77,130517.31
10235,4096,147,5,51336.77,256683.85
10236,4096,105,5,10713.01,53565.05
10237,4097,367,8,59287.68,474301.44
10238,4098,264,1,35376.52,35376.52
10239,4099,437,4,53137.57,212550.28
10240,4099,334,10,43505.77,435057.7
10241,4099,111,6,47576.8,285460.8
10242,4099,37,10,31980.15,319801.5
10243,4100,123,8,93563.17,748505.36
10244,4100,166,9,36399.38,327594.42
10245,4100,478,5,56336.18,281680.9
10246,4101,318,8,49487.87,395902.96
10247,4101,11,4,82518.93,330075.72
10248,4101,381,2,28825.35,57650.7
10249,4102,268,2,1044.21,2088.42
10250,4102,84,2,13684.9,27369.8
10251,4103,94,7,43568.37,304978.59
10252,4104,327,9,61471.42,553242.78
10253,4104,78,2,85273.87,170547.74
10254,4104,49,6,17118.51,102711.06
10255,4105,135,9,98142.88,883285.92
10256,4105,394,9,82911.08,746199.72
10257,4105,254,10,92274.02,922740.2
10258,4106,393,8,47279.6,378236.8
10259,4106,238,1,23384.08,23384.08
10260,4107,30,8,37482.4,299859.2
10261,4107,190,1,39813.77,39813.77
10262,4107,439,10,10571.9,105719.0
10263,4107,15,6,98841.92,593051.52
10264,4108,327,7,61471.42,430299.94
10265,4109,198,4,41559.12,166236.48
10266,4109,343,3,36350.5,109051.5
10267,4110,208,4,56772.42,227089.68
10268,4110,92,3,72515.47,217546.41
10269,4110,478,7,56336.18,394353.26
10270,4110,131,6,70151.42,420908.52
10271,4111,79,8,36073.98,288591.84
10272,4111,2,10,28864.4,288644.0
10273,4111,491,9,74131.29,667181.61
10274,4111,394,1,82911.08,82911.08
10275,4112,379,8,22448.95,179591.6
10276,4112,252,9,79564.3,716078.7
10277,4112,21,10,40757.59,407575.9
10278,4113,226,9,93947.94,845531.46
10279,4113,310,8,35677.02,285416.16
10280,4114,340,4,40140.99,160563.96
10281,4114,169,10,91901.43,919014.3
10282,4114,84,10,13684.9,136849.0
10283,4114,359,10,5855.63,58556.3
10284,4115,428,2,87412.53,174825.06
10285,4115,100,9,33424.04,300816.36
10286,4115,200,5,19835.46,99177.3
10287,4115,290,6,67565.43,405392.58
10288,4116,138,10,57278.5,572785.0
10289,4116,56,9,12754.62,114791.58
10290,4116,444,4,17097.53,68390.12
10291,4117,232,10,58073.83,580738.3
10292,4117,499,3,2398.29,7194.87
10293,4117,368,9,52584.25,473258.25
10294,4118,205,3,10454.48,31363.44
10295,4118,414,10,70809.28,708092.8
10296,4119,52,7,99615.82,697310.74
10297,4120,54,10,23227.62,232276.2
10298,4120,162,6,22386.22,134317.32
10299,4120,309,3,55677.87,167033.61
10300,4121,476,9,76322.28,686900.52
10301,4121,146,8,74370.07,594960.56
10302,4121,229,2,39115.26,78230.52
10303,4121,437,6,53137.57,318825.42
10304,4122,377,4,19262.81,77051.24
10305,4122,115,2,89739.27,179478.54
10306,4122,99,8,7949.09,63592.72
10307,4123,37,4,31980.15,127920.6
10308,4123,407,5,16191.0,80955.0
10309,4124,169,2,91901.43,183802.86
10310,4124,460,10,57263.47,572634.7
10311,4124,197,7,30816.77,215717.39
10312,4124,451,2,96184.35,192368.7
10313,4125,195,3,14566.7,43700.1
10314,4125,185,2,1086.94,2173.88
10315,4125,323,1,39674.83,39674.83
10316,4125,26,1,29731.51,29731.51
10317,4126,88,8,3367.21,26937.68
10318,4127,158,10,15793.49,157934.9
10319,4127,340,6,40140.99,240845.94
10320,4127,313,9,21074.47,189670.23
10321,4127,395,8,77236.92,617895.36
10322,4128,394,1,82911.08,82911.08
10323,4129,62,6,42376.71,254260.26
10324,4129,326,4,38253.09,153012.36
10325,4129,65,9,12214.59,109931.31
10326,4130,448,7,76536.34,535754.38
10327,4131,49,1,17118.51,17118.51
10328,4131,315,6,92058.72,552352.32
10329,4132,455,7,2659.29,18615.03
10330,4132,254,10,92274.02,922740.2
10331,4133,88,9,3367.21,30304.89
10332,4133,374,8,94722.27,757778.16
10333,4134,363,8,62834.83,502678.64
10334,4134,446,5,99844.14,499220.7
10335,4135,397,9,66767.78,600910.02
10336,4135,96,10,83983.79,839837.9
10337,4135,92,8,72515.47,580123.76
10338,4135,203,6,25443.42,152660.52
10339,4136,46,6,2282.65,13695.9
10340,4136,40,3,21333.55,64000.65
10341,4137,389,9,22110.21,198991.89
10342,4137,407,8,16191.0,129528.0
10343,4137,106,3,55135.33,165405.99
10344,4138,228,6,4759.44,28556.64
10345,4139,309,5,55677.87,278389.35
10346,4139,99,5,7949.09,39745.45
10347,4139,376,5,23505.93,117529.65
10348,4139,50,10,94872.11,948721.1
10349,4140,415,2,69855.26,139710.52
10350,4140,401,10,36362.45,363624.5
10351,4140,410,10,13019.83,130198.3
10352,4141,338,10,72195.75,721957.5
10353,4141,139,7,28949.83,202648.81
10354,4141,162,3,22386.22,67158.66
10355,4141,497,5,46763.6,233818.0
10356,4142,284,1,8463.95,8463.95
10357,4142,143,10,15069.62,150696.2
10358,4143,393,8,47279.6,378236.8
10359,4143,253,2,66135.05,132270.1
10360,4144,231,4,70521.76,282087.04
10361,4144,438,7,8254.57,57781.99
10362,4144,473,9,13652.81,122875.29
10363,4145,3,1,85455.22,85455.22
10364,4145,332,6,57355.27,344131.62
10365,4145,228,2,4759.44,9518.88
10366,4146,179,2,64832.84,129665.68
10367,4146,46,1,2282.65,2282.65
10368,4147,46,9,2282.65,20543.85
10369,4147,335,7,80103.73,560726.11
10370,4148,67,10,97325.41,973254.1
10371,4148,10,2,25573.87,51147.74
10372,4148,245,5,16532.35,82661.75
10373,4148,182,5,7508.99,37544.95
10374,4149,213,2,55391.35,110782.7
10375,4149,220,10,36898.95,368989.5
10376,4149,488,7,86940.86,608586.02
10377,4150,373,1,29032.84,29032.84
10378,4150,236,2,79369.42,158738.84
10379,4150,352,6,32029.39,192176.34
10380,4150,193,1,96033.36,96033.36
10381,4151,121,2,66016.44,132032.88
10382,4151,140,1,52511.63,52511.63
10383,4151,1,3,34752.78,104258.34
10384,4152,335,7,80103.73,560726.11
10385,4152,191,5,16054.19,80270.95
10386,4152,176,8,53553.98,428431.84
10387,4152,233,6,65540.69,393244.14
10388,4153,433,7,92876.17,650133.19
10389,4153,329,6,34638.1,207828.6
10390,4153,434,8,80201.48,641611.84
10391,4153,395,4,77236.92,308947.68
10392,4154,302,8,77111.74,616893.92
10393,4154,330,8,21447.98,171583.84
10394,4155,43,6,43188.03,259128.18
10395,4155,392,1,27017.11,27017.11
10396,4155,31,7,85195.78,596370.46
10397,4156,315,3,92058.72,276176.16
10398,4156,11,4,82518.93,330075.72
10399,4156,406,4,15921.7,63686.8
10400,4157,314,5,35924.72,179623.6
10401,4158,390,5,99797.36,498986.8
10402,4158,360,8,76617.14,612937.12
10403,4158,96,1,83983.79,83983.79
10404,4158,61,7,70335.89,492351.23
10405,4159,429,7,19565.86,136961.02
10406,4160,113,8,34465.03,275720.24
10407,4160,436,4,79527.83,318111.32
10408,4160,429,1,19565.86,19565.86
10409,4161,105,5,10713.01,53565.05
10410,4161,398,3,68303.51,204910.53
10411,4161,449,9,24451.89,220067.01
10412,4162,487,8,74088.37,592706.96
10413,4163,326,7,38253.09,267771.63
10414,4164,297,1,57703.22,57703.22
10415,4164,104,10,44983.28,449832.8
10416,4165,58,8,5334.4,42675.2
10417,4165,181,2,7788.18,15576.36
10418,4165,445,1,50716.93,50716.93
10419,4165,29,7,74548.89,521842.23
10420,4166,63,4,62468.38,249873.52
10421,4166,204,7,95178.22,666247.54
10422,4166,310,8,35677.02,285416.16
10423,4166,28,1,65616.25,65616.25
10424,4167,296,2,60833.16,121666.32
10425,4167,31,2,85195.78,170391.56
10426,4167,138,8,57278.5,458228.0
10427,4168,227,4,23559.12,94236.48
10428,4168,312,2,73842.67,147685.34
10429,4168,221,10,13821.19,138211.9
10430,4168,346,10,97947.63,979476.3
10431,4169,212,10,46553.41,465534.1
10432,4169,227,10,23559.12,235591.2
10433,4169,17,7,15417.96,107925.72
10434,4170,282,8,82413.92,659311.36
10435,4171,316,2,1159.06,2318.12
10436,4171,216,3,89264.47,267793.41
10437,4171,424,3,19392.01,58176.03
10438,4172,10,8,25573.87,204590.96
10439,4172,263,9,43181.15,388630.35
10440,4173,365,10,86491.99,864919.9
10441,4173,241,9,81211.68,730905.12
10442,4173,232,9,58073.83,522664.47
10443,4174,132,4,84385.91,337543.64
10444,4174,399,8,63101.84,504814.72
10445,4175,319,7,49335.13,345345.91
10446,4175,207,9,66112.51,595012.59
10447,4175,272,7,25736.46,180155.22
10448,4176,229,9,39115.26,352037.34
10449,4176,130,3,80577.28,241731.84
10450,4177,7,1,80186.05,80186.05
10451,4177,447,10,55233.09,552330.9
10452,4178,34,8,53218.93,425751.44
10453,4178,461,6,72496.26,434977.56
10454,4178,167,10,47748.29,477482.9
10455,4178,132,6,84385.91,506315.46
10456,4179,60,4,38335.25,153341.0
10457,4180,197,3,30816.77,92450.31
10458,4180,232,2,58073.83,116147.66
10459,4181,428,6,87412.53,524475.18
10460,4182,229,2,39115.26,78230.52
10461,4182,392,5,27017.11,135085.55
10462,4182,375,1,76703.99,76703.99
10463,4182,268,9,1044.21,9397.89
10464,4183,465,3,35119.06,105357.18
10465,4183,274,5,75619.7,378098.5
10466,4184,158,2,15793.49,31586.98
10467,4184,481,4,67338.88,269355.52
10468,4184,312,8,73842.67,590741.36
10469,4184,329,2,34638.1,69276.2
10470,4185,406,5,15921.7,79608.5
10471,4185,167,3,47748.29,143244.87
10472,4185,29,4,74548.89,298195.56
10473,4185,291,2,97576.77,195153.54
10474,4186,465,4,35119.06,140476.24
10475,4186,292,8,35636.2,285089.6
10476,4186,210,9,71363.81,642274.29
10477,4187,408,4,93119.45,372477.8
10478,4188,452,10,72768.17,727681.7
10479,4189,187,2,36091.16,72182.32
10480,4190,364,4,3342.84,13371.36
10481,4191,414,1,70809.28,70809.28
10482,4191,298,5,50870.69,254353.45
10483,4191,412,8,73452.29,587618.32
10484,4191,12,10,1231.08,12310.8
10485,4192,156,7,26791.84,187542.88
10486,4193,145,1,10696.76,10696.76
10487,4193,307,6,1467.46,8804.76
10488,4193,135,9,98142.88,883285.92
10489,4194,169,2,91901.43,183802.86
10490,4195,316,3,1159.06,3477.18
10491,4195,131,8,70151.42,561211.36
10492,4196,444,2,17097.53,34195.06
10493,4197,223,9,84874.19,763867.71
10494,4197,405,10,58317.16,583171.6
10495,4198,11,10,82518.93,825189.3
10496,4199,491,7,74131.29,518919.03
10497,4199,348,9,38416.56,345749.04
10498,4199,26,2,29731.51,59463.02
10499,4199,328,5,26653.48,133267.4
10500,4200,441,7,62719.84,439038.88
10501,4200,42,7,61640.73,431485.11
10502,4200,220,2,36898.95,73797.9
10503,4201,245,8,16532.35,132258.8
10504,4202,428,5,87412.53,437062.65
10505,4202,312,3,73842.67,221528.01
10506,4203,210,8,71363.81,570910.48
10507,4204,286,1,6217.57,6217.57
10508,4205,380,6,51902.7,311416.2
10509,4205,266,9,91053.49,819481.41
10510,4205,381,3,28825.35,86476.05
10511,4206,348,10,38416.56,384165.6
10512,4206,6,8,47672.67,381381.36
10513,4206,131,8,70151.42,561211.36
10514,4207,360,5,76617.14,383085.7
10515,4207,248,1,60136.07,60136.07
10516,4207,91,1,70604.53,70604.53
10517,4208,31,2,85195.78,170391.56
10518,4208,102,6,81801.78,490810.68
10519,4209,383,9,14094.09,126846.81
10520,4210,48,9,10719.47,96475.23
10521,4210,230,10,4470.52,44705.2
10522,4210,178,7,83648.68,585540.76
10523,4210,302,3,77111.74,231335.22
10524,4211,352,10,32029.39,320293.9
10525,4211,159,5,77479.26,387396.3
10526,4212,215,2,20044.98,40089.96
10527,4212,136,10,54477.9,544779.0
10528,4212,331,5,85505.45,427527.25
10529,4212,492,10,52564.96,525649.6
10530,4213,443,4,67612.01,270448.04
10531,4213,260,3,9772.4,29317.2
10532,4213,478,6,56336.18,338017.08
10533,4214,307,10,1467.46,14674.6
10534,4215,43,1,43188.03,43188.03
10535,4216,441,7,62719.84,439038.88
10536,4216,415,4,69855.26,279421.04
10537,4217,135,10,98142.88,981428.8
10538,4217,478,3,56336.18,169008.54
10539,4218,227,8,23559.12,188472.96
10540,4218,471,8,75407.6,603260.8
10541,4219,273,6,56684.69,340108.14
10542,4220,436,7,79527.83,556694.81
10543,4220,348,9,38416.56,345749.04
10544,4220,85,3,10819.45,32458.35
10545,4221,316,6,1159.06,6954.36
10546,4221,338,6,72195.75,433174.5
10547,4222,102,5,81801.78,409008.9
10548,4222,356,9,72913.36,656220.24
10549,4222,143,3,15069.62,45208.86
10550,4223,124,9,92474.9,832274.1
10551,4224,61,2,70335.89,140671.78
10552,4225,332,8,57355.27,458842.16
10553,4225,440,7,19351.31,135459.17
10554,4225,174,10,29995.18,299951.8
10555,4226,399,6,63101.84,378611.04
10556,4226,52,2,99615.82,199231.64
10557,4226,345,4,20296.33,81185.32
10558,4227,189,4,28510.99,114043.96
10559,4227,413,3,72577.72,217733.16
10560,4227,500,4,97989.39,391957.56
10561,4228,186,4,75718.08,302872.32
10562,4228,8,10,80606.01,806060.1
10563,4228,259,8,87836.39,702691.12
10564,4228,389,4,22110.21,88440.84
10565,4229,237,6,50432.78,302596.68
10566,4230,418,3,7353.22,22059.66
10567,4230,164,4,53935.08,215740.32
10568,4231,143,5,15069.62,75348.1
10569,4231,121,3,66016.44,198049.32
10570,4232,379,4,22448.95,89795.8
10571,4233,409,10,35874.01,358740.1
10572,4233,380,7,51902.7,363318.9
10573,4233,248,6,60136.07,360816.42
10574,4234,85,4,10819.45,43277.8
10575,4234,283,4,9270.0,37080.0
10576,4234,4,6,64914.3,389485.8
10577,4234,252,1,79564.3,79564.3
10578,4235,216,5,89264.47,446322.35
10579,4236,395,9,77236.92,695132.28
10580,4236,167,1,47748.29,47748.29
10581,4236,369,5,90937.85,454689.25
10582,4237,314,5,35924.72,179623.6
10583,4237,457,1,9881.57,9881.57
10584,4238,440,9,19351.31,174161.79
10585,4238,348,7,38416.56,268915.92
10586,4238,278,3,74907.51,224722.53
10587,4238,82,6,27547.39,165284.34
10588,4239,268,3,1044.21,3132.63
10589,4239,226,10,93947.94,939479.4
10590,4239,384,4,45550.34,182201.36
10591,4240,12,3,1231.08,3693.24
10592,4240,393,6,47279.6,283677.6
10593,4240,220,9,36898.95,332090.55
10594,4240,449,8,24451.89,195615.12
10595,4241,195,9,14566.7,131100.3
10596,4241,10,1,25573.87,25573.87
10597,4242,181,3,7788.18,23364.54
10598,4242,276,7,48634.14,340438.98
10599,4242,69,3,68976.29,206928.87
10600,4243,480,2,68631.43,137262.86
10601,4243,362,7,23320.92,163246.44
10602,4244,192,2,79778.66,159557.32
10603,4244,435,6,74476.01,446856.06
10604,4244,11,4,82518.93,330075.72
10605,4244,33,3,88997.89,266993.67
10606,4245,383,5,14094.09,70470.45
10607,4245,13,2,64910.54,129821.08
10608,4245,398,5,68303.51,341517.55
10609,4245,111,8,47576.8,380614.4
10610,4246,474,9,74658.85,671929.65
10611,4246,173,9,80380.27,723422.43
10612,4246,388,7,23664.64,165652.48
10613,4246,195,4,14566.7,58266.8
10614,4247,46,10,2282.65,22826.5
10615,4247,122,9,931.59,8384.31
10616,4247,226,8,93947.94,751583.52
10617,4247,303,1,68318.67,68318.67
10618,4248,442,6,41810.87,250865.22
10619,4249,260,9,9772.4,87951.6
10620,4249,95,10,34902.07,349020.7
10621,4250,409,3,35874.01,107622.03
10622,4251,336,4,80664.0,322656.0
10623,4251,401,10,36362.45,363624.5
10624,4252,411,6,78961.9,473771.4
10625,4252,424,4,19392.01,77568.04
10626,4252,170,8,38446.57,307572.56
10627,4252,232,7,58073.83,406516.81
10628,4253,413,2,72577.72,145155.44
10629,4253,148,3,92685.24,278055.72
10630,4253,171,6,26030.76,156184.56
10631,4254,80,1,87908.32,87908.32
10632,4254,481,9,67338.88,606049.92
10633,4254,87,4,61326.65,245306.6
10634,4254,79,5,36073.98,180369.9
10635,4255,426,3,64269.94,192809.82
10636,4255,132,10,84385.91,843859.1
10637,4255,347,10,67482.69,674826.9
10638,4255,138,7,57278.5,400949.5
10639,4256,108,9,56452.09,508068.81
10640,4257,230,2,4470.52,8941.04
10641,4258,23,10,72791.71,727917.1
10642,4258,469,10,56708.83,567088.3
10643,4258,374,4,94722.27,378889.08
10644,4258,222,10,39980.12,399801.2
10645,4259,175,7,51632.52,361427.64
10646,4259,39,9,63632.65,572693.85
10647,4259,19,4,66222.77,264891.08
10648,4260,316,2,1159.06,2318.12
10649,4260,73,7,72494.58,507462.06
10650,4261,499,9,2398.29,21584.61
10651,4261,299,7,29778.06,208446.42
10652,4262,157,3,1061.69,3185.07
10653,4263,260,2,9772.4,19544.8
10654,4263,192,1,79778.66,79778.66
10655,4263,359,4,5855.63,23422.52
10656,4263,254,7,92274.02,645918.14
10657,4264,325,6,31907.3,191443.8
10658,4264,7,7,80186.05,561302.35
10659,4265,334,7,43505.77,304540.39
10660,4265,489,3,34655.5,103966.5
10661,4265,387,6,28570.4,171422.4
10662,4266,352,10,32029.39,320293.9
10663,4267,315,4,92058.72,368234.88
10664,4267,154,6,96266.29,577597.74
10665,4267,38,3,49014.29,147042.87
10666,4267,72,9,94969.88,854728.92
10667,4268,347,9,67482.69,607344.21
10668,4269,391,2,8482.2,16964.4
10669,4269,16,1,26484.12,26484.12
10670,4269,269,8,52492.79,419942.32
10671,4269,36,2,98725.56,197451.12
10672,4270,306,4,41536.38,166145.52
10673,4270,382,7,41583.94,291087.58
10674,4270,90,1,5074.25,5074.25
10675,4271,400,7,12653.08,88571.56
10676,4271,499,9,2398.29,21584.61
10677,4272,260,6,9772.4,58634.4
10678,4273,134,5,71581.26,357906.3
10679,4273,401,4,36362.45,145449.8
10680,4273,395,8,77236.92,617895.36
10681,4274,400,4,12653.08,50612.32
10682,4274,58,3,5334.4,16003.2
10683,4275,440,8,19351.31,154810.48
10684,4275,405,8,58317.16,466537.28
10685,4275,366,7,55080.25,385561.75
10686,4275,364,4,3342.84,13371.36
10687,4276,398,2,68303.51,136607.02
10688,4276,483,10,77083.29,770832.9
10689,4277,351,9,8371.64,75344.76
10690,4278,411,5,78961.9,394809.5
10691,4279,263,5,43181.15,215905.75
10692,4279,457,4,9881.57,39526.28
10693,4280,395,10,77236.92,772369.2
10694,4281,292,7,35636.2,249453.4
10695,4281,496,9,79024.26,711218.34
10696,4281,250,5,99281.19,496405.95
10697,4281,169,3,91901.43,275704.29
10698,4282,285,2,61589.58,123179.16
10699,4283,34,9,53218.93,478970.37
10700,4284,143,2,15069.62,30139.24
10701,4284,237,4,50432.78,201731.12
10702,4284,86,2,80325.35,160650.7
10703,4284,307,2,1467.46,2934.92
10704,4285,494,6,58508.99,351053.94
10705,4285,198,10,41559.12,415591.2
10706,4286,159,1,77479.26,77479.26
10707,4286,199,3,16514.96,49544.88
10708,4286,4,4,64914.3,259657.2
10709,4286,112,2,11845.32,23690.64
10710,4287,37,9,31980.15,287821.35
10711,4287,251,2,22326.7,44653.4
10712,4288,403,3,17152.36,51457.08
10713,4288,385,4,19185.05,76740.2
10714,4288,9,3,89600.56,268801.68
10715,4288,158,8,15793.49,126347.92
10716,4289,270,2,65627.34,131254.68
10717,4289,279,2,21838.59,43677.18
10718,4289,283,9,9270.0,83430.0
10719,4290,313,1,21074.47,21074.47
10720,4290,416,7,54590.24,382131.68
10721,4290,86,4,80325.35,321301.4
10722,4291,439,5,10571.9,52859.5
10723,4292,196,6,59867.16,359202.96
10724,4293,444,3,17097.53,51292.59
10725,4293,233,7,65540.69,458784.83
10726,4294,284,10,8463.95,84639.5
10727,4295,5,10,65332.94,653329.4
10728,4296,116,1,11142.67,11142.67
10729,4296,50,1,94872.11,94872.11
10730,4296,479,2,24610.35,49220.7
10731,4297,309,6,55677.87,334067.22
10732,4297,338,2,72195.75,144391.5
10733,4297,430,4,65963.17,263852.68
10734,4297,93,7,52548.77,367841.39
10735,4298,80,9,87908.32,791174.88
10736,4298,100,1,33424.04,33424.04
10737,4299,111,8,47576.8,380614.4
10738,4300,91,1,70604.53,70604.53
10739,4301,427,10,66059.66,660596.6
10740,4302,3,5,85455.22,427276.1
10741,4302,39,7,63632.65,445428.55
10742,4302,444,10,17097.53,170975.3
10743,4303,43,7,43188.03,302316.21
10744,4303,444,1,17097.53,17097.53
10745,4303,361,8,62001.17,496009.36
10746,4303,121,8,66016.44,528131.52
10747,4304,458,3,14271.62,42814.86
10748,4304,252,1,79564.3,79564.3
10749,4305,187,10,36091.16,360911.6
10750,4305,25,9,30369.39,273324.51
10751,4305,357,1,21451.86,21451.86
10752,4306,377,6,19262.81,115576.86
10753,4306,432,4,71925.6,287702.4
10754,4306,459,4,23682.92,94731.68
10755,4306,105,4,10713.01,42852.04
10756,4307,14,7,68599.11,480193.77
10757,4307,58,3,5334.4,16003.2
10758,4307,489,7,34655.5,242588.5
10759,4308,167,2,47748.29,95496.58
10760,4308,499,1,2398.29,2398.29
10761,4309,432,5,71925.6,359628.0
10762,4309,427,7,66059.66,462417.62
10763,4309,296,2,60833.16,121666.32
10764,4310,126,6,39046.86,234281.16
10765,4310,19,2,66222.77,132445.54
10766,4310,450,6,76687.97,460127.82
10767,4310,458,2,14271.62,28543.24
10768,4311,114,3,52437.52,157312.56
10769,4311,337,1,13879.93,13879.93
10770,4312,227,10,23559.12,235591.2
10771,4312,104,3,44983.28,134949.84
10772,4312,29,5,74548.89,372744.45
10773,4312,443,1,67612.01,67612.01
10774,4313,159,4,77479.26,309917.04
10775,4313,48,6,10719.47,64316.82
10776,4313,327,10,61471.42,614714.2
10777,4313,432,7,71925.6,503479.2
10778,4314,173,1,80380.27,80380.27
10779,4314,123,4,93563.17,374252.68
10780,4314,122,7,931.59,6521.13
10781,4314,289,4,51823.46,207293.84
10782,4315,247,4,26196.83,104787.32
10783,4315,143,10,15069.62,150696.2
10784,4315,103,2,80225.5,160451.0
10785,4316,448,1,76536.34,76536.34
10786,4316,259,1,87836.39,87836.39
10787,4316,10,9,25573.87,230164.83
10788,4317,53,7,16905.91,118341.37
10789,4317,201,8,85213.08,681704.64
10790,4317,73,6,72494.58,434967.48
10791,4318,48,5,10719.47,53597.35
10792,4319,266,5,91053.49,455267.45
10793,4319,124,7,92474.9,647324.3
10794,4319,332,6,57355.27,344131.62
10795,4319,63,1,62468.38,62468.38
10796,4320,116,10,11142.67,111426.7
10797,4321,394,6,82911.08,497466.48
10798,4321,325,6,31907.3,191443.8
10799,4321,463,9,59725.5,537529.5
10800,4322,199,5,16514.96,82574.8
10801,4322,441,3,62719.84,188159.52
10802,4322,381,1,28825.35,28825.35
10803,4323,258,2,47848.98,95697.96
10804,4324,72,4,94969.88,379879.52
10805,4325,2,7,28864.4,202050.8
10806,4325,49,6,17118.51,102711.06
10807,4326,308,9,29085.31,261767.79
10808,4327,208,1,56772.42,56772.42
10809,4328,437,8,53137.57,425100.56
10810,4329,17,6,15417.96,92507.76
10811,4329,234,2,51907.96,103815.92
10812,4329,497,10,46763.6,467636.0
10813,4330,200,8,19835.46,158683.68
10814,4330,418,8,7353.22,58825.76
10815,4331,411,7,78961.9,552733.3
10816,4331,11,2,82518.93,165037.86
10817,4331,144,7,75482.6,528378.2
10818,4332,339,9,25471.92,229247.28
10819,4332,75,5,5482.98,27414.9
10820,4333,376,7,23505.93,164541.51
10821,4333,310,6,35677.02,214062.12
10822,4334,276,9,48634.14,437707.26
10823,4334,451,8,96184.35,769474.8
10824,4334,381,3,28825.35,86476.05
10825,4334,446,1,99844.14,99844.14
10826,4335,455,5,2659.29,13296.45
10827,4335,2,9,28864.4,259779.6
10828,4336,42,4,61640.73,246562.92
10829,4336,456,7,51371.51,359600.57
10830,4336,16,6,26484.12,158904.72
10831,4336,425,4,15836.09,63344.36
10832,4337,250,5,99281.19,496405.95
10833,4337,193,2,96033.36,192066.72
10834,4337,386,5,96986.76,484933.8
10835,4338,403,8,17152.36,137218.88
10836,4338,74,2,45946.75,91893.5
10837,4338,370,10,80568.42,805684.2
10838,4339,481,2,67338.88,134677.76
10839,4339,152,5,54888.21,274441.05
10840,4339,173,6,80380.27,482281.62
10841,4339,112,10,11845.32,118453.2
10842,4340,182,9,7508.99,67580.91
10843,4340,8,1,80606.01,80606.01
10844,4340,491,1,74131.29,74131.29
10845,4341,322,1,93995.61,93995.61
10846,4341,317,7,84877.05,594139.35
10847,4342,157,6,1061.69,6370.14
10848,4342,241,7,81211.68,568481.76
10849,4342,101,5,22659.3,113296.5
10850,4343,416,3,54590.24,163770.72
10851,4343,230,10,4470.52,44705.2
10852,4344,105,2,10713.01,21426.02
10853,4344,212,1,46553.41,46553.41
10854,4344,323,10,39674.83,396748.3
10855,4345,290,9,67565.43,608088.87
10856,4346,134,1,71581.26,71581.26
10857,4346,166,9,36399.38,327594.42
10858,4347,136,7,54477.9,381345.3
10859,4348,227,4,23559.12,94236.48
10860,4348,22,7,70952.86,496670.02
10861,4348,78,1,85273.87,85273.87
10862,4349,152,7,54888.21,384217.47
10863,4349,58,1,5334.4,5334.4
10864,4349,252,3,79564.3,238692.9
10865,4349,31,3,85195.78,255587.34
10866,4350,87,4,61326.65,245306.6
10867,4350,172,2,91177.92,182355.84
10868,4350,166,4,36399.38,145597.52
10869,4351,381,7,28825.35,201777.45
10870,4351,48,3,10719.47,32158.41
10871,4351,231,3,70521.76,211565.28
10872,4352,465,10,35119.06,351190.6
10873,4353,154,8,96266.29,770130.32
10874,4353,475,6,8965.36,53792.16
10875,4353,36,5,98725.56,493627.8
10876,4354,50,7,94872.11,664104.77
10877,4355,230,1,4470.52,4470.52
10878,4355,315,6,92058.72,552352.32
10879,4356,284,8,8463.95,67711.6
10880,4356,85,4,10819.45,43277.8
10881,4356,59,10,5299.39,52993.9
10882,4357,109,10,36652.58,366525.8
10883,4357,387,7,28570.4,199992.8
10884,4358,14,9,68599.11,617391.99
10885,4359,411,7,78961.9,552733.3
10886,4359,300,6,87673.25,526039.5
10887,4360,488,1,86940.86,86940.86
10888,4360,56,7,12754.62,89282.34
10889,4360,70,5,772.43,3862.15
10890,4360,416,7,54590.24,382131.68
10891,4361,370,8,80568.42,644547.36
10892,4361,210,7,71363.81,499546.67
10893,4361,429,5,19565.86,97829.3
10894,4362,285,3,61589.58,184768.74
10895,4362,419,6,82032.15,492192.9
10896,4362,183,1,41059.46,41059.46
10897,4362,196,9,59867.16,538804.44
10898,4363,472,2,22597.52,45195.04
10899,4363,181,5,7788.18,38940.9
10900,4363,30,4,37482.4,149929.6
10901,4364,183,1,41059.46,41059.46
10902,4364,240,10,71871.62,718716.2
10903,4365,264,2,35376.52,70753.04
10904,4365,222,1,39980.12,39980.12
10905,4366,267,6,87738.25,526429.5
10906,4366,177,2,67198.35,134396.7
10907,4367,123,3,93563.17,280689.51
10908,4367,271,6,36545.84,219275.04
10909,4367,347,6,67482.69,404896.14
10910,4368,6,3,47672.67,143018.01
10911,4368,127,9,50658.96,455930.64
10912,4369,173,9,80380.27,723422.43
10913,4369,427,2,66059.66,132119.32
10914,4369,289,10,51823.46,518234.6
10915,4369,61,9,70335.89,633023.01
10916,4370,399,6,63101.84,378611.04
10917,4371,272,4,25736.46,102945.84
10918,4371,439,10,10571.9,105719.0
10919,4372,436,6,79527.83,477166.98
10920,4373,8,7,80606.01,564242.07
10921,4373,498,8,66207.1,529656.8
10922,4374,456,9,51371.51,462343.59
10923,4374,8,4,80606.01,322424.04
10924,4375,117,9,12514.21,112627.89
10925,4376,10,7,25573.87,179017.09
10926,4376,54,8,23227.62,185820.96
10927,4376,378,8,39777.83,318222.64
10928,4377,304,2,48456.03,96912.06
10929,4377,73,10,72494.58,724945.8
10930,4377,357,2,21451.86,42903.72
10931,4377,353,1,64642.11,64642.11
10932,4378,7,2,80186.05,160372.1
10933,4378,433,10,92876.17,928761.7
10934,4378,251,8,22326.7,178613.6
10935,4379,309,6,55677.87,334067.22
10936,4380,151,5,91192.89,455964.45
10937,4380,498,6,66207.1,397242.6
10938,4380,467,5,92900.99,464504.95
10939,4380,389,1,22110.21,22110.21
10940,4381,303,5,68318.67,341593.35
10941,4381,484,4,82247.61,328990.44
10942,4381,60,9,38335.25,345017.25
10943,4381,456,8,51371.51,410972.08
10944,4382,242,5,67685.33,338426.65
10945,4382,107,4,96335.54,385342.16
10946,4382,283,2,9270.0,18540.0
10947,4382,330,6,21447.98,128687.88
10948,4383,212,10,46553.41,465534.1
10949,4383,254,6,92274.02,553644.12
10950,4383,218,10,21669.69,216696.9
10951,4384,320,3,40089.01,120267.03
10952,4384,84,7,13684.9,95794.3
10953,4384,289,4,51823.46,207293.84
10954,4384,194,3,95760.47,287281.41
10955,4385,112,4,11845.32,47381.28
10956,4385,86,8,80325.35,642602.8
10957,4385,494,1,58508.99,58508.99
10958,4385,136,4,54477.9,217911.6
10959,4386,293,1,20430.88,20430.88
10960,4387,210,6,71363.81,428182.86
10961,4387,208,2,56772.42,113544.84
10962,4387,392,5,27017.11,135085.55
10963,4388,351,4,8371.64,33486.56
10964,4389,98,8,84960.13,679681.04
10965,4389,11,7,82518.93,577632.51
10966,4389,458,9,14271.62,128444.58
10967,4390,77,10,73984.75,739847.5
10968,4390,487,9,74088.37,666795.33
10969,4391,197,2,30816.77,61633.54
10970,4391,416,7,54590.24,382131.68
10971,4391,356,1,72913.36,72913.36
10972,4391,281,6,39215.82,235294.92
10973,4392,299,2,29778.06,59556.12
10974,4393,406,5,15921.7,79608.5
10975,4393,4,3,64914.3,194742.9
10976,4393,82,4,27547.39,110189.56
10977,4393,349,7,86891.64,608241.48
10978,4394,227,4,23559.12,94236.48
10979,4394,129,8,40088.06,320704.48
10980,4395,274,2,75619.7,151239.4
10981,4395,24,4,90699.39,362797.56
10982,4396,270,5,65627.34,328136.7
10983,4397,148,4,92685.24,370740.96
10984,4397,39,6,63632.65,381795.9
10985,4398,367,9,59287.68,533589.12
10986,4398,62,3,42376.71,127130.13
10987,4398,413,7,72577.72,508044.04
10988,4398,224,2,75842.0,151684.0
10989,4399,56,5,12754.62,63773.1
10990,4400,196,1,59867.16,59867.16
10991,4400,474,8,74658.85,597270.8
10992,4400,460,4,57263.47,229053.88
10993,4400,88,5,3367.21,16836.05
10994,4401,276,4,48634.14,194536.56
10995,4401,247,6,26196.83,157180.98
10996,4401,454,5,30383.23,151916.15
10997,4401,406,2,15921.7,31843.4
10998,4402,423,6,32409.06,194454.36
10999,4402,494,7,58508.99,409562.93
11000,4402,166,5,36399.38,181996.9
11001,4403,463,2,59725.5,119451.0
11002,4403,480,7,68631.43,480420.01
11003,4403,100,9,33424.04,300816.36
11004,4403,33,9,88997.89,800981.01
11005,4404,304,7,48456.03,339192.21
11006,4404,91,4,70604.53,282418.12
11007,4404,208,8,56772.42,454179.36
11008,4405,8,9,80606.01,725454.09
11009,4406,115,1,89739.27,89739.27
11010,4406,281,2,39215.82,78431.64
11011,4406,100,5,33424.04,167120.2
11012,4407,243,2,16544.0,33088.0
11013,4407,260,7,9772.4,68406.8
11014,4407,377,6,19262.81,115576.86
11015,4408,6,1,47672.67,47672.67
11016,4408,266,5,91053.49,455267.45
11017,4408,272,2,25736.46,51472.92
11018,4408,496,9,79024.26,711218.34
11019,4409,385,3,19185.05,57555.15
11020,4410,146,3,74370.07,223110.21
11021,4410,486,9,68693.24,618239.16
11022,4410,206,9,32119.7,289077.3
11023,4411,222,8,39980.12,319840.96
11024,4411,34,4,53218.93,212875.72
11025,4412,355,9,17148.15,154333.35
11026,4412,194,8,95760.47,766083.76
11027,4412,18,4,80640.27,322561.08
11028,4413,428,10,87412.53,874125.3
11029,4413,104,4,44983.28,179933.12
11030,4413,41,2,76566.13,153132.26
11031,4413,135,9,98142.88,883285.92
11032,4414,98,8,84960.13,679681.04
11033,4415,391,10,8482.2,84822.0
11034,4415,78,4,85273.87,341095.48
11035,4416,157,6,1061.69,6370.14
11036,4417,333,4,72221.14,288884.56
11037,4418,398,9,68303.51,614731.59
11038,4419,142,2,75143.41,150286.82
11039,4419,291,2,97576.77,195153.54
11040,4420,147,10,51336.77,513367.7
11041,4420,251,3,22326.7,66980.1
11042,4420,212,8,46553.41,372427.28
11043,4420,131,4,70151.42,280605.68
11044,4421,285,4,61589.58,246358.32
11045,4421,415,8,69855.26,558842.08
11046,4421,50,3,94872.11,284616.33
11047,4421,105,3,10713.01,32139.03
11048,4422,415,2,69855.26,139710.52
11049,4422,357,9,21451.86,193066.74
11050,4422,400,2,12653.08,25306.16
11051,4422,286,6,6217.57,37305.42
11052,4423,460,10,57263.47,572634.7
11053,4423,107,3,96335.54,289006.62
11054,4423,338,6,72195.75,433174.5
11055,4424,18,3,80640.27,241920.81
11056,4424,478,2,56336.18,112672.36
11057,4425,204,2,95178.22,190356.44
11058,4425,250,7,99281.19,694968.33
11059,4426,334,4,43505.77,174023.08
11060,4427,258,2,47848.98,95697.96
11061,4427,160,8,49309.82,394478.56
11062,4428,207,8,66112.51,528900.08
11063,4428,7,5,80186.05,400930.25
11064,4428,80,10,87908.32,879083.2
11065,4428,262,1,42358.06,42358.06
11066,4429,82,5,27547.39,137736.95
11067,4429,212,9,46553.41,418980.69
11068,4429,468,9,30825.95,277433.55
11069,4429,354,2,74915.6,149831.2
11070,4430,174,1,29995.18,29995.18
11071,4431,301,7,69572.09,487004.63
11072,4431,46,8,2282.65,18261.2
11073,4432,89,9,92079.6,828716.4
11074,4433,228,4,4759.44,19037.76
11075,4433,313,10,21074.47,210744.7
11076,4434,464,4,38463.84,153855.36
11077,4434,325,1,31907.3,31907.3
11078,4434,291,9,97576.77,878190.93
11079,4435,495,3,25917.91,77753.73
11080,4435,492,8,52564.96,420519.68
11081,4436,141,7,5779.97,40459.79
11082,4437,128,4,91633.07,366532.28
11083,4437,304,7,48456.03,339192.21
11084,4437,163,10,78732.69,787326.9
11085,4438,125,3,17778.2,53334.6
11086,4438,485,1,15008.94,15008.94
11087,4439,86,9,80325.35,722928.15
11088,4439,324,7,97662.47,683637.29
11089,4439,154,2,96266.29,192532.58
11090,4439,417,2,86832.35,173664.7
11091,4440,222,3,39980.12,119940.36
11092,4440,410,4,13019.83,52079.32
11093,4440,456,1,51371.51,51371.51
11094,4441,256,10,2147.98,21479.8
11095,4441,283,5,9270.0,46350.0
11096,4441,16,7,26484.12,185388.84
11097,4441,34,8,53218.93,425751.44
11098,4442,44,5,4253.67,21268.35
11099,4443,435,3,74476.01,223428.03
11100,4444,131,5,70151.42,350757.1
11101,4445,54,1,23227.62,23227.62
11102,4445,455,9,2659.29,23933.61
11103,4445,443,4,67612.01,270448.04
11104,4445,82,7,27547.39,192831.73
11105,4446,146,8,74370.07,594960.56
11106,4446,281,5,39215.82,196079.1
11107,4447,207,8,66112.51,528900.08
11108,4447,96,9,83983.79,755854.11
11109,4447,110,9,33531.28,301781.52
11110,4448,360,4,76617.14,306468.56
11111,4448,36,3,98725.56,296176.68
11112,4448,246,8,89134.37,713074.96
11113,4448,475,8,8965.36,71722.88
11114,4449,13,4,64910.54,259642.16
11115,4449,361,10,62001.17,620011.7
11116,4449,213,6,55391.35,332348.1
11117,4449,499,2,2398.29,4796.58
11118,4450,209,10,17279.63,172796.3
11119,4450,286,10,6217.57,62175.7
11120,4451,219,6,54575.2,327451.2
11121,4452,150,10,20707.18,207071.8
11122,4452,39,9,63632.65,572693.85
11123,4452,358,5,6847.34,34236.7
11124,4452,212,4,46553.41,186213.64
11125,4453,208,4,56772.42,227089.68
11126,4453,477,8,49042.18,392337.44
11127,4453,363,6,62834.83,377008.98
11128,4453,125,7,17778.2,124447.4
11129,4454,464,9,38463.84,346174.56
11130,4455,182,8,7508.99,60071.92
11131,4455,114,8,52437.52,419500.16
11132,4455,176,8,53553.98,428431.84
11133,4456,456,3,51371.51,154114.53
11134,4456,269,10,52492.79,524927.9
11135,4456,186,5,75718.08,378590.4
11136,4456,289,6,51823.46,310940.76
11137,4457,212,9,46553.41,418980.69
11138,4457,38,9,49014.29,441128.61
11139,4458,226,5,93947.94,469739.7
11140,4458,150,9,20707.18,186364.62
11141,4459,98,10,84960.13,849601.3
11142,4459,389,7,22110.21,154771.47
11143,4460,145,3,10696.76,32090.28
11144,4461,137,3,76197.11,228591.33
11145,4461,167,6,47748.29,286489.74
11146,4461,3,7,85455.22,598186.54
11147,4462,328,8,26653.48,213227.84
11148,4462,32,9,58241.15,524170.35
11149,4462,80,3,87908.32,263724.96
11150,4462,62,10,42376.71,423767.1
11151,4463,405,9,58317.16,524854.44
11152,4463,492,9,52564.96,473084.64
11153,4463,301,2,69572.09,139144.18
11154,4464,389,4,22110.21,88440.84
11155,4464,56,8,12754.62,102036.96
11156,4464,371,7,41514.28,290599.96
11157,4464,2,4,28864.4,115457.6
11158,4465,302,1,77111.74,77111.74
11159,4465,150,4,20707.18,82828.72
11160,4466,156,4,26791.84,107167.36
11161,4467,131,7,70151.42,491059.94
11162,4467,47,10,69505.71,695057.1
11163,4467,321,9,5887.74,52989.66
11164,4467,81,1,18695.51,18695.51
11165,4468,164,9,53935.08,485415.72
11166,4468,440,7,19351.31,135459.17
11167,4468,62,2,42376.71,84753.42
11168,4468,8,10,80606.01,806060.1
11169,4469,470,9,15743.15,141688.35
11170,4469,2,4,28864.4,115457.6
11171,4469,444,10,17097.53,170975.3
11172,4469,254,4,92274.02,369096.08
11173,4470,121,3,66016.44,198049.32
11174,4471,17,8,15417.96,123343.68
11175,4471,86,6,80325.35,481952.1
11176,4471,347,10,67482.69,674826.9
11177,4472,93,1,52548.77,52548.77
11178,4472,184,2,31982.22,63964.44
11179,4472,462,7,49083.5,343584.5
11180,4473,230,8,4470.52,35764.16
11181,4473,187,5,36091.16,180455.8
11182,4473,164,9,53935.08,485415.72
11183,4474,109,2,36652.58,73305.16
11184,4474,325,1,31907.3,31907.3
11185,4474,77,8,73984.75,591878.0
11186,4474,285,1,61589.58,61589.58
11187,4475,202,6,64645.11,387870.66
11188,4475,31,6,85195.78,511174.68
11189,4475,447,8,55233.09,441864.72
11190,4476,268,5,1044.21,5221.05
11191,4476,368,2,52584.25,105168.5
11192,4477,293,7,20430.88,143016.16
11193,4478,399,1,63101.84,63101.84
11194,4479,476,7,76322.28,534255.96
11195,4479,195,2,14566.7,29133.4
11196,4479,424,6,19392.01,116352.06
11197,4479,60,4,38335.25,153341.0
11198,4480,226,7,93947.94,657635.58
11199,4481,11,5,82518.93,412594.65
11200,4481,412,5,73452.29,367261.45
11201,4481,355,6,17148.15,102888.9
11202,4481,85,7,10819.45,75736.15
11203,4482,360,2,76617.14,153234.28
11204,4482,303,5,68318.67,341593.35
11205,4482,47,4,69505.71,278022.84
11206,4482,262,4,42358.06,169432.24
11207,4483,444,6,17097.53,102585.18
11208,4483,318,8,49487.87,395902.96
11209,4483,500,6,97989.39,587936.34
11210,4483,232,6,58073.83,348442.98
11211,4484,202,7,64645.11,452515.77
11212,4484,403,9,17152.36,154371.24
11213,4484,9,4,89600.56,358402.24
11214,4485,397,1,66767.78,66767.78
11215,4485,93,6,52548.77,315292.62
11216,4485,214,4,84258.4,337033.6
11217,4486,446,9,99844.14,898597.26
11218,4486,269,3,52492.79,157478.37
11219,4487,312,7,73842.67,516898.69
11220,4487,361,10,62001.17,620011.7
11221,4487,302,7,77111.74,539782.18
11222,4488,372,2,509.19,1018.38
11223,4488,26,9,29731.51,267583.59
11224,4488,280,8,61595.52,492764.16
11225,4488,361,6,62001.17,372007.02
11226,4489,148,2,92685.24,185370.48
11227,4490,328,7,26653.48,186574.36
11228,4490,11,4,82518.93,330075.72
11229,4490,99,5,7949.09,39745.45
11230,4491,134,7,71581.26,501068.82
11231,4491,171,2,26030.76,52061.52
11232,4491,54,10,23227.62,232276.2
11233,4491,71,4,83605.6,334422.4
11234,4492,314,3,35924.72,107774.16
11235,4492,29,10,74548.89,745488.9
11236,4492,444,4,17097.53,68390.12
11237,4492,85,1,10819.45,10819.45
11238,4493,151,2,91192.89,182385.78
11239,4493,111,3,47576.8,142730.4
11240,4493,484,2,82247.61,164495.22
11241,4494,141,6,5779.97,34679.82
11242,4494,436,6,79527.83,477166.98
11243,4495,311,1,18687.05,18687.05
11244,4495,313,8,21074.47,168595.76
11245,4495,306,3,41536.38,124609.14
11246,4495,16,6,26484.12,158904.72
11247,4496,199,9,16514.96,148634.64
11248,4496,401,8,36362.45,290899.6
11249,4496,437,3,53137.57,159412.71
11250,4496,387,4,28570.4,114281.6
11251,4497,196,4,59867.16,239468.64
11252,4498,179,4,64832.84,259331.36
11253,4498,229,8,39115.26,312922.08
11254,4498,443,2,67612.01,135224.02
11255,4498,270,6,65627.34,393764.04
11256,4499,495,1,25917.91,25917.91
11257,4500,51,8,52649.71,421197.68
11258,4500,121,8,66016.44,528131.52
11259,4500,205,8,10454.48,83635.84
11260,4501,250,10,99281.19,992811.9
11261,4501,311,4,18687.05,74748.2
11262,4501,185,3,1086.94,3260.82
11263,4501,412,3,73452.29,220356.87
11264,4502,446,8,99844.14,798753.12
11265,4502,308,4,29085.31,116341.24
11266,4502,197,8,30816.77,246534.16
11267,4503,302,7,77111.74,539782.18
11268,4504,161,10,7751.64,77516.4
11269,4504,169,2,91901.43,183802.86
11270,4504,400,3,12653.08,37959.24
11271,4504,232,1,58073.83,58073.83
11272,4505,172,1,91177.92,91177.92
11273,4505,136,3,54477.9,163433.7
11274,4505,344,9,2473.62,22262.58
11275,4506,462,9,49083.5,441751.5
11276,4506,153,9,29770.68,267936.12
11277,4506,105,3,10713.01,32139.03
11278,4507,431,10,25965.88,259658.8
11279,4507,302,5,77111.74,385558.7
11280,4507,229,2,39115.26,78230.52
11281,4507,207,4,66112.51,264450.04
11282,4508,199,9,16514.96,148634.64
11283,4508,250,9,99281.19,893530.71
11284,4508,139,7,28949.83,202648.81
11285,4508,393,9,47279.6,425516.4
11286,4509,309,8,55677.87,445422.96
11287,4509,447,9,55233.09,497097.81
11288,4509,5,7,65332.94,457330.58
11289,4509,266,4,91053.49,364213.96
11290,4510,489,5,34655.5,173277.5
11291,4511,277,4,77532.35,310129.4
11292,4512,300,10,87673.25,876732.5
11293,4512,20,5,65712.36,328561.8
11294,4512,382,10,41583.94,415839.4
11295,4513,352,5,32029.39,160146.95
11296,4514,134,3,71581.26,214743.78
11297,4514,239,8,15448.92,123591.36
11298,4514,143,1,15069.62,15069.62
11299,4515,71,6,83605.6,501633.6
11300,4515,186,3,75718.08,227154.24
11301,4515,154,8,96266.29,770130.32
11302,4515,140,9,52511.63,472604.67
11303,4516,33,5,88997.89,444989.45
11304,4516,32,8,58241.15,465929.2
11305,4516,309,3,55677.87,167033.61
11306,4516,172,9,91177.92,820601.28
11307,4517,142,6,75143.41,450860.46
11308,4517,464,2,38463.84,76927.68
11309,4517,29,10,74548.89,745488.9
11310,4517,234,4,51907.96,207631.84
11311,4518,477,5,49042.18,245210.9
11312,4519,409,9,35874.01,322866.09
11313,4519,4,3,64914.3,194742.9
11314,4519,123,9,93563.17,842068.53
11315,4519,230,1,4470.52,4470.52
11316,4520,161,9,7751.64,69764.76
11317,4520,212,10,46553.41,465534.1
11318,4521,347,1,67482.69,67482.69
11319,4522,274,8,75619.7,604957.6
11320,4522,254,1,92274.02,92274.02
11321,4522,246,8,89134.37,713074.96
11322,4523,16,10,26484.12,264841.2
11323,4523,55,10,73540.62,735406.2
11324,4523,98,4,84960.13,339840.52
11325,4524,166,8,36399.38,291195.04
11326,4524,202,10,64645.11,646451.1
11327,4525,355,7,17148.15,120037.05
11328,4525,396,4,20318.4,81273.6
11329,4525,156,2,26791.84,53583.68
11330,4525,347,8,67482.69,539861.52
11331,4526,35,7,14167.84,99174.88
11332,4526,266,7,91053.49,637374.43
11333,4526,207,8,66112.51,528900.08
11334,4526,93,9,52548.77,472938.93
11335,4527,36,4,98725.56,394902.24
11336,4527,207,9,66112.51,595012.59
11337,4527,462,7,49083.5,343584.5
11338,4527,120,4,12760.31,51041.24
11339,4528,124,1,92474.9,92474.9
11340,4529,73,7,72494.58,507462.06
11341,4529,382,3,41583.94,124751.82
11342,4530,351,9,8371.64,75344.76
11343,4530,420,7,571.62,4001.34
11344,4530,315,5,92058.72,460293.6
11345,4531,313,5,21074.47,105372.35
11346,4532,204,5,95178.22,475891.1
11347,4532,188,10,78795.74,787957.4
11348,4532,415,8,69855.26,558842.08
11349,4532,423,8,32409.06,259272.48
11350,4533,399,6,63101.84,378611.04
11351,4534,202,5,64645.11,323225.55
11352,4534,153,4,29770.68,119082.72
11353,4535,495,6,25917.91,155507.46
11354,4535,289,5,51823.46,259117.3
11355,4535,333,2,72221.14,144442.28
11356,4536,56,8,12754.62,102036.96
11357,4536,335,7,80103.73,560726.11
11358,4537,25,9,30369.39,273324.51
11359,4537,464,1,38463.84,38463.84
11360,4538,359,3,5855.63,17566.89
11361,4539,460,9,57263.47,515371.23
11362,4539,131,3,70151.42,210454.26
11363,4540,470,1,15743.15,15743.15
11364,4541,422,6,85754.51,514527.06
11365,4541,10,4,25573.87,102295.48
11366,4542,165,6,88397.98,530387.88
11367,4542,14,7,68599.11,480193.77
11368,4542,148,9,92685.24,834167.16
11369,4542,325,7,31907.3,223351.1
11370,4543,307,2,1467.46,2934.92
11371,4543,21,10,40757.59,407575.9
11372,4543,20,3,65712.36,197137.08
11373,4543,475,4,8965.36,35861.44
11374,4544,46,6,2282.65,13695.9
11375,4544,403,3,17152.36,51457.08
11376,4545,8,2,80606.01,161212.02
11377,4545,487,6,74088.37,444530.22
11378,4545,140,8,52511.63,420093.04
11379,4546,264,3,35376.52,106129.56
11380,4546,354,8,74915.6,599324.8
11381,4546,137,7,76197.11,533379.77
11382,4547,500,3,97989.39,293968.17
11383,4547,433,8,92876.17,743009.36
11384,4547,48,8,10719.47,85755.76
11385,4547,334,10,43505.77,435057.7
11386,4548,412,4,73452.29,293809.16
11387,4548,124,4,92474.9,369899.6
11388,4549,224,10,75842.0,758420.0
11389,4549,481,5,67338.88,336694.4
11390,4549,431,3,25965.88,77897.64
11391,4550,48,9,10719.47,96475.23
11392,4551,132,8,84385.91,675087.28
11393,4551,408,7,93119.45,651836.15
11394,4551,165,7,88397.98,618785.86
11395,4552,213,3,55391.35,166174.05
11396,4553,28,5,65616.25,328081.25
11397,4553,375,2,76703.99,153407.98
11398,4553,213,1,55391.35,55391.35
11399,4554,40,5,21333.55,106667.75
11400,4554,274,2,75619.7,151239.4
11401,4555,455,7,2659.29,18615.03
11402,4555,126,6,39046.86,234281.16
11403,4555,343,3,36350.5,109051.5
11404,4555,93,4,52548.77,210195.08
11405,4556,325,6,31907.3,191443.8
11406,4556,220,5,36898.95,184494.75
11407,4556,190,7,39813.77,278696.39
11408,4557,66,1,20265.34,20265.34
11409,4558,390,9,99797.36,898176.24
11410,4558,389,5,22110.21,110551.05
11411,4559,233,5,65540.69,327703.45
11412,4559,346,5,97947.63,489738.15
11413,4559,89,1,92079.6,92079.6
11414,4559,224,2,75842.0,151684.0
11415,4560,362,10,23320.92,233209.2
11416,4560,262,2,42358.06,84716.12
11417,4561,348,6,38416.56,230499.36
11418,4561,108,4,56452.09,225808.36
11419,4561,424,6,19392.01,116352.06
11420,4562,423,7,32409.06,226863.42
11421,4562,93,3,52548.77,157646.31
11422,4562,176,9,53553.98,481985.82
11423,4563,413,8,72577.72,580621.76
11424,4563,383,9,14094.09,126846.81
11425,4563,332,2,57355.27,114710.54
11426,4563,2,4,28864.4,115457.6
11427,4564,497,6,46763.6,280581.6
11428,4564,365,2,86491.99,172983.98
11429,4564,233,4,65540.69,262162.76
11430,4565,397,5,66767.78,333838.9
11431,4565,23,10,72791.71,727917.1
11432,4565,238,2,23384.08,46768.16
11433,4566,10,9,25573.87,230164.83
11434,4566,192,3,79778.66,239335.98
11435,4566,358,5,6847.34,34236.7
11436,4567,389,6,22110.21,132661.26
11437,4568,394,6,82911.08,497466.48
11438,4568,138,2,57278.5,114557.0
11439,4568,214,3,84258.4,252775.2
11440,4569,206,10,32119.7,321197.0
11441,4570,339,7,25471.92,178303.44
11442,4571,50,10,94872.11,948721.1
11443,4572,395,4,77236.92,308947.68
11444,4572,304,8,48456.03,387648.24
11445,4572,233,3,65540.69,196622.07
11446,4573,123,4,93563.17,374252.68
11447,4573,405,2,58317.16,116634.32
11448,4573,1,6,34752.78,208516.68
11449,4574,194,10,95760.47,957604.7
11450,4574,159,5,77479.26,387396.3
11451,4574,117,5,12514.21,62571.05
11452,4575,281,6,39215.82,235294.92
11453,4575,9,5,89600.56,448002.8
11454,4576,32,10,58241.15,582411.5
11455,4577,400,4,12653.08,50612.32
11456,4577,467,2,92900.99,185801.98
11457,4578,479,8,24610.35,196882.8
11458,4578,474,9,74658.85,671929.65
11459,4578,25,8,30369.39,242955.12
11460,4579,8,6,80606.01,483636.06
11461,4579,451,4,96184.35,384737.4
11462,4580,435,1,74476.01,74476.01
11463,4581,389,4,22110.21,88440.84
11464,4581,140,3,52511.63,157534.89
11465,4582,451,3,96184.35,288553.05
11466,4582,199,1,16514.96,16514.96
11467,4583,349,6,86891.64,521349.84
11468,4583,187,6,36091.16,216546.96
11469,4583,394,7,82911.08,580377.56
11470,4584,455,5,2659.29,13296.45
11471,4584,259,10,87836.39,878363.9
11472,4585,191,8,16054.19,128433.52
11473,4585,197,9,30816.77,277350.93
11474,4585,408,4,93119.45,372477.8
11475,4585,177,4,67198.35,268793.4
11476,4586,309,5,55677.87,278389.35
11477,4586,298,4,50870.69,203482.76
11478,4587,16,10,26484.12,264841.2
11479,4588,41,9,76566.13,689095.17
11480,4588,498,9,66207.1,595863.9
11481,4588,277,6,77532.35,465194.1
11482,4589,281,3,39215.82,117647.46
11483,4589,226,9,93947.94,845531.46
11484,4589,272,1,25736.46,25736.46
11485,4589,472,10,22597.52,225975.2
11486,4590,247,9,26196.83,235771.47
11487,4590,93,4,52548.77,210195.08
11488,4590,372,10,509.19,5091.9
11489,4591,266,2,91053.49,182106.98
11490,4591,102,9,81801.78,736216.02
11491,4591,7,10,80186.05,801860.5
11492,4591,350,9,63311.7,569805.3
11493,4592,417,10,86832.35,868323.5
11494,4592,186,9,75718.08,681462.72
11495,4592,324,5,97662.47,488312.35
11496,4592,330,7,21447.98,150135.86
11497,4593,427,8,66059.66,528477.28
11498,4594,175,3,51632.52,154897.56
11499,4594,445,6,50716.93,304301.58
11500,4594,215,7,20044.98,140314.86
11501,4595,2,3,28864.4,86593.2
11502,4595,459,8,23682.92,189463.36
11503,4595,108,2,56452.09,112904.18
11504,4595,468,9,30825.95,277433.55
11505,4596,183,6,41059.46,246356.76
11506,4596,267,1,87738.25,87738.25
11507,4596,232,10,58073.83,580738.3
11508,4596,422,9,85754.51,771790.59
11509,4597,341,3,21939.0,65817.0
11510,4598,249,6,94751.76,568510.56
11511,4599,24,7,90699.39,634895.73
11512,4599,130,10,80577.28,805772.8
11513,4600,454,8,30383.23,243065.84
11514,4601,107,7,96335.54,674348.78
11515,4601,298,5,50870.69,254353.45
11516,4601,11,9,82518.93,742670.37
11517,4602,246,10,89134.37,891343.7
11518,4602,254,3,92274.02,276822.06
11519,4602,98,1,84960.13,84960.13
11520,4603,153,5,29770.68,148853.4
11521,4603,323,5,39674.83,198374.15
11522,4604,350,8,63311.7,506493.6
11523,4605,326,10,38253.09,382530.9
11524,4605,52,8,99615.82,796926.56
11525,4606,466,9,93059.49,837535.41
11526,4607,62,2,42376.71,84753.42
11527,4608,30,4,37482.4,149929.6
11528,4608,388,7,23664.64,165652.48
11529,4609,466,2,93059.49,186118.98
11530,4609,93,7,52548.77,367841.39
11531,4609,313,10,21074.47,210744.7
11532,4609,349,5,86891.64,434458.2
11533,4610,458,2,14271.62,28543.24
11534,4610,222,7,39980.12,279860.84
11535,4611,340,2,40140.99,80281.98
11536,4611,216,1,89264.47,89264.47
11537,4611,141,8,5779.97,46239.76
11538,4611,248,10,60136.07,601360.7
11539,4612,178,8,83648.68,669189.44
11540,4612,94,6,43568.37,261410.22
11541,4613,188,1,78795.74,78795.74
11542,4613,70,9,772.43,6951.87
11543,4613,359,4,5855.63,23422.52
11544,4613,363,2,62834.83,125669.66
11545,4614,6,1,47672.67,47672.67
11546,4614,334,2,43505.77,87011.54
11547,4615,41,4,76566.13,306264.52
11548,4615,326,3,38253.09,114759.27
11549,4615,444,2,17097.53,34195.06
11550,4615,269,6,52492.79,314956.74
11551,4616,292,1,35636.2,35636.2
11552,4616,479,1,24610.35,24610.35
11553,4617,152,7,54888.21,384217.47
11554,4617,36,7,98725.56,691078.92
11555,4617,414,5,70809.28,354046.4
11556,4617,379,4,22448.95,89795.8
11557,4618,282,7,82413.92,576897.44
11558,4619,412,5,73452.29,367261.45
11559,4620,285,4,61589.58,246358.32
11560,4620,439,2,10571.9,21143.8
11561,4621,252,5,79564.3,397821.5
11562,4621,72,7,94969.88,664789.16
11563,4621,109,5,36652.58,183262.9
11564,4621,67,5,97325.41,486627.05
11565,4622,60,7,38335.25,268346.75
11566,4622,20,1,65712.36,65712.36
11567,4622,195,7,14566.7,101966.9
11568,4622,25,8,30369.39,242955.12
11569,4623,252,8,79564.3,636514.4
11570,4623,465,9,35119.06,316071.54
11571,4624,38,2,49014.29,98028.58
11572,4624,131,9,70151.42,631362.78
11573,4625,21,1,40757.59,40757.59
11574,4626,83,9,65060.23,585542.07
11575,4626,413,5,72577.72,362888.6
11576,4626,312,8,73842.67,590741.36
11577,4626,14,10,68599.11,685991.1
11578,4627,372,2,509.19,1018.38
11579,4628,234,1,51907.96,51907.96
11580,4629,393,8,47279.6,378236.8
11581,4629,201,7,85213.08,596491.56
11582,4629,139,6,28949.83,173698.98
11583,4630,233,8,65540.69,524325.52
11584,4630,388,10,23664.64,236646.4
11585,4630,187,1,36091.16,36091.16
11586,4631,413,4,72577.72,290310.88
11587,4631,375,7,76703.99,536927.93
11588,4632,446,10,99844.14,998441.4
11589,4632,373,5,29032.84,145164.2
11590,4632,164,8,53935.08,431480.64
11591,4632,325,10,31907.3,319073.0
11592,4633,427,1,66059.66,66059.66
11593,4634,381,8,28825.35,230602.8
11594,4634,423,9,32409.06,291681.54
11595,4635,277,7,77532.35,542726.45
11596,4635,367,6,59287.68,355726.08
11597,4635,437,3,53137.57,159412.71
11598,4636,395,9,77236.92,695132.28
11599,4636,23,1,72791.71,72791.71
11600,4637,162,4,22386.22,89544.88
11601,4637,430,5,65963.17,329815.85
11602,4637,110,4,33531.28,134125.12
11603,4638,136,10,54477.9,544779.0
11604,4639,14,8,68599.11,548792.88
11605,4639,404,1,39882.93,39882.93
11606,4640,13,3,64910.54,194731.62
11607,4641,488,6,86940.86,521645.16
11608,4641,394,5,82911.08,414555.4
11609,4641,240,8,71871.62,574972.96
11610,4641,179,6,64832.84,388997.04
11611,4642,416,10,54590.24,545902.4
11612,4642,363,7,62834.83,439843.81
11613,4643,405,7,58317.16,408220.12
11614,4643,365,4,86491.99,345967.96
11615,4643,46,9,2282.65,20543.85
11616,4644,175,2,51632.52,103265.04
11617,4644,42,8,61640.73,493125.84
11618,4645,420,4,571.62,2286.48
11619,4645,325,1,31907.3,31907.3
11620,4646,432,6,71925.6,431553.6
11621,4646,415,9,69855.26,628697.34
11622,4647,46,3,2282.65,6847.95
11623,4647,244,7,24745.2,173216.4
11624,4648,351,1,8371.64,8371.64
11625,4648,128,9,91633.07,824697.63
11626,4649,401,5,36362.45,181812.25
11627,4650,275,9,48505.54,436549.86
11628,4651,451,3,96184.35,288553.05
11629,4651,356,6,72913.36,437480.16
11630,4651,41,9,76566.13,689095.17
11631,4651,55,1,73540.62,73540.62
11632,4652,156,4,26791.84,107167.36
11633,4652,360,1,76617.14,76617.14
11634,4652,451,7,96184.35,673290.45
11635,4653,349,8,86891.64,695133.12
11636,4653,425,8,15836.09,126688.72
11637,4653,399,3,63101.84,189305.52
11638,4654,52,3,99615.82,298847.46
11639,4655,55,2,73540.62,147081.24
11640,4655,360,1,76617.14,76617.14
11641,4655,208,10,56772.42,567724.2
11642,4655,265,9,42836.19,385525.71
11643,4656,494,8,58508.99,468071.92
11644,4657,461,6,72496.26,434977.56
11645,4657,220,3,36898.95,110696.85
11646,4657,499,2,2398.29,4796.58
11647,4657,120,6,12760.31,76561.86
11648,4658,478,8,56336.18,450689.44
11649,4658,215,4,20044.98,80179.92
11650,4659,59,1,5299.39,5299.39
11651,4659,38,7,49014.29,343100.03
11652,4659,7,9,80186.05,721674.45
11653,4659,232,7,58073.83,406516.81
11654,4660,141,5,5779.97,28899.85
11655,4660,215,2,20044.98,40089.96
11656,4660,378,5,39777.83,198889.15
11657,4660,426,8,64269.94,514159.52
11658,4661,180,10,46192.91,461929.1
11659,4661,448,5,76536.34,382681.7
11660,4662,282,8,82413.92,659311.36
11661,4662,292,5,35636.2,178181.0
11662,4662,172,3,91177.92,273533.76
11663,4662,99,6,7949.09,47694.54
11664,4663,163,8,78732.69,629861.52
11665,4663,236,7,79369.42,555585.94
11666,4664,368,4,52584.25,210337.0
11667,4664,247,10,26196.83,261968.3
11668,4664,416,6,54590.24,327541.44
11669,4664,386,2,96986.76,193973.52
11670,4665,321,4,5887.74,23550.96
11671,4665,462,3,49083.5,147250.5
11672,4665,198,4,41559.12,166236.48
11673,4665,18,8,80640.27,645122.16
11674,4666,52,5,99615.82,498079.1
11675,4667,452,10,72768.17,727681.7
11676,4668,365,1,86491.99,86491.99
11677,4668,331,8,85505.45,684043.6
11678,4668,495,2,25917.91,51835.82
11679,4669,330,10,21447.98,214479.8
11680,4669,394,10,82911.08,829110.8
11681,4669,50,7,94872.11,664104.77
11682,4670,73,1,72494.58,72494.58
11683,4670,115,5,89739.27,448696.35
11684,4671,467,10,92900.99,929009.9
11685,4671,252,7,79564.3,556950.1
11686,4671,78,2,85273.87,170547.74
11687,4671,173,2,80380.27,160760.54
11688,4672,327,10,61471.42,614714.2
11689,4672,494,6,58508.99,351053.94
11690,4672,329,4,34638.1,138552.4
11691,4673,412,9,73452.29,661070.61
11692,4673,399,5,63101.84,315509.2
11693,4674,202,3,64645.11,193935.33
11694,4675,223,3,84874.19,254622.57
11695,4676,165,7,88397.98,618785.86
11696,4677,28,4,65616.25,262465.0
11697,4677,339,1,25471.92,25471.92
11698,4677,425,10,15836.09,158360.9
11699,4677,406,9,15921.7,143295.3
11700,4678,180,2,46192.91,92385.82
11701,4679,135,4,98142.88,392571.52
11702,4679,477,5,49042.18,245210.9
11703,4680,209,6,17279.63,103677.78
11704,4680,128,7,91633.07,641431.49
11705,4681,355,9,17148.15,154333.35
11706,4682,227,4,23559.12,94236.48
11707,4682,316,5,1159.06,5795.3
11708,4682,323,8,39674.83,317398.64
11709,4682,471,3,75407.6,226222.8
11710,4683,462,2,49083.5,98167.0
11711,4683,360,7,76617.14,536319.98
11712,4683,134,8,71581.26,572650.08
11713,4684,74,8,45946.75,367574.0
11714,4684,49,5,17118.51,85592.55
11715,4684,410,4,13019.83,52079.32
11716,4684,275,1,48505.54,48505.54
11717,4685,147,10,51336.77,513367.7
11718,4685,256,4,2147.98,8591.92
11719,4685,155,3,38031.22,114093.66
11720,4685,67,7,97325.41,681277.87
11721,4686,374,9,94722.27,852500.43
11722,4686,155,8,38031.22,304249.76
11723,4687,310,3,35677.02,107031.06
11724,4688,54,3,23227.62,69682.86
11725,4688,216,9,89264.47,803380.23
11726,4688,345,10,20296.33,202963.3
11727,4689,285,5,61589.58,307947.9
11728,4690,136,3,54477.9,163433.7
11729,4690,270,7,65627.34,459391.38
11730,4690,405,3,58317.16,174951.48
11731,4691,245,2,16532.35,33064.7
11732,4691,464,3,38463.84,115391.52
11733,4691,106,6,55135.33,330811.98
11734,4691,115,9,89739.27,807653.43
11735,4692,67,9,97325.41,875928.69
11736,4693,202,1,64645.11,64645.11
11737,4693,207,5,66112.51,330562.55
11738,4693,115,2,89739.27,179478.54
11739,4693,137,10,76197.11,761971.1
11740,4694,500,5,97989.39,489946.95
11741,4694,444,8,17097.53,136780.24
11742,4694,381,7,28825.35,201777.45
11743,4694,130,6,80577.28,483463.68
11744,4695,436,3,79527.83,238583.49
11745,4695,394,5,82911.08,414555.4
11746,4696,433,6,92876.17,557257.02
11747,4696,313,2,21074.47,42148.94
11748,4696,206,7,32119.7,224837.9
11749,4696,265,10,42836.19,428361.9
11750,4697,35,6,14167.84,85007.04
11751,4697,245,2,16532.35,33064.7
11752,4698,54,3,23227.62,69682.86
11753,4698,127,9,50658.96,455930.64
11754,4698,191,5,16054.19,80270.95
11755,4698,353,6,64642.11,387852.66
11756,4699,329,6,34638.1,207828.6
11757,4699,233,1,65540.69,65540.69
11758,4699,15,1,98841.92,98841.92
11759,4700,413,5,72577.72,362888.6
11760,4700,453,6,52002.13,312012.78
11761,4700,226,9,93947.94,845531.46
11762,4701,249,7,94751.76,663262.32
11763,4702,160,5,49309.82,246549.1
11764,4702,274,2,75619.7,151239.4
11765,4702,236,4,79369.42,317477.68
11766,4702,266,9,91053.49,819481.41
11767,4703,61,8,70335.89,562687.12
11768,4703,92,7,72515.47,507608.29
11769,4704,254,9,92274.02,830466.18
11770,4705,101,10,22659.3,226593.0
11771,4705,180,5,46192.91,230964.55
11772,4706,327,3,61471.42,184414.26
11773,4706,470,5,15743.15,78715.75
11774,4707,65,9,12214.59,109931.31
11775,4707,147,9,51336.77,462030.93
11776,4707,423,2,32409.06,64818.12
11777,4708,447,6,55233.09,331398.54
11778,4708,8,4,80606.01,322424.04
11779,4708,340,5,40140.99,200704.95
11780,4708,97,2,1658.66,3317.32
11781,4709,218,5,21669.69,108348.45
11782,4709,359,7,5855.63,40989.41
11783,4709,425,2,15836.09,31672.18
11784,4709,181,5,7788.18,38940.9
11785,4710,53,10,16905.91,169059.1
11786,4711,17,2,15417.96,30835.92
11787,4712,345,4,20296.33,81185.32
11788,4712,398,10,68303.51,683035.1
11789,4712,237,2,50432.78,100865.56
11790,4713,425,9,15836.09,142524.81
11791,4713,296,4,60833.16,243332.64
11792,4714,267,9,87738.25,789644.25
11793,4714,129,1,40088.06,40088.06
11794,4714,145,2,10696.76,21393.52
11795,4715,235,2,40881.3,81762.6
11796,4715,244,3,24745.2,74235.6
11797,4716,251,6,22326.7,133960.2
11798,4716,358,7,6847.34,47931.38
11799,4716,54,9,23227.62,209048.58
11800,4716,469,6,56708.83,340252.98
11801,4717,424,10,19392.01,193920.1
11802,4717,427,1,66059.66,66059.66
11803,4718,349,8,86891.64,695133.12
11804,4719,139,5,28949.83,144749.15
11805,4719,250,1,99281.19,99281.19
11806,4719,292,9,35636.2,320725.8
11807,4720,337,4,13879.93,55519.72
11808,4721,407,9,16191.0,145719.0
11809,4722,86,1,80325.35,80325.35
11810,4722,290,7,67565.43,472958.01
11811,4723,424,10,19392.01,193920.1
11812,4723,50,7,94872.11,664104.77
11813,4723,310,6,35677.02,214062.12
11814,4724,17,10,15417.96,154179.6
11815,4724,80,4,87908.32,351633.28
11816,4724,356,8,72913.36,583306.88
11817,4725,129,7,40088.06,280616.42
11818,4725,165,6,88397.98,530387.88
11819,4725,65,9,12214.59,109931.31
11820,4725,421,8,73498.95,587991.6
11821,4726,269,3,52492.79,157478.37
11822,4726,8,4,80606.01,322424.04
11823,4727,164,1,53935.08,53935.08
11824,4727,215,1,20044.98,20044.98
11825,4727,92,9,72515.47,652639.23
11826,4727,212,1,46553.41,46553.41
11827,4728,297,2,57703.22,115406.44
11828,4728,279,9,21838.59,196547.31
11829,4728,14,9,68599.11,617391.99
11830,4729,4,4,64914.3,259657.2
11831,4730,1,6,34752.78,208516.68
11832,4731,234,3,51907.96,155723.88
11833,4731,276,9,48634.14,437707.26
11834,4732,444,3,17097.53,51292.59
11835,4732,269,3,52492.79,157478.37
11836,4732,377,1,19262.81,19262.81
11837,4732,246,4,89134.37,356537.48
11838,4733,233,2,65540.69,131081.38
11839,4734,440,9,19351.31,174161.79
11840,4735,461,7,72496.26,507473.82
11841,4736,482,4,19453.73,77814.92
11842,4736,86,10,80325.35,803253.5
11843,4737,194,3,95760.47,287281.41
11844,4737,484,2,82247.61,164495.22
11845,4737,332,6,57355.27,344131.62
11846,4737,201,5,85213.08,426065.4
11847,4738,179,2,64832.84,129665.68
11848,4739,229,1,39115.26,39115.26
11849,4740,233,3,65540.69,196622.07
11850,4740,376,10,23505.93,235059.3
11851,4741,426,10,64269.94,642699.4
11852,4741,421,5,73498.95,367494.75
11853,4742,340,7,40140.99,280986.93
11854,4742,287,4,44177.72,176710.88
11855,4743,276,4,48634.14,194536.56
11856,4743,394,5,82911.08,414555.4
11857,4743,437,10,53137.57,531375.7
11858,4744,361,7,62001.17,434008.19
11859,4744,452,4,72768.17,291072.68
11860,4745,331,6,85505.45,513032.7
11861,4745,336,6,80664.0,483984.0
11862,4745,138,10,57278.5,572785.0
11863,4745,316,2,1159.06,2318.12
11864,4746,313,3,21074.47,63223.41
11865,4747,482,6,19453.73,116722.38
11866,4747,123,6,93563.17,561379.02
11867,4748,234,3,51907.96,155723.88
11868,4748,433,9,92876.17,835885.53
11869,4748,495,4,25917.91,103671.64
11870,4749,205,9,10454.48,94090.32
11871,4749,336,10,80664.0,806640.0
11872,4749,111,2,47576.8,95153.6
11873,4750,42,6,61640.73,369844.38
11874,4750,340,6,40140.99,240845.94
11875,4750,308,9,29085.31,261767.79
11876,4750,14,8,68599.11,548792.88
11877,4751,107,3,96335.54,289006.62
11878,4751,10,10,25573.87,255738.7
11879,4751,358,7,6847.34,47931.38
11880,4752,140,10,52511.63,525116.3
11881,4753,405,10,58317.16,583171.6
11882,4754,34,10,53218.93,532189.3
11883,4754,220,6,36898.95,221393.7
11884,4754,240,3,71871.62,215614.86
11885,4755,96,8,83983.79,671870.32
11886,4756,141,6,5779.97,34679.82
11887,4757,473,2,13652.81,27305.62
11888,4757,278,9,74907.51,674167.59
11889,4757,42,10,61640.73,616407.3
11890,4758,243,3,16544.0,49632.0
11891,4759,173,5,80380.27,401901.35
11892,4759,401,9,36362.45,327262.05
11893,4759,265,8,42836.19,342689.52
11894,4760,301,1,69572.09,69572.09
11895,4760,132,10,84385.91,843859.1
11896,4760,22,3,70952.86,212858.58
11897,4761,95,9,34902.07,314118.63
11898,4761,283,7,9270.0,64890.0
11899,4761,467,6,92900.99,557405.94
11900,4761,400,9,12653.08,113877.72
11901,4762,454,8,30383.23,243065.84
11902,4763,11,1,82518.93,82518.93
11903,4763,425,9,15836.09,142524.81
11904,4764,183,8,41059.46,328475.68
11905,4765,42,10,61640.73,616407.3
11906,4766,147,6,51336.77,308020.62
11907,4766,443,8,67612.01,540896.08
11908,4766,108,6,56452.09,338712.54
11909,4766,494,3,58508.99,175526.97
11910,4767,170,6,38446.57,230679.42
11911,4767,177,7,67198.35,470388.45
11912,4768,360,9,76617.14,689554.26
11913,4769,218,1,21669.69,21669.69
11914,4769,419,1,82032.15,82032.15
11915,4769,308,2,29085.31,58170.62
11916,4770,356,2,72913.36,145826.72
11917,4770,335,3,80103.73,240311.19
11918,4770,288,4,19877.28,79509.12
11919,4771,439,3,10571.9,31715.7
11920,4771,79,5,36073.98,180369.9
11921,4771,140,10,52511.63,525116.3
11922,4771,361,5,62001.17,310005.85
11923,4772,348,6,38416.56,230499.36
11924,4772,20,2,65712.36,131424.72
11925,4772,3,10,85455.22,854552.2
11926,4772,70,1,772.43,772.43
11927,4773,459,3,23682.92,71048.76
11928,4773,334,5,43505.77,217528.85
11929,4773,230,5,4470.52,22352.6
11930,4773,463,7,59725.5,418078.5
11931,4774,319,6,49335.13,296010.78
11932,4775,353,5,64642.11,323210.55
11933,4775,249,9,94751.76,852765.84
11934,4775,460,8,57263.47,458107.76
11935,4775,82,8,27547.39,220379.12
11936,4776,235,1,40881.3,40881.3
11937,4776,198,9,41559.12,374032.08
11938,4776,125,4,17778.2,71112.8
11939,4777,226,9,93947.94,845531.46
11940,4777,68,10,16457.17,164571.7
11941,4777,343,1,36350.5,36350.5
11942,4778,440,1,19351.31,19351.31
11943,4779,367,7,59287.68,415013.76
11944,4780,137,8,76197.11,609576.88
11945,4780,329,5,34638.1,173190.5
11946,4781,259,1,87836.39,87836.39
11947,4782,456,1,51371.51,51371.51
11948,4782,397,3,66767.78,200303.34
11949,4782,69,3,68976.29,206928.87
11950,4783,8,10,80606.01,806060.1
11951,4783,162,8,22386.22,179089.76
11952,4784,234,7,51907.96,363355.72
11953,4784,128,9,91633.07,824697.63
11954,4784,110,3,33531.28,100593.84
11955,4785,194,6,95760.47,574562.82
11956,4785,177,6,67198.35,403190.1
11957,4785,491,6,74131.29,444787.74
11958,4785,231,3,70521.76,211565.28
11959,4786,261,6,54158.96,324953.76
11960,4786,212,7,46553.41,325873.87
11961,4786,286,9,6217.57,55958.13
11962,4787,13,7,64910.54,454373.78
11963,4787,372,7,509.19,3564.33
11964,4787,490,5,45281.13,226405.65
11965,4788,269,5,52492.79,262463.95
11966,4788,86,9,80325.35,722928.15
11967,4788,337,8,13879.93,111039.44
11968,4788,206,2,32119.7,64239.4
11969,4789,24,1,90699.39,90699.39
11970,4789,27,3,72656.07,217968.21
11971,4790,181,5,7788.18,38940.9
11972,4790,134,6,71581.26,429487.56
11973,4790,208,4,56772.42,227089.68
11974,4791,147,10,51336.77,513367.7
11975,4791,228,9,4759.44,42834.96
11976,4792,70,9,772.43,6951.87
11977,4792,300,5,87673.25,438366.25
11978,4792,136,5,54477.9,272389.5
11979,4793,4,5,64914.3,324571.5
11980,4793,147,6,51336.77,308020.62
11981,4793,419,1,82032.15,82032.15
11982,4793,61,6,70335.89,422015.34
11983,4794,109,1,36652.58,36652.58
11984,4794,392,7,27017.11,189119.77
11985,4794,101,10,22659.3,226593.0
11986,4794,247,6,26196.83,157180.98
11987,4795,437,2,53137.57,106275.14
11988,4796,303,7,68318.67,478230.69
11989,4797,102,9,81801.78,736216.02
11990,4798,439,10,10571.9,105719.0
11991,4798,448,6,76536.34,459218.04
11992,4798,187,6,36091.16,216546.96
11993,4798,336,10,80664.0,806640.0
11994,4799,84,9,13684.9,123164.1
11995,4799,92,2,72515.47,145030.94
11996,4799,295,4,35135.48,140541.92
11997,4800,453,3,52002.13,156006.39
11998,4800,477,5,49042.18,245210.9
11999,4801,316,10,1159.06,11590.6
12000,4802,434,2,80201.48,160402.96
12001,4802,493,2,62492.68,124985.36
12002,4802,456,9,51371.51,462343.59
12003,4802,237,1,50432.78,50432.78
12004,4803,366,7,55080.25,385561.75
12005,4804,357,4,21451.86,85807.44
12006,4804,402,7,23978.6,167850.2
12007,4804,236,1,79369.42,79369.42
12008,4804,151,5,91192.89,455964.45
12009,4805,444,10,17097.53,170975.3
12010,4806,310,2,35677.02,71354.04
12011,4806,80,5,87908.32,439541.6
12012,4806,225,4,18324.95,73299.8
12013,4807,294,5,55184.47,275922.35
12014,4807,395,10,77236.92,772369.2
12015,4807,139,4,28949.83,115799.32
12016,4807,241,5,81211.68,406058.4
12017,4808,200,9,19835.46,178519.14
12018,4808,357,10,21451.86,214518.6
12019,4808,486,4,68693.24,274772.96
12020,4808,265,9,42836.19,385525.71
12021,4809,42,2,61640.73,123281.46
12022,4809,201,9,85213.08,766917.72
12023,4809,324,8,97662.47,781299.76
12024,4809,378,8,39777.83,318222.64
12025,4810,158,9,15793.49,142141.41
12026,4810,496,1,79024.26,79024.26
12027,4810,373,9,29032.84,261295.56
12028,4810,162,5,22386.22,111931.1
12029,4811,42,10,61640.73,616407.3
12030,4811,405,7,58317.16,408220.12
12031,4812,84,8,13684.9,109479.2
12032,4812,372,10,509.19,5091.9
12033,4812,35,1,14167.84,14167.84
12034,4813,441,6,62719.84,376319.04
12035,4814,340,3,40140.99,120422.97
12036,4814,34,7,53218.93,372532.51
12037,4815,190,6,39813.77,238882.62
12038,4816,154,9,96266.29,866396.61
12039,4816,32,5,58241.15,291205.75
12040,4816,72,6,94969.88,569819.28
12041,4816,465,10,35119.06,351190.6
12042,4817,276,8,48634.14,389073.12
12043,4817,391,7,8482.2,59375.4
12044,4817,496,10,79024.26,790242.6
12045,4818,192,2,79778.66,159557.32
12046,4818,290,3,67565.43,202696.29
12047,4818,446,7,99844.14,698908.98
12048,4819,117,1,12514.21,12514.21
12049,4820,266,4,91053.49,364213.96
12050,4820,124,2,92474.9,184949.8
12051,4820,231,9,70521.76,634695.84
12052,4820,444,4,17097.53,68390.12
12053,4821,298,2,50870.69,101741.38
12054,4821,471,3,75407.6,226222.8
12055,4821,158,4,15793.49,63173.96
12056,4822,168,3,67059.38,201178.14
12057,4822,299,4,29778.06,119112.24
12058,4822,368,3,52584.25,157752.75
12059,4823,355,3,17148.15,51444.45
12060,4823,265,5,42836.19,214180.95
12061,4823,29,6,74548.89,447293.34
12062,4824,429,2,19565.86,39131.72
12063,4824,256,7,2147.98,15035.86
12064,4824,40,3,21333.55,64000.65
12065,4825,139,2,28949.83,57899.66
12066,4825,395,5,77236.92,386184.6
12067,4825,107,10,96335.54,963355.4
12068,4825,171,3,26030.76,78092.28
12069,4826,103,1,80225.5,80225.5
12070,4826,69,3,68976.29,206928.87
12071,4826,254,4,92274.02,369096.08
12072,4826,359,2,5855.63,11711.26
12073,4827,132,1,84385.91,84385.91
12074,4827,325,3,31907.3,95721.9
12075,4827,463,9,59725.5,537529.5
12076,4827,490,2,45281.13,90562.26
12077,4828,493,7,62492.68,437448.76
12078,4829,400,8,12653.08,101224.64
12079,4830,119,4,11222.69,44890.76
12080,4830,426,4,64269.94,257079.76
12081,4830,152,5,54888.21,274441.05
12082,4830,141,7,5779.97,40459.79
12083,4831,93,7,52548.77,367841.39
12084,4832,126,6,39046.86,234281.16
12085,4832,371,7,41514.28,290599.96
12086,4833,38,3,49014.29,147042.87
12087,4833,364,10,3342.84,33428.4
12088,4833,207,9,66112.51,595012.59
12089,4834,20,3,65712.36,197137.08
12090,4834,416,2,54590.24,109180.48
12091,4834,88,6,3367.21,20203.26
12092,4834,170,2,38446.57,76893.14
12093,4835,348,4,38416.56,153666.24
12094,4835,328,6,26653.48,159920.88
12095,4835,490,2,45281.13,90562.26
12096,4836,67,7,97325.41,681277.87
12097,4836,333,9,72221.14,649990.26
12098,4836,102,6,81801.78,490810.68
12099,4836,343,1,36350.5,36350.5
12100,4837,374,5,94722.27,473611.35
12101,4837,382,9,41583.94,374255.46
12102,4837,407,6,16191.0,97146.0
12103,4838,199,3,16514.96,49544.88
12104,4838,27,4,72656.07,290624.28
12105,4839,148,3,92685.24,278055.72
12106,4839,336,3,80664.0,241992.0
12107,4839,241,5,81211.68,406058.4
12108,4840,457,6,9881.57,59289.42
12109,4841,412,4,73452.29,293809.16
12110,4841,417,1,86832.35,86832.35
12111,4841,460,7,57263.47,400844.29
12112,4842,493,2,62492.68,124985.36
12113,4843,314,1,35924.72,35924.72
12114,4843,9,5,89600.56,448002.8
12115,4844,336,10,80664.0,806640.0
12116,4844,272,3,25736.46,77209.38
12117,4844,468,8,30825.95,246607.6
12118,4845,433,4,92876.17,371504.68
12119,4845,325,5,31907.3,159536.5
12120,4845,85,1,10819.45,10819.45
12121,4846,19,9,66222.77,596004.93
12122,4846,386,4,96986.76,387947.04
12123,4846,192,4,79778.66,319114.64
12124,4846,215,6,20044.98,120269.88
12125,4847,487,4,74088.37,296353.48
12126,4847,184,9,31982.22,287839.98
12127,4847,206,6,32119.7,192718.2
12128,4848,270,3,65627.34,196882.02
12129,4849,453,10,52002.13,520021.3
12130,4849,108,8,56452.09,451616.72
12131,4849,314,5,35924.72,179623.6
12132,4850,297,6,57703.22,346219.32
12133,4850,287,6,44177.72,265066.32
12134,4850,22,8,70952.86,567622.88
12135,4850,23,4,72791.71,291166.84
12136,4851,465,1,35119.06,35119.06
12137,4851,269,8,52492.79,419942.32
12138,4852,208,7,56772.42,397406.94
12139,4852,323,1,39674.83,39674.83
12140,4853,6,8,47672.67,381381.36
12141,4853,156,6,26791.84,160751.04
12142,4853,129,1,40088.06,40088.06
12143,4854,233,6,65540.69,393244.14
12144,4855,171,7,26030.76,182215.32
12145,4856,178,10,83648.68,836486.8
12146,4856,401,10,36362.45,363624.5
12147,4856,166,1,36399.38,36399.38
12148,4856,265,7,42836.19,299853.33
12149,4857,274,10,75619.7,756197.0
12150,4857,478,8,56336.18,450689.44
12151,4857,204,3,95178.22,285534.66
12152,4858,104,5,44983.28,224916.4
12153,4858,87,3,61326.65,183979.95
12154,4859,130,4,80577.28,322309.12
12155,4860,32,7,58241.15,407688.05
12156,4861,354,10,74915.6,749156.0
12157,4861,33,2,88997.89,177995.78
12158,4862,424,7,19392.01,135744.07
12159,4863,430,4,65963.17,263852.68
12160,4863,434,7,80201.48,561410.36
12161,4863,52,4,99615.82,398463.28
12162,4863,379,6,22448.95,134693.7
12163,4864,391,2,8482.2,16964.4
12164,4865,368,1,52584.25,52584.25
12165,4865,76,3,85298.74,255896.22
12166,4865,427,9,66059.66,594536.94
12167,4866,56,4,12754.62,51018.48
12168,4866,69,3,68976.29,206928.87
12169,4866,418,9,7353.22,66178.98
12170,4866,74,7,45946.75,321627.25
12171,4867,139,1,28949.83,28949.83
12172,4868,326,6,38253.09,229518.54
12173,4868,148,5,92685.24,463426.2
12174,4869,75,10,5482.98,54829.8
12175,4869,134,3,71581.26,214743.78
12176,4870,148,1,92685.24,92685.24
12177,4870,123,3,93563.17,280689.51
12178,4871,354,1,74915.6,74915.6
12179,4871,68,1,16457.17,16457.17
12180,4872,50,4,94872.11,379488.44
12181,4873,230,10,4470.52,44705.2
12182,4873,270,3,65627.34,196882.02
12183,4874,136,4,54477.9,217911.6
12184,4874,340,6,40140.99,240845.94
12185,4875,329,10,34638.1,346381.0
12186,4876,291,4,97576.77,390307.08
12187,4876,50,6,94872.11,569232.66
12188,4876,366,4,55080.25,220321.0
12189,4876,478,3,56336.18,169008.54
12190,4877,499,8,2398.29,19186.32
12191,4877,195,7,14566.7,101966.9
12192,4877,60,3,38335.25,115005.75
12193,4878,458,9,14271.62,128444.58
12194,4878,378,5,39777.83,198889.15
12195,4878,357,7,21451.86,150163.02
12196,4879,410,9,13019.83,117178.47
12197,4879,193,10,96033.36,960333.6
12198,4879,147,8,51336.77,410694.16
12199,4879,29,8,74548.89,596391.12
12200,4880,111,5,47576.8,237884.0
12201,4880,193,1,96033.36,96033.36
12202,4880,36,9,98725.56,888530.04
12203,4881,1,8,34752.78,278022.24
12204,4881,329,1,34638.1,34638.1
12205,4882,201,4,85213.08,340852.32
12206,4883,193,3,96033.36,288100.08
12207,4883,29,8,74548.89,596391.12
12208,4884,466,6,93059.49,558356.94
12209,4884,63,7,62468.38,437278.66
12210,4885,430,2,65963.17,131926.34
12211,4885,371,8,41514.28,332114.24
12212,4885,84,4,13684.9,54739.6
12213,4885,216,7,89264.47,624851.29
12214,4886,301,5,69572.09,347860.45
12215,4886,75,6,5482.98,32897.88
12216,4887,363,4,62834.83,251339.32
12217,4887,231,9,70521.76,634695.84
12218,4887,443,3,67612.01,202836.03
12219,4887,233,5,65540.69,327703.45
12220,4888,485,3,15008.94,45026.82
12221,4888,258,2,47848.98,95697.96
12222,4889,222,3,39980.12,119940.36
12223,4889,86,3,80325.35,240976.05
12224,4889,305,3,63549.35,190648.05
12225,4890,485,4,15008.94,60035.76
12226,4890,272,4,25736.46,102945.84
12227,4891,101,9,22659.3,203933.7
12228,4892,91,4,70604.53,282418.12
12229,4892,370,6,80568.42,483410.52
12230,4892,84,10,13684.9,136849.0
12231,4893,198,3,41559.12,124677.36
12232,4894,349,5,86891.64,434458.2
12233,4894,15,1,98841.92,98841.92
12234,4894,395,2,77236.92,154473.84
12235,4894,298,5,50870.69,254353.45
12236,4895,39,6,63632.65,381795.9
12237,4895,88,3,3367.21,10101.63
12238,4895,160,3,49309.82,147929.46
12239,4896,129,6,40088.06,240528.36
12240,4896,416,7,54590.24,382131.68
12241,4897,346,10,97947.63,979476.3
12242,4897,14,4,68599.11,274396.44
12243,4897,268,10,1044.21,10442.1
12244,4897,341,4,21939.0,87756.0
12245,4898,18,3,80640.27,241920.81
12246,4898,144,10,75482.6,754826.0
12247,4898,213,4,55391.35,221565.4
12248,4899,330,8,21447.98,171583.84
12249,4899,489,5,34655.5,173277.5
12250,4900,181,4,7788.18,31152.72
12251,4901,284,4,8463.95,33855.8
12252,4901,420,4,571.62,2286.48
12253,4901,416,9,54590.24,491312.16
12254,4902,261,6,54158.96,324953.76
12255,4902,330,10,21447.98,214479.8
12256,4902,483,2,77083.29,154166.58
12257,4902,299,10,29778.06,297780.6
12258,4903,175,4,51632.52,206530.08
12259,4904,297,5,57703.22,288516.1
12260,4905,288,10,19877.28,198772.8
12261,4905,247,6,26196.83,157180.98
12262,4905,186,1,75718.08,75718.08
12263,4906,177,8,67198.35,537586.8
12264,4906,415,3,69855.26,209565.78
12265,4907,94,4,43568.37,174273.48
12266,4907,380,1,51902.7,51902.7
12267,4908,247,1,26196.83,26196.83
12268,4909,448,7,76536.34,535754.38
12269,4909,455,10,2659.29,26592.9
12270,4909,36,5,98725.56,493627.8
12271,4909,286,9,6217.57,55958.13
12272,4910,202,5,64645.11,323225.55
12273,4910,349,8,86891.64,695133.12
12274,4910,234,6,51907.96,311447.76
12275,4911,381,2,28825.35,57650.7
12276,4911,318,5,49487.87,247439.35
12277,4912,379,7,22448.95,157142.65
12278,4912,188,6,78795.74,472774.44
12279,4913,285,7,61589.58,431127.06
12280,4914,341,3,21939.0,65817.0
12281,4914,430,8,65963.17,527705.36
12282,4915,383,3,14094.09,42282.27
12283,4916,420,6,571.62,3429.72
12284,4916,67,5,97325.41,486627.05
12285,4916,347,2,67482.69,134965.38
12286,4917,382,1,41583.94,41583.94
12287,4918,182,3,7508.99,22526.97
12288,4918,379,5,22448.95,112244.75
12289,4918,211,2,84090.95,168181.9
12290,4919,217,7,81357.92,569505.44
12291,4919,338,8,72195.75,577566.0
12292,4920,459,10,23682.92,236829.2
12293,4920,331,5,85505.45,427527.25
12294,4920,260,1,9772.4,9772.4
12295,4920,14,6,68599.11,411594.66
12296,4921,155,4,38031.22,152124.88
12297,4921,248,7,60136.07,420952.49
12298,4921,19,5,66222.77,331113.85
12299,4921,128,3,91633.07,274899.21
12300,4922,432,4,71925.6,287702.4
12301,4922,393,3,47279.6,141838.8
12302,4922,167,1,47748.29,47748.29
12303,4923,164,4,53935.08,215740.32
12304,4923,139,3,28949.83,86849.49
12305,4923,436,7,79527.83,556694.81
12306,4923,372,2,509.19,1018.38
12307,4924,113,1,34465.03,34465.03
12308,4924,153,4,29770.68,119082.72
12309,4924,445,8,50716.93,405735.44
12310,4925,177,3,67198.35,201595.05
12311,4926,98,1,84960.13,84960.13
12312,4926,407,10,16191.0,161910.0
12313,4926,62,2,42376.71,84753.42
12314,4927,347,7,67482.69,472378.83
12315,4927,432,9,71925.6,647330.4
12316,4927,480,4,68631.43,274525.72
12317,4928,317,6,84877.05,509262.3
12318,4929,373,2,29032.84,58065.68
12319,4929,496,3,79024.26,237072.78
12320,4930,187,7,36091.16,252638.12
12321,4930,84,5,13684.9,68424.5
12322,4931,145,1,10696.76,10696.76
12323,4931,225,7,18324.95,128274.65
12324,4931,282,8,82413.92,659311.36
12325,4931,238,7,23384.08,163688.56
12326,4932,145,7,10696.76,74877.32
12327,4932,84,4,13684.9,54739.6
12328,4932,260,1,9772.4,9772.4
12329,4933,338,9,72195.75,649761.75
12330,4933,378,2,39777.83,79555.66
12331,4933,16,1,26484.12,26484.12
12332,4933,236,2,79369.42,158738.84
12333,4934,56,3,12754.62,38263.86
12334,4935,430,9,65963.17,593668.53
12335,4935,497,1,46763.6,46763.6
12336,4935,149,6,96600.4,579602.4
12337,4936,311,3,18687.05,56061.15
12338,4936,328,2,26653.48,53306.96
12339,4936,153,2,29770.68,59541.36
12340,4936,483,9,77083.29,693749.61
12341,4937,158,1,15793.49,15793.49
12342,4937,367,1,59287.68,59287.68
12343,4937,301,5,69572.09,347860.45
12344,4937,335,5,80103.73,400518.65
12345,4938,424,1,19392.01,19392.01
12346,4939,225,3,18324.95,54974.85
12347,4940,353,5,64642.11,323210.55
12348,4940,37,10,31980.15,319801.5
12349,4941,16,10,26484.12,264841.2
12350,4941,146,10,74370.07,743700.7
12351,4942,9,7,89600.56,627203.92
12352,4942,366,5,55080.25,275401.25
12353,4943,455,5,2659.29,13296.45
12354,4944,67,2,97325.41,194650.82
12355,4945,235,1,40881.3,40881.3
12356,4946,351,2,8371.64,16743.28
12357,4946,496,1,79024.26,79024.26
12358,4946,106,6,55135.33,330811.98
12359,4947,403,2,17152.36,34304.72
12360,4947,5,6,65332.94,391997.64
12361,4947,112,9,11845.32,106607.88
12362,4948,282,7,82413.92,576897.44
12363,4948,163,1,78732.69,78732.69
12364,4948,20,7,65712.36,459986.52
12365,4948,199,8,16514.96,132119.68
12366,4949,332,2,57355.27,114710.54
12367,4949,60,5,38335.25,191676.25
12368,4949,137,9,76197.11,685773.99
12369,4950,177,2,67198.35,134396.7
12370,4950,480,6,68631.43,411788.58
12371,4951,11,5,82518.93,412594.65
12372,4951,291,3,97576.77,292730.31
12373,4951,180,8,46192.91,369543.28
12374,4951,62,8,42376.71,339013.68
12375,4952,351,3,8371.64,25114.92
12376,4953,176,4,53553.98,214215.92
12377,4954,59,2,5299.39,10598.78
12378,4954,54,2,23227.62,46455.24
12379,4954,494,2,58508.99,117017.98
12380,4954,172,7,91177.92,638245.44
12381,4955,443,8,67612.01,540896.08
12382,4955,372,2,509.19,1018.38
12383,4956,107,10,96335.54,963355.4
12384,4956,385,4,19185.05,76740.2
12385,4956,190,5,39813.77,199068.85
12386,4957,19,7,66222.77,463559.39
12387,4958,332,7,57355.27,401486.89
12388,4959,6,8,47672.67,381381.36
12389,4959,324,3,97662.47,292987.41
12390,4959,131,6,70151.42,420908.52
12391,4960,111,1,47576.8,47576.8
12392,4960,63,8,62468.38,499747.04
12393,4960,435,4,74476.01,297904.04
12394,4961,460,1,57263.47,57263.47
12395,4961,39,8,63632.65,509061.2
12396,4961,96,3,83983.79,251951.37
12397,4961,75,6,5482.98,32897.88
12398,4962,280,5,61595.52,307977.6
12399,4963,417,3,86832.35,260497.05
12400,4963,371,5,41514.28,207571.4
12401,4963,383,1,14094.09,14094.09
12402,4964,369,10,90937.85,909378.5
12403,4964,406,7,15921.7,111451.9
12404,4964,18,10,80640.27,806402.7
12405,4964,379,3,22448.95,67346.85
12406,4965,393,4,47279.6,189118.4
12407,4965,484,7,82247.61,575733.27
12408,4965,118,1,45976.08,45976.08
12409,4966,345,1,20296.33,20296.33
12410,4967,401,10,36362.45,363624.5
12411,4967,39,2,63632.65,127265.3
12412,4968,396,10,20318.4,203184.0
12413,4968,31,10,85195.78,851957.8
12414,4968,14,9,68599.11,617391.99
12415,4969,85,10,10819.45,108194.5
12416,4970,483,10,77083.29,770832.9
12417,4970,363,3,62834.83,188504.49
12418,4970,57,3,87716.14,263148.42
12419,4970,406,9,15921.7,143295.3
12420,4971,440,2,19351.31,38702.62
12421,4971,461,6,72496.26,434977.56
12422,4971,157,10,1061.69,10616.9
12423,4971,376,5,23505.93,117529.65
12424,4972,410,5,13019.83,65099.15
12425,4972,183,4,41059.46,164237.84
12426,4973,363,1,62834.83,62834.83
12427,4973,170,3,38446.57,115339.71
12428,4973,421,7,73498.95,514492.65
12429,4974,134,4,71581.26,286325.04
12430,4974,331,9,85505.45,769549.05
12431,4974,89,7,92079.6,644557.2
12432,4974,246,10,89134.37,891343.7
12433,4975,431,9,25965.88,233692.92
12434,4975,224,2,75842.0,151684.0
12435,4975,458,2,14271.62,28543.24
12436,4975,143,1,15069.62,15069.62
12437,4976,36,3,98725.56,296176.68
12438,4976,488,10,86940.86,869408.6
12439,4976,393,3,47279.6,141838.8
12440,4977,76,1,85298.74,85298.74
12441,4977,420,7,571.62,4001.34
12442,4977,139,8,28949.83,231598.64
12443,4977,97,8,1658.66,13269.28
12444,4978,317,7,84877.05,594139.35
12445,4978,265,8,42836.19,342689.52
12446,4978,120,8,12760.31,102082.48
12447,4978,340,9,40140.99,361268.91
12448,4979,6,8,47672.67,381381.36
12449,4980,262,3,42358.06,127074.18
12450,4981,492,10,52564.96,525649.6
12451,4981,28,4,65616.25,262465.0
12452,4981,258,6,47848.98,287093.88
12453,4982,367,4,59287.68,237150.72
12454,4983,381,2,28825.35,57650.7
12455,4983,391,6,8482.2,50893.2
12456,4984,296,3,60833.16,182499.48
12457,4984,92,4,72515.47,290061.88
12458,4984,29,7,74548.89,521842.23
12459,4984,288,7,19877.28,139140.96
12460,4985,425,7,15836.09,110852.63
12461,4986,9,8,89600.56,716804.48
12462,4986,43,3,43188.03,129564.09
12463,4987,376,3,23505.93,70517.79
12464,4987,60,7,38335.25,268346.75
12465,4987,348,7,38416.56,268915.92
12466,4988,452,9,72768.17,654913.53
12467,4989,487,2,74088.37,148176.74
12468,4989,301,2,69572.09,139144.18
12469,4989,217,1,81357.92,81357.92
12470,4989,398,9,68303.51,614731.59
12471,4990,1,10,34752.78,347527.8
12472,4990,345,1,20296.33,20296.33
12473,4990,123,10,93563.17,935631.7
12474,4991,338,8,72195.75,577566.0
12475,4991,336,7,80664.0,564648.0
12476,4992,111,9,47576.8,428191.2
12477,4992,388,7,23664.64,165652.48
12478,4992,211,4,84090.95,336363.8
12479,4992,11,4,82518.93,330075.72
12480,4993,418,10,7353.22,73532.2
12481,4993,299,6,29778.06,178668.36
12482,4994,201,7,85213.08,596491.56
12483,4995,330,6,21447.98,128687.88
12484,4995,253,6,66135.05,396810.3
12485,4995,220,1,36898.95,36898.95
12486,4995,5,9,65332.94,587996.46
12487,4996,333,1,72221.14,72221.14
12488,4997,426,10,64269.94,642699.4
12489,4997,472,1,22597.52,22597.52
12490,4997,25,9,30369.39,273324.51
12491,4998,23,10,72791.71,727917.1
12492,4998,214,3,84258.4,252775.2
12493,4999,25,10,30369.39,303693.9
12494,4999,355,9,17148.15,154333.35
12495,4999,364,1,3342.84,3342.84
12496,5000,500,7,97989.39,685925.73
12497,5000,494,5,58508.99,292544.95
12498,5000,190,5,39813.77,199068.85
